ATAre_2_1G44510	At1g48850	100	4.05e-315	848	2190	436	437	436
ATAre_2_1G44510	At1g48860	84.4	2.74e-11	61.2	147	436	522	45
ATAre_2_1G69160	At1g77490	99.5	4.66e-309	832	2148	426	427	426
ATAre_2_1G66690	At1g74880	98.1	5.28e-106	296	757	158	159	158
ATAre_2_1G22020	At1g13280	99.2	1.49e-174	492	1266	618	255	254
ATAre_2_1G12040	At1g03130	100	5.83e-146	400	1029	204	205	204
ATAre_2_1G12040	At4g02770	93.3	7.76e-136	375	963	204	209	208
ATAre_2_1G19500	At1g10700	99.3	2.16e-295	796	2055	411	412	411
ATAre_2_1G18560	At1g09795	99.8	6.92e-293	790	2039	413	414	413
ATAre_2_1G18560	At1g58080	83.4	2.00e-234	642	1655	413	412	391
ATAre_2_1G50490	At1g54350	97.5	0.0	1341	3471	714	707	715
ATAre_2_1G59470	At1g67280	98.3	9.64e-262	706	1821	353	351	353
ATAre_2_1G59470	GRMZM2G076006_T02.CDS	84.9	1.80e-185	513	1320	353	348	284
ATAre_2_1G59470	GRMZM2G076006_T03.CDS	80.4	2.93e-95	280	716	353	249	158
ATAre_2_1G59470	GRMZM2G076006_T01.CDS	88.0	8.48e-55	171	433	353	94	92
ATAre_2_1G64450	At1g72520	99.9	0.0	1840	4765	926	927	926
ATAre_2_1G64450	At1g17420	83.1	0.0	1546	4004	926	920	927
ATAre_2_1G14430	At1g05610	97.9	0.0	919	2375	476	483	482
ATAre_2_1G38570	At1g32200	99.3	0.0	889	2297	459	460	459
ATAre_2_1G57410	At1g64970	99.4	1.82e-246	667	1720	348	349	348
ATAre_2_1G54250	At1g61680	98.6	0.0	1110	2870	569	570	569
ATAre_2_1G63850	AT1G71920	99.8	1.33e-308	830	2143	417	418	417
ATAre_2_1G63850	At1g71920	99.8	1.33e-308	830	2143	417	418	417
ATAre_2_1G63850	AT5G10330	99.8	1.33e-308	830	2143	417	418	417
ATAre_2_1G63850	At5g10330	99.8	1.33e-308	830	2143	417	418	417
ATAre_2_1G21700	At1g12900	99.7	5.73e-286	773	1995	399	442	399
ATAre_2_1G21700	At3g26650	89.8	8.10e-259	702	1812	399	397	400
ATAre_2_1G27050	At1g18500	99.5	0.0	1215	3143	630	632	631
ATAre_2_1G27050	At1g74040	86.3	0.0	1051	2718	630	632	634
ATAre_2_1G42130	At1g43800	99.0	1.81e-286	771	1992	391	392	391
ATAre_2_1G61870	At1g69740	100	3.30e-311	837	2163	430	431	430
ATAre_2_1G29660	At1g77060	82.5	3.22e-198	544	1401	336	340	338
ATAre_2_1G22830	At1g14150	98.9	1.34e-135	373	958	190	191	190
ATAre_2_1G17300	At1g08510	100	1.28e-308	829	2142	412	413	412
ATAre_2_1G38750	At1g32380	99.5	1.22e-284	768	1982	400	401	400
ATAre_2_1G38750	At2g35390	86.8	6.43e-251	682	1761	400	404	403
ATAre_2_1G38750	At2g44530	81.7	2.63e-206	569	1467	400	395	350
ATAre_2_1G62840	At1g70760	100	8.09e-142	389	999	191	192	191
ATAre_2_1G38810	At1g32440	99.3	0.0	1088	2814	571	572	571
ATAre_2_1G25780	At1g17160	99.2	2.29e-267	722	1864	379	380	379
ATAre_2_1G17040	At1g08250	100	1.52e-296	799	2063	413	414	413
ATAre_2_1G17040	At2g27820	84.4	2.77e-228	627	1616	413	425	391
ATAre_2_1G30620	At1g22410	100	0.0	1042	2695	527	528	527
ATAre_2_1G30620	At4g39980	85.7	3.78e-292	797	2059	527	526	453
ATAre_2_1G30620	At4g33510	85.0	2.14e-289	790	2039	527	508	448
ATAre_2_1G10090	At1g01090	100	1.25e-314	846	2185	428	429	428
ATAre_2_1G41260	At1g36280	99.6	0.0	1019	2635	529	528	529
ATAre_2_1G41260	At4g18440	87.9	0.0	906	2341	529	537	536
ATAre_2_1G72210	At1g80560	100	1.38e-288	778	2009	405	406	405
ATAre_2_1G72210	At1g31180	85.6	7.82e-248	676	1743	405	420	403
ATAre_2_1G72210	At5g14200	84.8	6.29e-247	673	1736	405	410	409
ATAre_2_1G51920	At1g58080	99.8	6.18e-295	795	2052	411	412	411
ATAre_2_1G51920	At1g09795	82.9	1.55e-231	634	1636	411	414	391
ATAre_2_1G36470	At1g29900	100	0.0	2316	6001	1187	1188	1187
ATAre_2_1G66330	At1g74470	100	0.0	923	2385	467	468	467
ATAre_2_1G37710	At1g31190	99.7	2.81e-273	736	1901	371	372	371
ATAre_2_1G24660	At1g15980	99.8	0.0	921	2381	461	462	461
ATAre_2_1G57740	At1g65410	100	9.72e-215	586	1511	344	346	298
ATAre_2_1G57740	GRMZM5G868168_T02.CDS	84.3	1.88e-130	368	944	344	218	216
ATAre_2_1G24940	At1g16300	100	4.25e-302	813	2101	420	421	420
ATAre_2_1G24940	At1g79530	86.9	3.31e-256	697	1800	420	423	421
ATAre_2_1G14920	At1g06130	99.1	3.81e-244	659	1701	331	332	331
ATAre_2_1G67110	At1g75330	100	3.53e-269	726	1875	375	376	375
ATAre_2_1G37740	At1g31230	99.6	0.0	1763	4565	911	912	911
ATAre_2_1G37740	At4g19710	81.0	0.0	1379	3570	911	917	849
ATAre_2_1G12490	At1g03630	100	4.81e-287	774	1998	401	402	401
ATAre_2_1G37730	At1g31220	98.3	6.07e-210	570	1468	292	293	292
ATAre_2_1G71390	At1g79750	99.7	0.0	1257	3252	1305	647	643
ATAre_2_1G72240	At1g80600	100	0.0	886	2290	457	458	457
ATAre_2_1G70700	At1g79040	100	2.26e-96	270	690	140	141	140
ATAre_2_1G31790	At1g23740	98.4	1.38e-267	723	1867	386	387	386
ATAre_2_1G66530	At1g74710	99.8	0.0	1061	2743	569	623	552
ATAre_2_1G49870	At1g55670	99.4	2.71e-109	304	779	160	161	160
ATAre_2_1G70050	At1g78390	99.7	0.0	1214	3141	607	658	607
ATAre_2_1G18160	At1g09420	94.5	0.0	1191	3082	606	636	635
ATAre_2_1G42390	At1g44446	99.8	0.0	1094	2829	536	537	536
ATAre_2_1G71160	At1g79530	100	1.73e-302	815	2104	422	423	422
ATAre_2_1G71160	At1g16300	86.9	6.70e-256	697	1798	422	421	421
ATAre_2_1G36060	At1g07780	82.4	7.86e-155	432	1110	342	276	279
ATAre_2_1G36060	At5g05590	82.1	2.25e-154	431	1107	342	276	279
ATAre_2_1G36060	At1g29410	99.1	3.84e-150	419	1076	342	245	217
ATAre_2_1G27260	At1g18730	98.9	7.33e-128	352	904	175	176	175
ATAre_2_1G26330	At1g17745	95.5	0.0	1153	2983	624	652	651
ATAre_2_1G24380	At1g15710	99.7	9.16e-260	701	1809	354	359	349
ATAre_2_1G59330	At1g67090	100	5.13e-135	371	952	180	181	180
ATAre_2_1G59330	At5g38430	93.3	3.72e-126	348	894	180	182	179
ATAre_2_1G59330	At5g38420	91.6	2.51e-124	344	882	180	182	179
ATAre_2_1G59330	At5g38410	89.1	3.36e-121	336	862	180	187	184
ATAre_2_1G59750	At1g67560	99.1	0.0	1828	4735	917	918	917
ATAre_2_1G28380	At1g20020	100	5.91e-274	738	1905	369	370	369
ATAre_2_1G15470	At1g06680	99.6	3.43e-181	494	1273	263	264	263
ATAre_2_1G64710	At1g72810	100	0.0	1035	2677	516	517	516
ATAre_2_1G64710	At4g29840	81.8	4.21e-298	812	2097	516	527	500
ATAre_2_1G45660	GRMZM2G126361_T01.CDS	91.1	0.0	1075	2779	716	689	605
ATAre_2_1G45660	GRMZM2G126361_T02.CDS	91.1	0.0	1075	2779	716	689	605
ATAre_2_1G45660	GRMZM2G126361_T03.CDS	85.7	3.20e-152	443	1140	716	379	265
ATAre_2_1G40350	At1g34430	98.7	9.05e-310	837	2161	462	466	465
ATAre_2_1G40730	At1g35290	97.8	8.88e-131	360	925	179	190	179
ATAre_2_1G55090	At1g62640	99.8	8.78e-296	796	2056	404	405	404
ATAre_2_1G40710	At1g35250	93.6	4.08e-129	356	914	179	189	188
ATAre_2_1G37830	At1g31330	100	1.36e-157	431	1109	221	222	221
ATAre_2_1G60490	At1g68280	95.3	4.97e-131	362	928	188	193	192
ATAre_2_1G60490	At1g68260	84.6	2.23e-113	317	812	188	191	188
ATAre_2_1G32910	At1g25410	98.2	5.65e-247	667	1722	342	343	342
ATAre_2_1G36680	At1g30120	99.8	6.46e-299	804	2077	406	407	406
ATAre_2_1G36680	At2g34590	92.0	2.37e-269	729	1883	406	407	411
ATAre_2_1G38440	At1g32070	99.2	3.27e-174	476	1226	257	259	258
ATAre_2_1G72030	At1g80380	99.6	0.0	916	2367	456	457	456
ATAre_2_1G38430	At1g32060	100	2.40e-293	789	2038	395	396	395
ATAre_2_1G38430	GRMZM2G162529_T02.CDS	89.5	1.59e-234	641	1653	395	406	351
ATAre_2_1G38430	GRMZM2G026024_T02.CDS	90.1	1.18e-227	630	1626	395	583	343
ATAre_2_1G38430	GRMZM2G463280_T02.CDS	80.4	8.19e-208	572	1475	395	382	347
ATAre_2_1G38430	GRMZM2G162529_T01.CDS	84.6	2.61e-25	94.0	232	395	61	52
ATAre_2_1G32340	At1g24280	100	0.0	1182	3058	599	600	599
ATAre_2_1G32340	At5g13110	88.1	0.0	990	2559	599	597	572
ATAre_2_1G32340	GRMZM2G177077_T01.CDS	87.3	0.0	878	2268	599	599	488
ATAre_2_1G41770	At1g42970	99.8	0.0	876	2263	447	448	447
ATAre_2_1G59930	At1g67740	100	2.83e-100	284	726	189	190	189
ATAre_2_1G12360	At1g03475	100	1.51e-296	796	2057	386	387	386
ATAre_2_1G31510	At1g23360	95.2	4.99e-187	509	1312	271	262	271
ATAre_2_1G68750	At1g77060	100	1.43e-243	659	1699	339	340	339
ATAre_2_1G49090	At1g54130	99.4	0.0	1389	3595	715	716	715
ATAre_2_1G19630	At1g10830	100	2.21e-268	724	1868	367	368	367
ATAre_2_1G47350	At1g52230	100	1.83e-102	286	731	145	146	145
ATAre_2_1G47350	At3g16140	91.7	1.82e-93	263	672	145	146	145
ATAre_2_1G26460	A0A7G2DUG9	98.3	0.0	954	2465	573	963	521
ATAre_2_1G69730	At1g78050	100	8.91e-239	646	1666	332	333	332
ATAre_2_1G32420	At1g24360	99.7	1.05e-219	597	1538	319	320	319
ATAre_2_1G32420	GRMZM2G043602_T02.CDS	80.1	4.31e-120	341	874	319	226	216
ATAre_2_1G65870	At1g74030	99.4	0.0	932	2408	477	478	477
ATAre_2_1G56370	At1g63970	99.6	9.52e-163	445	1145	231	232	231
ATAre_2_1G17340	At1g08550	99.6	0.0	881	2276	462	463	462
ATAre_2_1G50680	At1g54570	99.4	0.0	1381	3574	704	705	704
ATAre_2_1G39140	At1g32900	99.7	0.0	1208	3126	610	611	610
ATAre_2_1G45610	At1g50170	100	1.31e-166	454	1169	225	226	225
ATAre_2_1G17310	At1g08520	99.5	0.0	1339	3466	760	761	760
ATAre_2_1G17310	GRMZM2G043453_T01.CDS	83.1	0.0	1056	2730	760	756	739
ATAre_2_1G17310	GRMZM2G043453_T02.CDS	82.1	0.0	937	2422	760	693	671
ATAre_2_1G17160	At1g08380	100	3.09e-103	287	735	140	141	140
ATAre_2_1G65880	At1g74040	99.5	0.0	1215	3143	631	632	631
ATAre_2_1G65880	At1g18500	86.3	0.0	1053	2724	631	632	634
ATAre_2_1G15250	GRMZM2G110408_T01.CDS	83.2	0.0	1059	2738	685	678	677
ATAre_2_1G15250	GRMZM2G110408_T02.CDS	83.2	0.0	1059	2738	685	678	677
ATAre_2_1G15250	GRMZM2G110408_T03.CDS	83.2	0.0	1059	2738	685	678	677
ATAre_2_1G15250	GRMZM2G087598_T02.CDS	85.6	0.0	1052	2721	685	678	648
ATAre_2_1G15250	GRMZM2G087598_T01.CDS	85.6	0.0	1052	2721	685	678	648
ATAre_2_1G42410	At1g44575	100	2.74e-188	513	1320	265	266	265
ATAre_2_1G17280	At1g08490	100	0.0	908	2346	463	464	463
ATAre_2_1G50420	At1g56190	99.6	0.0	898	2320	478	479	478
ATAre_2_1G50420	At3g12780	90.2	1.83e-301	817	2110	478	482	481
ATAre_2_1G30400	At1g22170	99.1	2.01e-236	640	1651	334	335	334
ATAre_2_1G30400	At1g78050	83.8	1.05e-166	464	1193	334	333	284
ATAre_2_1G56340	At1g63940	99.4	0.0	948	2450	486	494	486
ATAre_2_1G61950	At1g69830	95.0	0.0	1730	4480	900	888	900
ATAre_2_1G28190	At1g19800	100	3.43e-252	681	1758	350	351	350
ATAre_2_1G52110	At1g58290	100	0.0	1031	2666	543	544	543
ATAre_2_1G52110	At1g09940	81.0	6.95e-298	813	2099	543	531	542
ATAre_2_1G58710	At1g66430	99.7	5.25e-273	737	1902	383	385	384
ATAre_2_1G54660	At1g62180	98.2	0.0	876	2264	454	455	454
ATAre_2_1G36910	At1g30380	100	2.62e-88	249	635	130	131	130
ATAre_2_1G18620	At1g09830	98.1	0.0	971	2509	532	533	532
ATAre_2_1G44520	At1g48860	98.7	0.0	988	2555	521	522	521
ATAre_2_1G44520	At2g45300	93.3	0.0	889	2296	521	521	491
ATAre_2_1G44520	At1g48850	88.6	8.01e-12	63.2	152	521	437	44
ATAre_2_2G21950	At2g22230	99.5	1.92e-152	418	1075	220	221	220
ATAre_2_2G21950	At5g10160	80.0	1.54e-105	300	767	220	220	195
ATAre_2_2G16110	At2g15620	99.7	0.0	1160	3002	586	587	586
ATAre_2_2G25890	At2g26670	100	6.78e-202	548	1413	282	283	282
ATAre_2_2G25890	At1g69720	85.2	3.67e-140	392	1008	282	286	230
ATAre_2_2G20520	At2g20690	98.5	9.48e-191	519	1337	267	272	266
ATAre_2_2G46420	At2g47730	98.9	3.68e-178	487	1253	262	264	263
ATAre_2_2G18910	At2g18950	99.7	5.22e-268	725	1872	399	394	381
ATAre_2_2G21200	At2g21330	99.7	7.11e-288	776	2003	399	400	399
ATAre_2_2G21200	At4g38970	89.7	6.84e-256	695	1793	399	399	397
ATAre_2_2G43950	At2g45150	99.5	2.25e-285	770	1989	391	431	391
ATAre_2_2G37860	At2g39080	93.0	6.26e-249	674	1739	370	352	370
ATAre_2_2G17340	At2g17265	99.7	1.33e-250	679	1752	370	371	370
ATAre_2_2G43320	At2g44530	100	8.32e-289	778	2008	394	395	394
ATAre_2_2G43320	At1g32380	81.7	3.17e-207	572	1473	394	401	350
ATAre_2_2G22110	At2g22450	98.3	0.0	914	2361	476	477	476
ATAre_2_2G40880	At2g42070	99.6	3.13e-206	559	1441	280	281	280
ATAre_2_2G19810	At2g19940	99.0	3.04e-292	787	2032	401	401	401
ATAre_2_2G22520	At2g22890	98.6	2.92e-215	582	1500	279	280	279
ATAre_2_2G41940	At2g43090	100	7.23e-177	483	1242	251	252	251
ATAre_2_2G44220	At2g45440	100	3.86e-277	746	1925	365	366	365
ATAre_2_2G44220	At3g60880	87.7	1.95e-245	665	1717	365	366	365
ATAre_2_2G38040	At2g39290	99.7	1.61e-191	523	1348	296	297	296
ATAre_2_2G21420	At2g21590	99.6	0.0	1045	2702	523	524	523
ATAre_2_2G21420	At4g39210	83.9	0.0	882	2280	523	522	523
ATAre_2_2G21030	At2g21170	99.7	5.07e-225	610	1572	315	316	315
ATAre_2_2G42870	At2g44050	98.1	9.19e-137	401	1030	818	228	215
ATAre_2_2G40470	At2g41680	99.8	0.0	982	2539	529	530	529
ATAre_2_2G36840	At2g38040	99.6	0.0	1305	3376	771	770	771
ATAre_2_2G18600	At2g18620	99.4	1.32e-243	659	1701	347	348	347
ATAre_2_2G18600	At4g36810	82.9	2.46e-173	483	1242	347	372	298
ATAre_2_2G33490	At2g34590	99.8	4.18e-295	795	2052	406	407	406
ATAre_2_2G33490	At1g30120	91.5	9.23e-267	723	1866	406	407	411
ATAre_2_2G30170	At2g31250	99.8	0.0	996	2574	1151	525	523
ATAre_2_2G28640	At2g29630	99.8	0.0	1319	3414	644	645	644
ATAre_2_2G13680	At2g05710	99.7	0.0	1960	5077	990	991	990
ATAre_2_2G13680	GRMZM2G020801_T01.CDS	88.8	0.0	1446	3744	990	798	793
ATAre_2_2G14030	At2g06520	100	2.76e-72	207	527	116	117	116
ATAre_2_2G17660	At2g17630	98.8	1.55e-305	822	2124	422	423	422
ATAre_2_2G17660	At4g35630	85.4	1.91e-269	731	1888	422	431	432
ATAre_2_2G42570	At2g43750	100	7.49e-275	742	1916	392	393	392
ATAre_2_2G42570	GRMZM2G082185_T01.CDS	81.7	3.81e-193	536	1380	392	399	333
ATAre_2_2G20080	At2g20260	97.2	1.42e-81	233	594	145	146	145
ATAre_2_2G29860	GRMZM2G087598_T02.CDS	86.6	0.0	1064	2752	695	678	641
ATAre_2_2G29860	GRMZM2G087598_T01.CDS	86.6	0.0	1064	2752	695	678	641
ATAre_2_2G29860	GRMZM2G110408_T01.CDS	86.6	0.0	1063	2749	695	678	641
ATAre_2_2G29860	GRMZM2G110408_T02.CDS	86.6	0.0	1063	2749	695	678	641
ATAre_2_2G29860	GRMZM2G110408_T03.CDS	86.6	0.0	1063	2749	695	678	641
ATAre_2_2G29860	GRMZM2G087598_T03.CDS	85.2	4.67e-09	48.9	115	695	47	27
ATAre_2_2G40050	At2g41220	99.9	0.0	3206	8312	1629	1630	1629
ATAre_2_2G29500	At2g30570	100	4.47e-86	243	621	133	134	133
ATAre_2_2G33930	At2g35040	99.7	0.0	1174	3037	596	597	596
ATAre_2_2G44090	At2g45290	100	0.0	1476	3822	741	742	741
ATAre_2_2G44090	At3g60750	88.8	0.0	1327	3434	741	742	741
ATAre_2_2G42530	At2g43710	99.8	6.47e-301	809	2089	401	402	401
ATAre_2_2G42530	At3g02630	80.8	3.26e-217	597	1539	401	397	354
ATAre_2_2G42530	At5g16240	80.2	5.25e-211	581	1498	401	395	349
ATAre_2_2G30090	At2g31170	100	0.0	1122	2902	563	564	563
ATAre_2_2G36500	At2g37690	96.9	0.0	1213	3138	642	643	642
ATAre_2_2G24420	At2g25080	97.5	4.36e-166	454	1168	236	237	236
ATAre_2_2G45530	At2g46820	100	1.25e-114	319	817	174	175	174
ATAre_2_2G41950	At2g43100	99.6	2.33e-180	492	1266	256	257	256
ATAre_2_2G42860	At2g44040	99.1	1.72e-242	656	1693	341	348	341
ATAre_2_2G42860	At3g59890	84.6	5.34e-203	556	1434	341	350	344
ATAre_2_2G21970	At2g22250	99.8	0.0	900	2325	475	476	475
ATAre_2_2G21970	AT2G22250	99.8	0.0	900	2325	475	476	475
ATAre_2_2G44100	At2g45300	99.8	0.0	1003	2593	520	521	520
ATAre_2_2G44100	At1g48860	96.4	0.0	888	2294	520	522	473
ATAre_2_2G28020	At2g28880	97.7	0.0	1814	4698	919	920	919
ATAre_2_2G13810	At2g05990	99.2	1.92e-276	746	1926	390	391	390
ATAre_2_2G15590	At2g14750	99.6	2.57e-203	551	1421	276	277	276
ATAre_2_2G39330	At2g40490	100	1.27e-283	764	1974	394	395	394
ATAre_2_2G27930	GRMZM2G110063_T02.CDS	84.6	8.94e-144	409	1052	462	298	240
ATAre_2_2G22150	At2g22480	99.4	0.0	1019	2635	1043	538	512
ATAre_2_2G34260	At2g35390	100	4.31e-291	784	2025	403	404	403
ATAre_2_2G34260	At1g32380	86.8	7.89e-252	685	1767	403	401	403
ATAre_2_2G38240	At2g39470	99.6	7.60e-177	481	1239	238	239	238
ATAre_2_2G28700	At2g29690	99.5	0.0	1231	3184	621	622	621
ATAre_2_2G39120	At2g40300	100	4.87e-179	489	1258	259	260	259
ATAre_2_2G25770	At2g26540	100	2.27e-215	586	1510	321	322	321
ATAre_2_2G27340	At2g28190	92.6	2.59e-139	385	988	216	217	216
ATAre_2_2G16700	At2g16570	100	0.0	1112	2875	566	567	566
ATAre_2_2G16700	At4g34740	84.6	0.0	910	2352	566	562	571
ATAre_2_2G29150	At2g30200	99.7	4.61e-249	676	1744	367	394	367
ATAre_2_2G25140	At2g25840	98.5	6.92e-296	797	2058	408	413	412
ATAre_2_2G18690	GRMZM5G809546_T01.CDS	82.7	1.32e-277	763	1969	551	554	479
ATAre_2_2G11420	At2g02500	94.5	1.79e-202	552	1422	309	303	309
ATAre_2_2G10140	At2g01140	100	8.58e-285	767	1981	391	392	391
ATAre_2_2G10140	At2g21330	80.1	1.82e-205	567	1461	391	400	351
ATAre_2_2G30280	At1g06130	83.6	3.45e-204	558	1438	324	332	329
ATAre_2_2G27000	At2g27820	99.5	3.75e-298	804	2076	424	425	424
ATAre_2_2G27000	At1g08250	85.3	3.66e-224	616	1589	424	414	388
ATAre_2_2G26130	At2g26930	100	4.04e-279	752	1942	383	384	383
ATAre_2_3G40710	At3g44880	98.7	0.0	1100	2844	537	538	537
ATAre_2_3G13840	At3g04790	100	8.48e-193	525	1352	276	277	276
ATAre_2_3G58120	At3g63410	100	9.90e-257	692	1785	338	338	338
ATAre_2_3G58120	AT3G63410	100	1.03e-256	692	1785	338	339	338
ATAre_2_3G18800	At3g10050	100	0.0	1160	3002	592	593	592
ATAre_2_3G53780	At3g58830	100	7.89e-242	655	1689	343	349	343
ATAre_2_3G32100	At3g22960	99.8	0.0	1118	2893	596	597	596
ATAre_2_3G30650	At3g21500	98.3	1.11e-118	347	891	193	678	176
ATAre_2_3G52660	At3g57610	100	0.0	975	2521	490	491	490
ATAre_2_3G49800	At3g54640	99.7	2.90e-218	592	1527	312	313	312
ATAre_2_3G16870	At3g07630	99.0	1.51e-273	738	1905	381	382	381
ATAre_2_3G49820	At3g54660	99.8	0.0	1117	2889	595	566	565
ATAre_2_3G23550	At3g14550	99.4	1.91e-254	688	1775	360	361	360
ATAre_2_3G23550	At3g14530	94.2	6.41e-237	644	1660	360	361	360
ATAre_2_3G23550	At3g29430	87.2	1.22e-215	590	1520	360	358	360
ATAre_2_3G23550	At3g32040	84.4	4.32e-212	581	1497	360	361	360
ATAre_2_3G23550	At3g14510	92.8	2.92e-180	497	1280	360	285	277
ATAre_2_3G11710	At3g02630	99.5	2.32e-296	797	2058	396	397	396
ATAre_2_3G11710	At5g16240	85.2	9.21e-250	679	1752	396	395	399
ATAre_2_3G47040	At3g51820	97.6	1.23e-271	735	1898	424	388	376
ATAre_2_3G10220	At3g01180	99.6	0.0	1555	4027	792	793	792
ATAre_2_3G32990	At3g23920	99.7	0.0	1182	3057	575	576	575
ATAre_2_3G24920	At3g15850	100	6.79e-290	778	2010	371	372	371
ATAre_2_3G33010	At3g23940	100	0.0	1207	3122	608	609	608
ATAre_2_3G31570	At3g22425	100	3.45e-189	515	1327	270	271	270
ATAre_2_3G31570	At4g14910	81.5	7.71e-142	397	1020	270	309	260
ATAre_2_3G48800	At3g53580	99.7	3.14e-270	728	1879	362	363	362
ATAre_2_3G45000	At3g49680	99.3	3.20e-298	803	2074	413	414	413
ATAre_2_3G28570	At3g19480	100	0.0	1061	2744	588	589	588
ATAre_2_3G28570	At4g34200	81.0	6.31e-312	853	2204	588	604	543
ATAre_2_3G34610	At3g25780	100	6.23e-186	506	1303	258	259	258
ATAre_2_3G12690	At3g03630	95.5	5.72e-255	696	1796	474	405	404
ATAre_2_3G52000	At3g56940	100	2.40e-291	785	2028	409	410	409
ATAre_2_3G32020	At3g22890	99.6	0.0	935	2416	463	464	463
ATAre_2_3G32020	At4g14680	87.1	1.13e-268	734	1896	463	511	428
ATAre_2_3G53560	At3g58610	100	0.0	1136	2939	591	592	591
ATAre_2_3G53560	GRMZM2G004382_T02.CDS	90.4	0.0	922	2384	591	580	512
ATAre_2_3G53560	GRMZM2G004382_T01.CDS	88.6	1.56e-257	710	1833	591	475	403
ATAre_2_3G22980	At3g14050	99.7	0.0	1397	3616	709	710	709
ATAre_2_3G20720	AT3G11945	93.6	5.96e-250	679	1752	386	394	393
ATAre_2_3G15510	At3g06350	96.5	0.0	1129	2920	603	604	603
ATAre_2_3G27810	At3g18680	91.1	5.45e-224	610	1574	339	373	372
ATAre_2_3G36640	At3g27740	92.5	1.08e-316	853	2203	465	431	465
ATAre_2_3G50590	At3g55400	99.5	0.0	1231	3186	616	617	616
ATAre_2_3G50990	At3g55800	99.5	2.88e-284	766	1978	393	394	393
ATAre_2_3G23500	At3g14550	93.6	1.58e-237	645	1664	360	361	360
ATAre_2_3G23500	At3g14530	89.4	3.29e-223	609	1570	360	361	360
ATAre_2_3G23500	At3g29430	87.5	3.48e-215	588	1517	360	358	360
ATAre_2_3G23500	At3g32040	85.3	5.27e-213	583	1503	360	361	360
ATAre_2_3G23500	At3g14510	99.6	1.93e-192	528	1360	360	285	277
ATAre_2_3G43440	At3g48110	99.6	0.0	2073	5370	1067	1068	1067
ATAre_2_3G52330	At3g57280	100	4.38e-161	441	1133	226	227	226
ATAre_2_3G50190	At3g55010	99.2	2.52e-276	746	1925	389	390	389
ATAre_2_3G42830	At3g47450	98.8	0.0	1080	2792	561	562	561
ATAre_2_3G44080	At5g63570	89.9	3.99e-311	841	2172	472	475	474
ATAre_2_3G10530	At3g01440	100	1.60e-160	439	1128	220	221	220
ATAre_2_3G19880	At3g11050	100	4.54e-181	493	1270	253	254	253
ATAre_2_3G34020	At3g25110	99.4	1.01e-266	719	1856	362	363	362
ATAre_2_3G49100	At3g53900	100	1.56e-214	582	1499	296	297	296
ATAre_2_3G58200	GRMZM2G005973_T01.CDS	80.3	6.84e-138	392	1006	346	346	238
ATAre_2_3G48160	At3g52960	100	1.10e-158	435	1119	234	235	234
ATAre_2_3G29640	At3g20540	98.5	0.0	2027	5251	1034	1050	1049
ATAre_2_3G21550	At3g12780	100	0.0	900	2325	481	482	481
ATAre_2_3G21550	At1g56190	90.2	1.07e-300	815	2105	481	479	481
ATAre_2_3G23930	At3g14930	99.0	2.23e-312	839	2168	418	419	418
ATAre_2_3G50220	At3g55040	99.7	6.79e-207	562	1448	292	293	292
ATAre_2_3G48330	At3g53130	99.4	0.0	1041	2691	539	540	539
ATAre_2_3G11870	At5g16440	81.4	4.15e-169	466	1199	284	292	291
ATAre_2_3G11750	At3g02660	99.8	0.0	993	2566	511	512	511
ATAre_2_3G29420	At3g20320	100	1.06e-273	738	1906	381	382	381
ATAre_2_3G55620	At3g60750	100	0.0	1471	3807	741	742	741
ATAre_2_3G55620	At2g45290	88.8	0.0	1321	3418	741	742	741
ATAre_2_3G23530	At3g14530	99.7	8.71e-251	679	1751	360	361	360
ATAre_2_3G23530	At3g14550	94.4	6.13e-235	639	1647	360	361	360
ATAre_2_3G23530	At3g29430	87.5	3.87e-212	581	1497	360	358	360
ATAre_2_3G23530	At3g32040	84.7	3.22e-207	568	1465	360	361	360
ATAre_2_3G23530	At3g14510	91.3	1.87e-176	488	1255	360	285	277
ATAre_2_3G26910	At3g17810	99.8	7.14e-310	833	2153	423	427	423
ATAre_2_3G54760	At3g59890	97.7	4.83e-247	668	1724	349	350	349
ATAre_2_3G54760	At2g44040	84.9	9.12e-208	569	1466	349	348	350
ATAre_2_3G34600	At3g25770	100	4.54e-181	493	1270	253	254	253
ATAre_2_3G34600	At3g25760	89.0	1.03e-159	439	1130	253	255	254
ATAre_2_3G51170	At3g56040	99.9	0.0	1776	4599	883	884	883
ATAre_2_3G51770	At3g56700	95.6	0.0	1022	2643	547	549	549
ATAre_2_3G34590	At3g25760	98.4	1.41e-180	492	1267	254	255	254
ATAre_2_3G34590	At3g25770	89.0	1.46e-159	439	1129	254	254	254
ATAre_2_3G52610	At3g57560	100	1.96e-245	664	1713	347	348	347
ATAre_2_3G10570	At3g01480	98.6	1.46e-313	844	2180	437	438	437
ATAre_2_3G56840	At3g62030	100	3.18e-188	514	1324	260	314	260
ATAre_2_3G26000	GRMZM2G145595_T01.CDS	82.4	8.35e-313	853	2203	566	563	528
ATAre_2_3G26000	GRMZM2G152958_T01.CDS	81.9	1.20e-308	842	2176	566	566	531
ATAre_2_3G26000	GRMZM2G073774_T01.CDS	81.9	1.20e-308	842	2176	566	566	531
ATAre_2_3G26000	GRMZM2G152958_T02.CDS	81.2	1.61e-283	777	2007	566	530	494
ATAre_2_3G26000	GRMZM2G145595_T02.CDS	87.7	2.29e-170	480	1236	566	281	268
ATAre_2_3G40940	At3g45140	99.4	0.0	1810	4687	896	897	896
ATAre_2_3G49240	At3g54050	100	1.20e-295	797	2058	417	418	417
ATAre_2_3G11100	At3g02020	100	0.0	1074	2778	559	560	559
ATAre_2_3G11100	At5g14060	83.0	3.09e-318	865	2236	559	545	542
ATAre_2_3G11700	At3g02610	99.5	6.03e-303	815	2105	413	414	413
ATAre_2_3G11700	At3g02620	91.5	8.43e-274	741	1913	413	407	411
ATAre_2_3G11700	At5g16230	82.6	1.01e-243	665	1715	413	402	413
ATAre_2_3G42910	At3g47520	100	5.51e-278	751	1939	403	404	403
ATAre_2_3G25330	At3g16250	99.5	8.01e-153	418	1074	204	205	204
ATAre_2_3G10150	At3g01120	100	0.0	1004	2596	563	564	563
ATAre_2_3G51220	At3g56090	99.6	9.83e-179	488	1256	259	260	259
ATAre_2_3G25210	At3g16140	100	4.32e-101	282	722	145	146	145
ATAre_2_3G25210	At1g52230	91.7	1.06e-92	261	667	145	146	145
ATAre_2_3G30170	At3g21055	100	6.61e-64	186	473	103	144	103
ATAre_2_3G53910	At3g58990	99.6	3.20e-181	494	1271	253	254	253
ATAre_2_3G37960	At3g29430	99.4	1.98e-250	677	1748	357	358	357
ATAre_2_3G37960	At3g32040	90.8	2.15e-225	614	1584	357	361	360
ATAre_2_3G37960	At3g14550	87.5	6.96e-215	588	1515	357	361	360
ATAre_2_3G37960	At3g14530	86.9	1.10e-211	580	1494	357	361	360
ATAre_2_3G37960	At3g14510	90.6	7.86e-175	483	1244	357	285	277
ATAre_2_3G35700	At3g26840	100	0.0	1385	3584	701	702	701
ATAre_2_3G23440	At3g14440	99.0	0.0	1195	3092	599	600	599
ATAre_2_3G46090	At3g50820	100	4.77e-238	644	1661	331	332	331
ATAre_2_3G46090	At5g66570	90.7	8.81e-216	588	1515	331	333	332
ATAre_2_3G38250	At3g29200	100	6.87e-247	667	1721	340	341	340
ATAre_2_3G43770	Potri.015G088500	84.2	3.08e-161	449	1155	319	329	279
ATAre_2_3G10590	At3g01500	100	3.63e-241	653	1685	347	348	347
ATAre_2_3G34700	At3g25860	99.8	9.49e-302	818	2112	480	481	480
ATAre_2_3G55490	At3g60620	99.7	6.10e-289	778	2010	399	400	399
ATAre_2_3G19980	At3g11170	99.8	0.0	943	2437	446	447	446
ATAre_2_3G19980	At5g05580	80.3	2.78e-274	745	1923	446	436	446
ATAre_2_3G35510	At3g26650	100	9.32e-287	773	1995	396	397	396
ATAre_2_3G35510	At1g12900	90.0	4.02e-260	707	1825	396	442	400
ATAre_2_3G35510	At1g42970	80.5	6.64e-195	542	1397	396	448	344
ATAre_2_3G17930	At3g09150	99.7	8.00e-245	661	1705	329	330	329
ATAre_2_3G43920	At3g48560	99.6	0.0	1253	3243	670	671	670
ATAre_2_3G23380	At3g14390	99.8	0.0	962	2486	484	485	484
ATAre_2_3G23380	At5g11880	94.1	0.0	897	2318	484	490	493
ATAre_2_4G43240	At4g36390	100	0.0	1258	3255	640	641	640
ATAre_2_4G39660	At4g32810	99.6	0.0	1181	3054	570	571	570
ATAre_2_4G39660	AT4G32810	95.3	0.0	1166	3017	570	597	596
ATAre_2_4G31660	At4g24830	99.8	0.0	959	2480	494	495	494
ATAre_2_4G38760	AT4G31990	100	0.0	919	2375	462	463	462
ATAre_2_4G38760	At4g31990	100	0.0	896	2315	462	454	451
ATAre_2_4G37720	At4g30920	99.7	0.0	1098	2840	614	584	577
ATAre_2_4G37720	At4g30910	87.3	0.0	983	2540	614	605	600
ATAre_2_4G29310	At4g22260	99.7	1.93e-238	647	1668	351	352	351
ATAre_2_4G14100	At4g05180	100	6.39e-156	428	1100	230	231	230
ATAre_2_4G20510	At4g13430	99.8	0.0	1023	2646	509	510	509
ATAre_2_4G20510	GRMZM2G370852_T01.CDS	83.9	5.94e-298	810	2093	509	506	454
ATAre_2_4G20510	GRMZM2G370852_T03.CDS	83.7	2.41e-297	809	2089	509	506	454
ATAre_2_4G20510	GRMZM2G010044_T02.CDS	83.0	5.61e-293	798	2060	509	503	454
ATAre_2_4G20510	GRMZM2G010044_T03.CDS	83.0	6.04e-293	798	2060	509	505	454
ATAre_2_4G20510	GRMZM2G010044_T01.CDS	83.0	6.27e-293	798	2060	509	506	454
ATAre_2_4G41690	At4g34740	100	0.0	1095	2831	561	562	561
ATAre_2_4G41690	At2g16570	84.4	0.0	910	2353	561	567	571
ATAre_2_4G39890	At4g33030	99.8	0.0	951	2458	476	478	477
ATAre_2_4G25780	At4g18350	98.1	0.0	1152	2980	583	584	583
ATAre_2_4G22890	At4g15560	91.9	1.36e-09	54.7	130	287	718	37
ATAre_2_4G12950	At4g02770	100	1.17e-147	405	1041	208	209	208
ATAre_2_4G12950	At1g03130	93.3	6.50e-135	373	957	208	205	208
ATAre_2_4G14750	At4g04610	100	0.0	917	2371	465	466	465
ATAre_2_4G14750	At4g21990	83.0	5.04e-283	769	1985	465	459	466
ATAre_2_4G18800	At4g11570	99.2	4.48e-271	731	1887	373	374	373
ATAre_2_4G13470	At4g03280	99.6	3.76e-168	459	1180	229	230	229
ATAre_2_4G31880	At4g25080	100	3.59e-204	557	1436	312	327	292
ATAre_2_4G39620	At4g32770	99.6	0.0	1023	2645	488	489	488
ATAre_2_4G37760	At4g30950	100	0.0	935	2416	448	449	448
ATAre_2_4G16160	At4g08390	100	1.47e-239	652	1682	390	373	368
ATAre_2_4G10550	At4g00490	99.4	0.0	1124	2907	543	543	543
ATAre_2_4G33770	At4g26900	99.8	0.0	1145	2961	592	593	592
ATAre_2_4G33900	At4g27030	100	8.28e-219	595	1533	323	324	323
ATAre_2_4G42520	At4g35630	99.8	1.25e-315	848	2192	430	431	430
ATAre_2_4G42520	At2g17630	85.4	1.18e-270	734	1896	430	423	432
ATAre_2_4G44510	At4g37670	99.8	0.0	1219	3155	613	614	613
ATAre_2_4G27980	At4g20960	100	3.83e-308	829	2142	426	427	426
ATAre_2_4G45700	At4g38880	99.2	0.0	1028	2658	532	533	532
ATAre_2_4G31440	At4g24620	99.7	0.0	1209	3128	614	614	614
ATAre_2_4G35730	At4g28750	98.6	4.86e-72	209	531	143	144	143
ATAre_2_4G29980	At4g23100	99.8	0.0	1054	2726	533	523	522
ATAre_2_4G40350	At4g33510	100	0.0	1012	2616	507	508	507
ATAre_2_4G40350	At1g22410	85.0	3.40e-288	786	2031	507	528	448
ATAre_2_4G10680	At4g00600	98.8	7.14e-52	162	409	114	311	86
ATAre_2_4G12960	At4g02780	99.8	0.0	1608	4164	802	803	802
ATAre_2_4G22950	At4g15560	100	0.0	1419	3672	717	718	717
ATAre_2_4G40540	At4g33680	99.8	0.0	924	2387	461	462	461
ATAre_2_4G24750	At4g17300	99.3	0.0	1121	2900	567	588	567
ATAre_2_4G21350	At4g14210	99.8	0.0	1134	2934	566	567	566
ATAre_2_4G26620	At4g19170	99.0	0.0	1173	3034	595	596	595
ATAre_2_4G22190	At4g14910	100	7.79e-191	521	1342	272	309	263
ATAre_2_4G22190	At3g22425	82.2	3.59e-148	412	1058	272	271	269
ATAre_2_4G32520	At4g25700	98.4	9.12e-222	601	1550	314	311	314
ATAre_2_4G36700	At4g29840	100	0.0	1066	2756	526	527	526
ATAre_2_4G36700	At1g72810	81.8	1.35e-301	821	2120	526	517	500
ATAre_2_4G28300	At4g21280	99.6	3.36e-141	390	1002	223	225	224
ATAre_2_4G33940	At4g27070	99.8	2.42e-319	860	2223	445	476	443
ATAre_2_4G33940	At5g54810	90.6	1.75e-290	787	2033	445	471	446
ATAre_2_4G13400	At1g03475	85.0	7.67e-225	614	1583	356	387	360
ATAre_2_4G21900	At4g14680	97.7	1.52e-306	830	2145	465	511	428
ATAre_2_4G21900	At3g22890	86.9	3.42e-296	802	2072	465	464	466
ATAre_2_4G37400	At4g30580	100	1.73e-226	630	1626	686	357	318
ATAre_2_4G44790	At4g37925	100	6.76e-156	427	1097	217	218	217
ATAre_2_4G41120	At4g34200	100	0.0	1120	2897	603	604	603
ATAre_2_4G41120	At3g19480	81.0	1.51e-310	850	2195	603	589	543
ATAre_2_4G43630	At4g36810	99.7	1.83e-253	686	1771	371	372	371
ATAre_2_4G43630	At2g18620	82.2	1.24e-171	478	1231	371	348	298
ATAre_2_4G45320	At4g38460	99.4	6.52e-238	643	1659	326	327	326
ATAre_2_4G36750	At4g29890	99.3	0.0	867	2241	422	423	422
ATAre_2_4G46790	At4g39980	99.8	0.0	1035	2675	525	526	525
ATAre_2_4G11760	At4g01690	99.8	0.0	1058	2737	537	538	537
ATAre_2_4G25890	At4g18440	99.8	0.0	1031	2667	529	537	529
ATAre_2_4G25890	At1g36280	88.1	0.0	887	2292	529	528	523
ATAre_2_4G19880	At4g12800	100	9.95e-153	421	1083	219	282	219
ATAre_2_4G38630	At4g31870	99.6	1.53e-169	462	1190	233	234	233
ATAre_2_4G25940	At4g18480	99.8	5.81e-302	813	2101	424	425	424
ATAre_2_4G25940	At5g45930	82.8	3.07e-245	670	1728	424	419	424
ATAre_2_4G25940	GRMZM2G419806_T01.CDS	81.9	1.51e-211	585	1507	424	423	370
ATAre_2_4G34330	At4g27440	99.8	4.41e-283	764	1972	401	402	401
ATAre_2_4G34330	At5g54190	86.9	6.27e-245	667	1722	401	406	405
ATAre_2_4G27790	AT1G71920	99.8	4.65e-309	831	2146	417	418	417
ATAre_2_4G27790	At1g71920	99.8	4.65e-309	831	2146	417	418	417
ATAre_2_4G27790	AT5G10330	99.8	4.65e-309	831	2146	417	418	417
ATAre_2_4G27790	At5g10330	99.8	4.65e-309	831	2146	417	418	417
ATAre_2_4G25660	At4g18240	99.8	0.0	1753	4541	1040	1041	1040
ATAre_2_4G19150	At4g11980	96.6	9.87e-218	591	1524	319	310	319
ATAre_2_4G41290	At4g34350	99.8	0.0	936	2420	466	467	466
ATAre_2_4G37710	At4g30910	95.7	0.0	1085	2805	581	605	604
ATAre_2_4G37710	At4g30920	90.9	0.0	1003	2592	581	584	582
ATAre_2_4G29040	At4g21990	99.8	0.0	894	2309	458	459	458
ATAre_2_4G29040	At4g04610	83.0	4.74e-281	764	1972	458	466	466
ATAre_2_4G31920	At4g25130	99.2	2.87e-191	520	1338	258	259	258
ATAre_2_4G39360	At4g32520	100	0.0	1050	2714	529	530	529
ATAre_2_4G45800	At4g38970	100	6.58e-288	776	2003	398	399	398
ATAre_2_4G45800	At2g21330	89.7	5.86e-257	697	1800	398	400	398
ATAre_2_4G27040	At4g19710	99.9	0.0	1803	4670	916	917	916
ATAre_2_5G31080	At5g24400	99.4	4.75e-235	636	1640	325	326	325
ATAre_2_5G46860	At5g48300	100	0.0	1010	2611	520	521	520
ATAre_2_5G52500	At5g54190	100	5.39e-286	771	1992	405	406	405
ATAre_2_5G52500	At4g27440	87.2	1.56e-245	669	1726	405	402	405
ATAre_2_5G64580	At5g66450	100	1.68e-161	447	1151	286	309	239
ATAre_2_5G32520	At5g26030	99.1	0.0	909	2348	466	467	466
ATAre_2_5G35720	At5g35630	100	0.0	883	2281	430	431	430
ATAre_2_5G42580	At5g43780	98.5	0.0	930	2404	469	470	469
ATAre_2_5G56100	At5g57890	99.6	9.28e-200	542	1397	273	274	273
ATAre_2_5G56100	At1g25220	88.9	3.26e-181	496	1277	273	290	288
ATAre_2_5G56100	At1g24909	94.1	6.00e-152	419	1078	273	223	221
ATAre_2_5G56100	At1g24807	88.9	4.34e-148	410	1054	273	236	234
ATAre_2_5G62360	At5g64300	99.6	0.0	1038	2683	543	544	543
ATAre_2_5G24020	At5g16440	97.3	5.78e-205	557	1435	290	292	291
ATAre_2_5G61400	At5g63310	100	3.22e-170	464	1194	231	232	231
ATAre_2_5G21180	At5g13420	100	7.51e-312	840	2169	438	439	438
ATAre_2_5G50920	At5g52570	99.7	3.06e-188	516	1328	303	304	303
ATAre_2_5G56060	At5g57850	99.7	2.82e-274	739	1908	373	374	373
ATAre_2_5G29260	At5g22630	99.3	2.29e-304	820	2117	425	426	425
ATAre_2_5G64700	At5g66570	99.7	5.15e-238	644	1661	332	333	332
ATAre_2_5G64700	At3g50820	90.4	1.78e-215	587	1513	332	332	332
ATAre_2_5G19150	At5g10920	99.8	0.0	1013	2620	517	518	517
ATAre_2_5G64270	At5g66120	100	3.15e-320	861	2225	442	443	442
ATAre_2_5G55240	AT5G57030	99.4	0.0	1040	2688	524	525	524
ATAre_2_5G55240	At5g57030	99.4	0.0	1040	2688	524	524	524
ATAre_2_5G37710	At5g38430	99.4	3.21e-134	369	947	181	182	181
ATAre_2_5G37710	At5g38420	97.2	8.83e-132	363	931	181	182	181
ATAre_2_5G37710	At5g38410	93.5	9.72e-128	353	905	181	187	186
ATAre_2_5G37710	At1g67090	92.7	3.08e-125	346	888	181	181	179
ATAre_2_5G59710	At5g61580	99.6	0.0	1048	2711	530	531	530
ATAre_2_5G51770	At5g53460	100.0	0.0	4358	11302	2208	2209	2208
ATAre_2_5G43320	At5g44520	99.7	7.42e-192	564	1454	1426	327	296
ATAre_2_5G51900	At5g53580	99.7	1.19e-271	732	1889	365	366	365
ATAre_2_5G56470	At5g58260	99.0	4.45e-157	429	1103	209	210	209
ATAre_2_5G25490	At5g17990	97.5	1.84e-296	801	2069	441	445	444
ATAre_2_5G14730	At5g05980	97.7	0.0	1105	2858	571	572	571
ATAre_2_5G14350	At1g07780	98.9	1.61e-198	540	1390	281	276	274
ATAre_2_5G14350	At5g05590	98.5	4.62e-198	538	1387	281	276	274
ATAre_2_5G14350	At1g29410	90.5	2.74e-125	353	906	281	245	199
ATAre_2_5G64340	At5g66190	99.7	1.95e-263	711	1834	360	361	360
ATAre_2_5G64340	Potri.005G112900	85.0	4.03e-227	619	1596	360	364	367
ATAre_2_5G64340	Potri.007G057200	83.9	5.22e-223	608	1569	360	364	367
ATAre_2_5G35340	At5g35100	100	3.58e-185	506	1304	281	291	248
ATAre_2_5G23100	GRMZM2G162968_T01.CDS	84.2	0.0	1429	3699	968	975	897
ATAre_2_5G23100	GRMZM2G130121_T01.CDS	81.8	0.0	969	2505	968	654	636
ATAre_2_5G35380	At5g35170	99.8	0.0	1090	2818	580	589	580
ATAre_2_5G12490	At5g03555	100	0.0	1144	2959	599	600	599
ATAre_2_5G29630	At5g23010	96.2	0.0	947	2449	506	535	506
ATAre_2_5G29640	At5g23020	98.8	0.0	956	2471	503	504	503
ATAre_2_5G24290	At5g16715	98.7	0.0	1923	4981	1262	975	977
ATAre_2_5G24290	At5g16710	98.4	1.36e-175	515	1326	1262	259	257
ATAre_2_5G10650	At5g01600	100	2.94e-178	486	1252	255	256	255
ATAre_2_5G20910	At5g13120	99.6	4.73e-186	506	1304	259	260	259
ATAre_2_5G60870	At5g62790	95.6	0.0	926	2394	476	498	497
ATAre_2_5G20050	At5g11880	100	0.0	973	2516	489	490	489
ATAre_2_5G20050	At3g14390	94.3	0.0	900	2325	489	485	493
ATAre_2_5G21380	At5g13630	100	0.0	2704	7008	1381	1382	1381
ATAre_2_5G23850	At5g16240	99.2	4.49e-293	788	2036	394	395	394
ATAre_2_5G23850	At3g02630	86.0	3.90e-251	682	1761	394	397	399
ATAre_2_5G23850	At2g43710	80.2	1.04e-210	580	1496	394	402	349
ATAre_2_5G22910	GRMZM2G087598_T03.CDS	81.5	4.61e-09	48.9	115	686	47	27
ATAre_2_5G13700	At5g04900	99.1	1.01e-243	670	1729	593	349	347
ATAre_2_5G41450	At5g42650	99.8	0.0	1038	2685	518	519	518
ATAre_2_5G44340	At5g45680	98.6	1.81e-151	415	1066	208	209	208
ATAre_2_5G22390	At5g14660	100	2.01e-194	529	1362	273	274	273
ATAre_2_5G17460	At5g08740	99.2	0.0	980	2533	519	520	519
ATAre_2_5G48500	At5g49970	100	0.0	1062	2746	520	531	520
ATAre_2_5G26670	At5g19220	99.8	0.0	1016	2628	522	523	522
ATAre_2_5G14480	At5g05730	95.2	0.0	1160	3002	595	625	624
ATAre_2_5G14480	GRMZM2G161337_T01.CDS	81.5	9.89e-82	249	637	595	153	151
ATAre_2_5G44930	At5g46290	96.5	0.0	922	2383	473	490	489
ATAre_2_5G29250	At5g22620	94.7	0.0	911	2354	489	483	489
ATAre_2_5G13040	At5g04140	98.4	0.0	3171	8222	1622	1649	1648
ATAre_2_5G13040	At2g41220	80.8	0.0	2627	6809	1622	1630	1613
ATAre_2_5G18430	At5g10160	100	1.25e-152	419	1076	219	220	219
ATAre_2_5G18430	At2g22230	80.0	3.24e-107	304	778	219	221	195
ATAre_2_5G20200	At5g12040	100	2.03e-265	716	1849	369	370	369
ATAre_2_5G10280	At5g01220	99.2	0.0	987	2551	509	511	510
ATAre_2_5G17930	At5g09650	100	6.69e-227	613	1581	300	301	300
ATAre_2_5G23840	At5g16230	99.8	8.45e-297	798	2062	401	402	401
ATAre_2_5G23840	At3g02610	83.1	3.43e-244	666	1718	401	414	413
ATAre_2_5G50170	At5g51820	99.7	0.0	1231	3186	623	624	623
ATAre_2_5G48720	At5g50210	99.2	0.0	1383	3580	718	719	718
ATAre_2_5G47620	At5g49030	100	0.0	2196	5689	1093	1280	1093
ATAre_2_5G56540	At5g58330	100	0.0	889	2298	443	444	443
ATAre_2_5G36370	At5g36790	99.4	1.67e-265	716	1848	362	363	362
ATAre_2_5G36370	At5g36700	99.4	1.67e-265	716	1848	362	363	362
ATAre_2_5G26120	At5g18660	97.8	1.99e-294	794	2050	417	418	417
ATAre_2_5G23980	At5g16390	99.3	7.79e-156	440	1132	484	281	273
ATAre_2_5G62950	At5g64860	99.8	0.0	1174	3037	576	577	576
ATAre_2_5G37690	At5g38410	97.3	1.05e-131	363	931	181	187	186
ATAre_2_5G37690	At5g38430	96.7	1.03e-130	360	924	181	182	181
ATAre_2_5G37690	At5g38420	96.7	2.08e-130	359	922	181	182	181
ATAre_2_5G37690	At1g67090	91.6	2.95e-123	341	875	181	181	179
ATAre_2_5G33620	At5g27380	96.3	0.0	1017	2629	544	540	543
ATAre_2_5G20900	At5g13110	99.8	0.0	1173	3034	596	597	596
ATAre_2_5G20900	At1g24280	87.9	0.0	984	2545	596	600	572
ATAre_2_5G20900	GRMZM2G177077_T01.CDS	87.9	0.0	881	2277	596	599	488
ATAre_2_5G20900	At5g35790	82.5	1.72e-302	828	2140	596	577	486
ATAre_2_5G21070	At5g13280	99.8	0.0	1089	2816	569	570	569
ATAre_2_5G37260	Potri.004G091000	85.8	0.0	2167	5614	1337	1315	1247
ATAre_2_5G35480	At5g35360	99.8	0.0	1026	2654	537	556	522
ATAre_2_5G59540	At5g61410	100	1.72e-199	542	1397	281	282	281
ATAre_2_5G29150	At5g22510	98.9	0.0	1238	3204	618	618	618
ATAre_2_5G49500	At5g51110	100	3.76e-159	435	1119	220	221	220
ATAre_2_5G24780	At5g17230	99.8	1.39e-308	830	2144	422	423	422
ATAre_2_5G24780	AT5G17230	96.3	2.25e-304	820	2118	422	438	437
ATAre_2_5G23170	At5g15530	92.4	2.60e-143	399	1025	276	256	276
ATAre_2_5G65190	At5g67030	99.3	0.0	1293	3347	667	668	667
ATAre_2_5G50840	At5g52520	99.8	0.0	1087	2810	543	544	543
ATAre_2_5G44600	At5g45930	98.8	9.55e-298	802	2072	418	419	418
ATAre_2_5G44600	At4g18480	82.8	2.60e-246	672	1735	418	425	424
ATAre_2_5G44600	GRMZM2G419806_T01.CDS	80.3	1.03e-212	587	1514	418	423	385
ATAre_2_5G16970	At5g08280	99.7	6.93e-275	741	1914	382	383	382
ATAre_2_5G37700	At5g38420	99.4	4.55e-134	369	946	181	182	181
ATAre_2_5G37700	At5g38430	98.3	5.32e-133	366	939	181	182	181
ATAre_2_5G37700	At5g38410	94.6	1.18e-128	355	911	181	187	186
ATAre_2_5G37700	At1g67090	92.2	1.25e-124	345	884	181	181	179
ATAre_2_5G53070	At5g54810	99.6	0.0	922	2383	470	471	470
ATAre_2_5G53070	At4g27070	90.6	1.99e-313	847	2187	470	476	478
ATAre_2_5G46440	At5g47840	81.2	1.84e-171	473	1217	314	284	314
ATAre_2_5G42550	At5g43750	100	4.10e-159	434	1117	212	213	212
ATAre_2_5G29410	At5g22800	99.4	0.0	1748	4526	978	1004	956
ATAre_2_5G22490	At5g14760	100	0.0	1289	3336	651	652	651
ATAre_2_5G13440	At5g04590	100	0.0	1281	3315	642	643	642
ATAre_2_5G61620	At5g63570	99.6	0.0	928	2398	474	475	474
ATAre_2_5G62100	At5g64040	100	1.85e-94	268	685	171	182	142
ATAre_2_5G49320	GRMZM2G123922_T01.CDS	89.7	0.0	1485	3844	929	922	868
ATAre_2_5G49320	GRMZM2G009443_T01.CDS	87.0	0.0	1461	3783	929	922	891
ATAre_2_5G49320	GRMZM2G001084_T01.CDS	84.5	0.0	1147	2966	929	897	724
ATAre_2_5G28340	At5g20980	100	0.0	1585	4103	812	813	812
ATAre_2_5G30940	At5g24300	99.7	0.0	1330	3443	652	653	652
ATAre_2_5G14340	At5g05580	99.8	0.0	928	2399	435	436	434
ATAre_2_5G14340	At3g11170	80.3	2.59e-272	740	1910	435	447	446
ATAre_2_5G35850	At5g35790	99.8	0.0	1147	2968	576	577	576
ATAre_2_5G35850	GRMZM2G177077_T01.CDS	84.0	1.21e-307	842	2174	576	599	486
ATAre_2_5G35850	At5g13110	82.4	4.31e-305	835	2157	576	597	488
ATAre_2_5G35850	At1g24280	81.2	1.36e-297	816	2108	576	600	485
ATAre_2_5G51240	At5g52920	100	0.0	1118	2892	579	580	579
