ATCol_0_1G17110	At1g08510	100	1.28e-308	829	2142	412	413	412
ATCol_0_1G40340	At1g35290	100	2.42e-142	390	1002	189	190	189
ATCol_0_1G31920	At1g24280	100	0.0	1182	3058	599	600	599
ATCol_0_1G31920	At5g13110	88.1	0.0	990	2559	599	597	572
ATCol_0_1G31920	GRMZM2G177077_T01.CDS	87.3	0.0	878	2268	599	599	488
ATCol_0_1G24610	At1g16300	100	4.25e-302	813	2101	420	421	420
ATCol_0_1G24610	At1g79530	86.9	3.31e-256	697	1800	420	423	421
ATCol_0_1G66160	At1g75330	100	3.53e-269	726	1875	375	376	375
ATCol_0_1G38200	At1g32200	100	0.0	891	2302	459	460	459
ATCol_0_1G59070	At1g67740	100	2.83e-100	284	726	189	190	189
ATCol_0_1G38770	At1g32900	100	0.0	1214	3140	610	611	610
ATCol_0_1G36350	At1g30120	100	4.55e-299	805	2078	406	407	406
ATCol_0_1G36350	At2g34590	91.7	3.37e-269	729	1882	406	407	411
ATCol_0_1G59590	At1g68280	100	1.19e-139	384	985	192	193	192
ATCol_0_1G59590	At1g68260	81.8	1.38e-108	305	781	192	191	192
ATCol_0_1G17090	At1g08490	100	0.0	908	2346	463	464	463
ATCol_0_1G38370	At1g32380	100	7.37e-286	771	1990	400	401	400
ATCol_0_1G38370	At2g35390	86.8	3.19e-251	683	1763	400	404	403
ATCol_0_1G38370	At2g44530	81.7	2.63e-206	569	1467	400	395	350
ATCol_0_1G15150	GRMZM2G110408_T01.CDS	83.2	0.0	1059	2738	685	678	677
ATCol_0_1G15150	GRMZM2G110408_T02.CDS	83.2	0.0	1059	2738	685	678	677
ATCol_0_1G15150	GRMZM2G110408_T03.CDS	83.2	0.0	1059	2738	685	678	677
ATCol_0_1G15150	GRMZM2G087598_T02.CDS	85.6	0.0	1052	2721	685	678	648
ATCol_0_1G15150	GRMZM2G087598_T01.CDS	85.6	0.0	1052	2721	685	678	648
ATCol_0_1G27950	At1g20020	100	5.91e-274	738	1905	369	370	369
ATCol_0_1G29980	At1g22170	100	7.33e-239	646	1667	334	335	334
ATCol_0_1G29980	At1g78050	84.2	9.06e-168	466	1200	334	333	284
ATCol_0_1G19440	At1g10830	100	2.21e-268	724	1868	367	368	367
ATCol_0_1G65390	At1g74470	100	0.0	923	2385	467	468	467
ATCol_0_1G50140	At1g56190	100	0.0	900	2327	478	479	478
ATCol_0_1G50140	At3g12780	90.2	2.61e-301	816	2109	478	482	481
ATCol_0_1G54270	At1g62640	100	3.06e-296	797	2059	404	405	404
ATCol_0_1G48320	At1g54130	100	0.0	1395	3612	715	716	715
ATCol_0_1G21420	At1g12900	100	8.51e-288	777	2007	399	442	399
ATCol_0_1G21420	At3g26650	90.0	1.20e-260	707	1824	399	397	400
ATCol_0_1G19310	At1g10700	100	4.54e-297	800	2066	411	412	411
ATCol_0_1G32450	At1g25220	95.2	5.42e-199	541	1394	276	290	289
ATCol_0_1G32450	At5g57890	93.1	2.23e-185	506	1303	276	274	275
ATCol_0_1G32450	At1g24909	98.2	8.43e-162	444	1143	276	223	222
ATCol_0_1G32450	At1g24807	92.8	6.12e-158	435	1119	276	236	235
ATCol_0_1G36560	At1g30380	100	2.62e-88	249	635	130	131	130
ATCol_0_1G25400	At1g17160	100	8.34e-270	728	1880	379	380	379
ATCol_0_1G43860	At1g48860	100	0.0	1006	2601	521	522	521
ATCol_0_1G43860	At2g45300	91.9	0.0	891	2303	521	521	505
ATCol_0_1G43860	At1g48850	86.4	1.06e-11	62.8	151	521	437	44
ATCol_0_1G58520	At1g67090	100	5.13e-135	371	952	180	181	180
ATCol_0_1G58520	At5g38430	93.3	3.72e-126	348	894	180	182	179
ATCol_0_1G58520	At5g38420	91.6	2.51e-124	344	882	180	182	179
ATCol_0_1G58520	At5g38410	89.1	3.36e-121	336	862	180	187	184
ATCol_0_1G65180	At1g74260	100	0.0	2784	7218	1407	1408	1407
ATCol_0_1G15370	At1g06680	100	5.93e-182	496	1278	263	264	263
ATCol_0_1G57910	At1g66430	100	5.70e-275	742	1915	384	385	384
ATCol_0_1G39970	At1g34430	100	1.51e-311	841	2173	465	466	465
ATCol_0_1G56950	At1g65410	100	1.01e-214	586	1511	345	346	298
ATCol_0_1G56950	GRMZM5G868168_T02.CDS	84.3	1.95e-130	368	944	345	218	216
ATCol_0_1G32000	At1g24360	100	3.67e-220	598	1541	319	320	319
ATCol_0_1G32000	GRMZM2G043602_T02.CDS	80.1	6.12e-120	340	873	319	226	216
ATCol_0_1G37440	At1g31330	100	1.36e-157	431	1109	221	222	221
ATCol_0_1G63520	At1g72520	100	0.0	1842	4770	926	927	926
ATCol_0_1G63520	At1g17420	83.0	0.0	1546	4002	926	920	927
ATCol_0_1G55590	At1g63970	100	5.74e-164	448	1153	231	232	231
ATCol_0_1G71000	At1g80600	100	0.0	886	2290	457	458	457
ATCol_0_1G18420	At1g09830	100	0.0	991	2563	532	533	532
ATCol_0_1G27760	At1g19800	100	3.43e-252	681	1758	350	351	350
ATCol_0_1G48720	At1g54570	100	0.0	1393	3606	704	705	704
ATCol_0_1G38060	At1g32070	99.6	2.30e-174	477	1227	257	259	258
ATCol_0_1G41970	At1g44575	100	2.74e-188	513	1320	265	266	265
ATCol_0_1G16850	At1g08250	100	1.52e-296	799	2063	413	414	413
ATCol_0_1G16850	At2g27820	84.4	2.77e-228	627	1616	413	425	391
ATCol_0_1G69980	At1g79530	100	1.73e-302	815	2104	422	423	422
ATCol_0_1G69980	At1g16300	86.9	6.70e-256	697	1798	422	421	421
ATCol_0_1G60920	At1g69740	100	3.30e-311	837	2163	430	431	430
ATCol_0_1G68060	At1g77490	100	5.68e-310	834	2154	426	427	426
ATCol_0_1G58900	At1g67560	100	0.0	1840	4767	917	918	917
ATCol_0_1G17120	At1g08520	100	0.0	1342	3472	760	761	760
ATCol_0_1G17120	GRMZM2G043453_T01.CDS	83.5	0.0	1055	2729	760	756	739
ATCol_0_1G17120	GRMZM2G043453_T02.CDS	82.6	0.0	937	2421	760	693	671
ATCol_0_1G14850	At1g06130	100	1.14e-245	663	1711	331	332	331
ATCol_0_1G24350	At1g15980	100	0.0	924	2387	461	462	461
ATCol_0_1G26950	At1g18870	100	0.0	1107	2862	562	563	562
ATCol_0_1G26840	At1g18730	100	1.87e-130	359	921	175	176	175
ATCol_0_1G70180	At1g79750	99.7	0.0	1257	3252	1305	647	643
ATCol_0_1G59560	At1g68260	100	2.51e-140	385	989	190	191	190
ATCol_0_1G59560	At1g68280	81.8	4.10e-110	309	791	190	193	192
ATCol_0_1G69530	At1g79040	100	2.26e-96	270	690	140	141	140
ATCol_0_1G62920	AT1G71920	100	3.27e-309	831	2147	417	418	417
ATCol_0_1G62920	At1g71920	100	3.27e-309	831	2147	417	418	417
ATCol_0_1G62920	AT5G10330	100	3.27e-309	831	2147	417	418	417
ATCol_0_1G62920	At5g10330	100	3.27e-309	831	2147	417	418	417
ATCol_0_1G24080	At1g15710	100	2.27e-261	705	1820	358	359	349
ATCol_0_1G51040	At1g58080	100	7.52e-296	797	2058	411	412	411
ATCol_0_1G51040	At1g09795	83.1	1.89e-232	637	1642	411	414	391
ATCol_0_1G41370	At1g42970	100	0.0	877	2265	447	448	447
ATCol_0_1G37350	At1g31220	100	8.03e-215	582	1500	292	293	292
ATCol_0_1G36130	At1g29900	100	0.0	2316	6001	1187	1188	1187
ATCol_0_1G26080	A0A7G2DUG9	100	0.0	968	2503	573	963	521
ATCol_0_1G22560	At1g14150	100	6.91e-138	379	973	190	191	190
ATCol_0_1G12010	At1g03130	100	5.83e-146	400	1029	204	205	204
ATCol_0_1G12010	At4g02770	93.3	7.76e-136	375	963	204	209	208
ATCol_0_1G67670	At1g77060	100	1.43e-243	659	1699	339	340	339
ATCol_0_1G37900	At1g31860	100	7.32e-201	546	1406	281	282	281
ATCol_0_1G53460	At1g61680	100	0.0	1131	2925	569	570	569
ATCol_0_1G37330	At1g31190	100	4.86e-274	738	1906	371	372	371
ATCol_0_1G16970	At1g08380	100	3.09e-103	287	735	140	141	140
ATCol_0_1G44950	At1g50170	100	1.31e-166	454	1169	225	226	225
ATCol_0_1G58650	At1g67280	100	3.78e-265	714	1843	350	351	350
ATCol_0_1G58650	GRMZM2G076006_T02.CDS	83.4	1.13e-185	513	1321	350	348	289
ATCol_0_1G58650	GRMZM2G076006_T01.CDS	88.0	7.81e-55	171	433	350	94	92
ATCol_0_1G31360	At1g23740	100	1.23e-270	731	1887	386	387	386
ATCol_0_1G41950	At1g44446	100	0.0	1098	2841	536	537	536
ATCol_0_1G41690	At1g43800	100	2.39e-291	784	2024	391	392	391
ATCol_0_1G17150	At1g08550	100	0.0	886	2289	462	463	462
ATCol_0_1G53860	At1g62180	100	0.0	892	2304	454	455	454
ATCol_0_1G46640	At1g52230	100	1.83e-102	286	731	145	146	145
ATCol_0_1G46640	At3g16140	91.7	1.82e-93	263	672	145	146	145
ATCol_0_1G70960	At1g80560	99.8	1.45e-283	771	1992	547	406	400
ATCol_0_1G70960	At1g31180	85.3	1.55e-244	673	1737	547	420	400
ATCol_0_1G70960	At5g14200	84.5	1.24e-243	671	1730	547	410	406
ATCol_0_1G69540	GRMZM2G016602_T04.CDS	86.1	2.42e-210	582	1500	439	416	345
ATCol_0_1G69540	GRMZM2G016602_T01.CDS	86.1	2.42e-210	582	1500	439	416	345
ATCol_0_1G69540	GRMZM2G016602_T02.CDS	81.8	8.36e-206	571	1472	439	434	363
ATCol_0_1G69540	GRMZM2G016602_T03.CDS	86.6	5.56e-151	426	1094	439	267	247
ATCol_0_1G48520	At1g54350	100	0.0	1373	3555	703	707	703
ATCol_0_1G26630	At1g18500	100	0.0	1226	3172	631	632	631
ATCol_0_1G26630	At1g74040	86.3	0.0	1050	2715	631	632	634
ATCol_0_1G25950	At1g17745	95.5	0.0	1153	2983	624	652	651
ATCol_0_1G51240	At1g58290	100	0.0	1031	2666	543	544	543
ATCol_0_1G51240	At1g09940	81.0	6.95e-298	813	2099	543	531	542
ATCol_0_1G64950	At1g74040	100	0.0	1222	3161	631	632	631
ATCol_0_1G64950	At1g18500	86.3	0.0	1050	2714	631	632	634
ATCol_0_1G31080	At1g23360	100	1.32e-193	526	1354	261	262	261
ATCol_0_1G35720	At1g07780	82.0	2.31e-153	428	1101	348	276	278
ATCol_0_1G35720	At5g05590	81.7	6.60e-153	427	1098	348	276	278
ATCol_0_1G35720	At1g29410	98.6	1.13e-148	415	1067	348	245	216
ATCol_0_1G49650	At1g55670	100	2.32e-110	307	786	160	161	160
ATCol_0_1G61000	At1g69830	100	0.0	1816	4703	887	888	887
ATCol_0_1G61890	At1g70760	100	8.09e-142	389	999	191	192	191
ATCol_0_1G38420	At1g32440	100	0.0	1095	2832	571	572	571
ATCol_0_1G30190	At1g22410	100	0.0	1042	2695	527	528	527
ATCol_0_1G30190	At4g39980	85.7	3.78e-292	797	2059	527	526	453
ATCol_0_1G30190	At4g33510	85.0	2.14e-289	790	2039	527	508	448
ATCol_0_1G68920	At1g78390	100	0.0	1217	3148	607	658	607
ATCol_0_1G56610	At1g64970	100	7.72e-248	670	1729	348	349	348
ATCol_0_1G12450	At1g03630	100	4.81e-287	774	1998	401	402	401
ATCol_0_1G68600	At1g78050	100	8.91e-239	646	1666	332	333	332
ATCol_0_1G43850	At1g48850	100	4.05e-315	848	2190	436	437	436
ATCol_0_1G43850	At1g48860	84.4	2.74e-11	61.2	147	436	522	45
ATCol_0_1G40840	At1g36280	100	0.0	1024	2648	527	528	527
ATCol_0_1G40840	At4g18440	87.7	0.0	898	2320	527	537	536
ATCol_0_1G63760	At1g72810	100	0.0	1035	2677	516	517	516
ATCol_0_1G63760	At4g29840	81.8	4.21e-298	812	2097	516	527	500
ATCol_0_1G10090	At1g01090	100	1.25e-314	846	2185	428	429	428
ATCol_0_1G12320	At1g03475	100	1.51e-296	796	2057	386	387	386
ATCol_0_1G29280	At1g77060	82.2	6.49e-198	543	1399	336	340	338
ATCol_0_1G70790	At1g80380	100	0.0	921	2380	456	457	456
ATCol_0_1G17950	At1g09420	98.3	0.0	1239	3205	625	636	635
ATCol_0_1G53870	At1g62190	100	5.29e-226	610	1574	295	296	295
ATCol_0_1G29440	At1g21640	98.6	0.0	1935	5014	985	1000	999
ATCol_0_1G38050	At1g32060	100	2.40e-293	789	2038	395	396	395
ATCol_0_1G38050	GRMZM2G162529_T02.CDS	89.5	1.59e-234	641	1653	395	406	351
ATCol_0_1G38050	GRMZM2G026024_T02.CDS	90.1	1.18e-227	630	1626	395	583	343
ATCol_0_1G38050	GRMZM2G463280_T02.CDS	80.4	8.19e-208	572	1475	395	382	347
ATCol_0_1G38050	GRMZM2G162529_T01.CDS	84.6	2.61e-25	94.0	232	395	61	52
ATCol_0_1G40320	At1g35250	100	5.50e-143	392	1006	188	189	188
ATCol_0_1G64940	At1g74030	100	0.0	936	2420	477	478	477
ATCol_0_1G16410	At1g07780	100	3.24e-201	546	1407	275	276	275
ATCol_0_1G16410	At5g05590	99.6	9.28e-201	545	1404	275	276	275
ATCol_0_1G16410	At1g29410	92.0	5.65e-128	360	923	275	245	200
ATCol_0_1G55560	At1g63940	100	0.0	966	2496	493	494	493
ATCol_0_1G18360	At1g09795	100	4.18e-294	793	2047	413	414	413
ATCol_0_1G18360	At1g58080	83.1	3.30e-233	639	1647	413	412	391
ATCol_0_1G21760	At1g13280	100	3.95e-177	498	1283	618	255	254
ATCol_0_1G32660	At1g25410	100	1.02e-249	674	1740	342	343	342
ATCol_0_2G22170	At2g15620	100	0.0	1164	3010	586	587	586
ATCol_0_2G24700	GRMZM5G809546_T01.CDS	82.9	6.54e-278	763	1971	551	554	479
ATCol_0_2G35730	GRMZM2G087598_T02.CDS	86.6	0.0	1064	2751	695	678	641
ATCol_0_2G35730	GRMZM2G087598_T01.CDS	86.6	0.0	1064	2751	695	678	641
ATCol_0_2G35730	GRMZM2G110408_T01.CDS	86.6	0.0	1063	2748	695	678	641
ATCol_0_2G35730	GRMZM2G110408_T02.CDS	86.6	0.0	1063	2748	695	678	641
ATCol_0_2G35730	GRMZM2G110408_T03.CDS	86.6	0.0	1063	2748	695	678	641
ATCol_0_2G35730	GRMZM2G087598_T03.CDS	85.2	4.67e-09	48.9	115	695	47	27
ATCol_0_2G40010	At2g35390	100	4.31e-291	784	2025	403	404	403
ATCol_0_2G40010	At1g32380	86.8	7.89e-252	685	1767	403	401	403
ATCol_0_2G51010	At2g46820	100	1.25e-114	319	817	174	175	174
ATCol_0_2G32040	At2g26930	100	4.04e-279	752	1942	383	384	383
ATCol_0_2G48030	At2g43710	100	6.75e-303	814	2102	401	402	401
ATCol_0_2G48030	At5g16240	80.2	5.25e-211	581	1498	401	395	349
ATCol_0_2G45610	At2g41220	100	0.0	3209	8319	1629	1630	1629
ATCol_0_2G33810	GRMZM2G110063_T02.CDS	84.6	8.94e-144	409	1052	462	298	240
ATCol_0_2G33890	At2g28880	100	0.0	1851	4794	917	920	917
ATCol_0_2G24890	At2g18950	98.7	1.00e-267	726	1874	433	394	387
ATCol_0_2G31790	At2g26670	100	6.78e-202	548	1413	282	283	282
ATCol_0_2G31790	At1g69720	85.2	3.67e-140	392	1008	282	286	230
ATCol_0_2G43870	At2g39470	100	3.77e-177	482	1241	238	239	238
ATCol_0_2G46020	At2g41680	100	0.0	984	2545	529	530	529
ATCol_0_2G19300	At2g06520	100	2.76e-72	207	527	116	117	116
ATCol_0_2G43680	At2g39290	100	2.78e-192	525	1353	296	297	296
ATCol_0_2G24630	At2g18620	100	3.96e-245	663	1711	347	348	347
ATCol_0_2G24630	At4g36810	82.6	5.76e-172	479	1233	347	372	298
ATCol_0_2G35040	At2g30200	100	1.61e-249	677	1747	367	394	367
ATCol_0_2G26510	At2g20690	100	4.90e-193	525	1352	267	272	266
ATCol_0_2G35390	At2g30570	100	4.47e-86	243	621	133	134	133
ATCol_0_2G31060	At2g25840	99.0	1.20e-296	799	2063	408	413	412
ATCol_0_2G49470	At2g45150	100	6.75e-287	774	1999	391	431	391
ATCol_0_2G36030	At2g31250	100	0.0	998	2581	524	525	524
ATCol_0_2G49600	At2g45290	100	0.0	1476	3822	741	742	741
ATCol_0_2G49600	At3g60750	88.8	0.0	1327	3434	741	742	741
ATCol_0_2G25780	At2g19940	99.8	1.84e-293	790	2040	401	401	401
ATCol_0_2G19020	At2g05710	100	0.0	1965	5091	990	991	990
ATCol_0_2G19020	GRMZM2G020801_T01.CDS	88.8	0.0	1445	3741	990	798	793
ATCol_0_2G27000	At2g21170	100	3.06e-226	613	1580	315	316	315
ATCol_0_2G42190	At2g37690	100	0.0	1253	3243	642	643	642
ATCol_0_2G28450	At2g22890	95.7	1.70e-204	554	1428	267	280	279
ATCol_0_2G35940	At2g31170	100	0.0	1122	2902	563	564	563
ATCol_0_2G43510	At2g39080	92.7	8.29e-242	663	1710	530	352	368
ATCol_0_2G44900	At2g40490	100	1.27e-283	764	1974	394	395	394
ATCol_0_2G48370	At2g44040	100	2.19e-245	664	1712	341	348	341
ATCol_0_2G48370	At3g59890	84.9	1.31e-203	558	1438	341	350	344
ATCol_0_2G48070	At2g43750	100	7.49e-275	742	1916	392	393	392
ATCol_0_2G48070	GRMZM2G082185_T01.CDS	81.7	3.81e-193	536	1380	392	399	333
ATCol_0_2G49720	At2g45440	100	3.86e-277	746	1925	365	366	365
ATCol_0_2G49720	At3g60880	87.7	1.95e-245	665	1717	365	366	365
ATCol_0_2G28080	At2g22480	100	0.0	1081	2796	537	538	537
ATCol_0_2G48830	At2g44530	100	8.32e-289	778	2008	394	395	394
ATCol_0_2G48830	At1g32380	81.7	3.17e-207	572	1473	394	401	350
ATCol_0_2G23690	At2g17630	100	1.97e-308	830	2143	422	423	422
ATCol_0_2G23690	At4g35630	85.4	2.71e-269	731	1887	422	431	432
ATCol_0_2G30360	At2g25080	100	8.18e-171	466	1199	236	237	236
ATCol_0_2G47470	At2g43090	100	7.23e-177	483	1242	251	252	251
ATCol_0_2G36120	At1g06130	83.6	2.43e-204	558	1439	324	332	329
ATCol_0_2G39250	At2g34590	100	7.23e-296	796	2057	406	407	406
ATCol_0_2G39250	At1g30120	91.7	1.60e-267	725	1871	406	407	411
ATCol_0_2G22740	At2g16570	100	0.0	1112	2875	566	567	566
ATCol_0_2G22740	At4g34740	84.6	0.0	910	2352	566	562	571
ATCol_0_2G27900	At2g22250	100	0.0	903	2334	475	476	475
ATCol_0_2G27900	AT2G22250	100	0.0	903	2334	475	476	475
ATCol_0_2G15630	At2g01140	100	8.58e-285	767	1981	391	392	391
ATCol_0_2G15630	At2g21330	80.1	1.82e-205	567	1461	391	400	351
ATCol_0_2G35220	At2g30390	98.1	0.0	966	2498	507	523	517
ATCol_0_2G27150	At2g21330	100	3.52e-288	776	2005	399	400	399
ATCol_0_2G27150	At4g38970	89.9	3.39e-256	696	1795	399	399	397
ATCol_0_2G47480	At2g43100	100	4.91e-182	496	1277	256	257	256
ATCol_0_2G26050	At2g20260	100	1.22e-82	236	601	145	146	145
ATCol_0_2G32910	At2g27820	100	3.22e-299	806	2083	424	425	424
ATCol_0_2G32910	At1g08250	85.1	7.37e-224	615	1587	424	414	388
ATCol_0_2G44710	At2g40300	100	4.87e-179	489	1258	259	260	259
ATCol_0_2G46420	At2g42070	100	5.40e-207	561	1446	280	281	280
ATCol_0_2G27390	At2g21590	100	0.0	1046	2705	523	524	523
ATCol_0_2G27390	At4g39210	84.3	0.0	884	2284	523	522	523
ATCol_0_2G34510	At2g29630	100	0.0	1320	3417	644	645	644
ATCol_0_2G39670	At2g35040	100	0.0	1179	3049	596	597	596
ATCol_0_2G42520	At2g38040	100	0.0	1315	3403	769	770	769
ATCol_0_2G23370	At2g17265	100	8.04e-252	682	1760	370	371	370
ATCol_0_2G49610	At2g45300	100	0.0	1005	2599	520	521	520
ATCol_0_2G49610	At1g48860	96.6	0.0	890	2300	520	522	473
ATCol_0_2G48380	At2g44050	100	2.64e-143	410	1055	600	228	215
ATCol_0_2G27880	At2g22230	100	1.65e-153	421	1082	220	221	220
ATCol_0_2G27880	At5g10160	80.0	5.37e-106	301	770	220	220	195
ATCol_0_2G51860	At2g47730	100	2.81e-180	492	1267	263	264	263
ATCol_0_2G33240	At2g28190	100	4.01e-143	394	1013	216	217	216
ATCol_0_3G43140	At5g63570	90.1	9.82e-312	842	2176	472	475	474
ATCol_0_3G52420	At3g58830	100	7.89e-242	655	1689	343	349	343
ATCol_0_3G40090	At3g45140	100	0.0	1820	4714	896	897	896
ATCol_0_3G42020	At3g47520	100	5.51e-278	751	1939	403	404	403
ATCol_0_3G51010	At3g57280	100	4.38e-161	441	1133	226	227	226
ATCol_0_3G10200	At3g01180	100	0.0	1560	4038	792	793	792
ATCol_0_3G11600	At3g02630	100	1.71e-298	802	2072	396	397	396
ATCol_0_3G11600	At5g16240	85.5	1.94e-251	683	1763	396	395	399
ATCol_0_3G48060	At3g54050	100	1.20e-295	797	2058	417	418	417
ATCol_0_3G29520	At3g21110	100	2.29e-306	823	2127	411	412	411
ATCol_0_3G48620	At3g54660	100	0.0	1113	2878	565	566	565
ATCol_0_3G24690	At3g16140	100	4.32e-101	282	722	145	146	145
ATCol_0_3G24690	At1g52230	91.7	1.06e-92	261	667	145	146	145
ATCol_0_3G10540	At3g01500	100	3.63e-241	653	1685	347	348	347
ATCol_0_3G56520	At3g63410	100	9.90e-257	692	1785	338	338	338
ATCol_0_3G56520	AT3G63410	100	1.03e-256	692	1785	338	339	338
ATCol_0_3G43260	GRMZM2G123922_T01.CDS	86.3	0.0	1419	3673	952	922	866
ATCol_0_3G43260	GRMZM2G009443_T01.CDS	88.3	0.0	1412	3655	952	922	837
ATCol_0_3G43260	GRMZM2G001084_T01.CDS	81.1	0.0	1102	2850	952	897	725
ATCol_0_3G50690	At3g56940	100	2.40e-291	785	2028	409	410	409
ATCol_0_3G55250	At3g62030	100	3.18e-188	514	1324	260	314	260
ATCol_0_3G34820	At3g26840	100	0.0	1385	3584	701	702	701
ATCol_0_3G11030	At3g02020	100	0.0	1074	2778	559	560	559
ATCol_0_3G11030	At5g14060	83.0	3.09e-318	865	2236	559	545	542
ATCol_0_3G23060	At3g14530	100	3.04e-251	680	1754	360	361	360
ATCol_0_3G23060	At3g14550	94.2	1.76e-234	637	1644	360	361	360
ATCol_0_3G23060	At3g29430	87.2	1.11e-211	580	1494	360	358	360
ATCol_0_3G23060	At3g32040	84.4	9.21e-207	567	1462	360	361	360
ATCol_0_3G23060	At3g14510	91.0	5.35e-176	486	1252	360	285	277
ATCol_0_3G33850	At3g25860	100	3.31e-302	819	2115	480	481	480
ATCol_0_3G27170	At3g18680	91.1	5.45e-224	610	1574	339	373	372
ATCol_0_3G22910	At3g14390	100	0.0	963	2489	484	485	484
ATCol_0_3G22910	At5g11880	94.3	0.0	898	2321	484	490	493
ATCol_0_3G11760	At5g16440	81.1	1.19e-168	465	1196	284	292	291
ATCol_0_3G18410	At3g10050	100	0.0	1160	3002	592	593	592
ATCol_0_3G25450	GRMZM2G145595_T01.CDS	82.9	1.60e-312	854	2207	619	563	526
ATCol_0_3G25450	GRMZM2G152958_T01.CDS	82.1	2.28e-308	844	2180	619	566	531
ATCol_0_3G25450	GRMZM2G073774_T01.CDS	82.1	2.28e-308	844	2180	619	566	531
ATCol_0_3G25450	GRMZM2G152958_T02.CDS	81.4	2.99e-283	779	2011	619	530	494
ATCol_0_3G25450	GRMZM2G145595_T02.CDS	88.3	1.39e-169	480	1236	619	281	266
ATCol_0_3G28980	At3g20540	98.6	0.0	2027	5251	1034	1050	1049
ATCol_0_3G11580	At3g02610	100	7.35e-304	817	2111	413	414	413
ATCol_0_3G11580	At3g02620	92.0	1.03e-274	743	1919	413	407	411
ATCol_0_3G11580	At5g16230	82.8	3.53e-244	666	1718	413	402	413
ATCol_0_3G13660	At3g04790	100	8.48e-193	525	1352	276	277	276
ATCol_0_3G33770	At3g25780	100	6.23e-186	506	1303	258	259	258
ATCol_0_3G26280	At3g17810	100	8.70e-311	836	2159	423	427	423
ATCol_0_3G41950	At3g47450	99.6	0.0	1092	2824	561	562	561
ATCol_0_3G45990	At3g51820	97.6	1.23e-271	735	1898	424	388	376
ATCol_0_3G51330	At3g57610	100	0.0	975	2521	490	491	490
ATCol_0_3G37920	At3g32040	100	9.90e-257	694	1790	360	361	360
ATCol_0_3G37920	At3g29430	92.1	1.37e-228	622	1605	360	358	354
ATCol_0_3G37920	At3g14550	84.4	6.13e-212	580	1496	360	361	360
ATCol_0_3G37920	At3g14530	84.4	4.79e-209	573	1477	360	361	360
ATCol_0_3G37920	At3g14510	88.4	1.97e-171	475	1222	360	285	277
ATCol_0_3G19540	At3g11170	100	0.0	944	2439	446	447	446
ATCol_0_3G19540	At5g05580	80.5	1.38e-274	746	1925	446	436	446
ATCol_0_3G31240	At3g22890	100	0.0	939	2426	463	464	463
ATCol_0_3G31240	At4g14680	87.1	3.96e-269	736	1899	463	511	428
ATCol_0_3G42550	At3g48110	100	0.0	2080	5389	1067	1068	1067
ATCol_0_3G15250	At3g06350	100	0.0	1173	3035	603	604	603
ATCol_0_3G36980	At3g29200	100	6.87e-247	667	1721	340	341	340
ATCol_0_3G47630	At3g53580	100	5.43e-271	730	1884	362	363	362
ATCol_0_3G19440	At3g11050	100	4.54e-181	493	1270	253	254	253
ATCol_0_3G24410	At3g15850	100	6.79e-290	778	2010	371	372	371
ATCol_0_3G27950	At3g19480	100	0.0	1061	2744	588	589	588
ATCol_0_3G27950	At4g34200	81.0	6.31e-312	853	2204	588	604	543
ATCol_0_3G48600	At3g54640	100	2.49e-219	595	1534	312	313	312
ATCol_0_3G49710	At3g55800	100	3.50e-285	768	1984	393	394	393
ATCol_0_3G22520	At3g14050	100	0.0	1401	3626	709	710	709
ATCol_0_3G29460	At3g21055	100	6.61e-64	186	473	103	144	103
ATCol_0_3G47920	At3g53900	100	1.56e-214	582	1499	296	297	296
ATCol_0_3G20280	AT3G11945	93.9	5.11e-251	682	1759	386	394	393
ATCol_0_3G21090	At3g12780	100	0.0	900	2325	481	482	481
ATCol_0_3G21090	At1g56190	90.2	1.07e-300	815	2105	481	479	481
ATCol_0_3G16530	At3g07630	100	1.11e-275	743	1919	381	382	381
ATCol_0_3G13740	At3g04870	100	0.0	1116	2887	558	559	558
ATCol_0_3G37200	At3g29430	100	2.93e-252	682	1760	357	358	357
ATCol_0_3G37200	At3g32040	91.4	3.20e-227	619	1596	357	361	360
ATCol_0_3G37200	At3g14550	87.8	5.98e-216	590	1522	357	361	360
ATCol_0_3G37200	At3g14530	87.2	9.43e-213	582	1501	357	361	360
ATCol_0_3G37200	At3g14510	91.3	1.17e-176	488	1256	357	285	277
ATCol_0_3G23080	At3g14550	99.7	1.35e-254	688	1776	360	361	360
ATCol_0_3G23080	At3g14530	94.4	4.51e-237	644	1661	360	361	360
ATCol_0_3G23080	At3g29430	87.5	8.56e-216	590	1521	360	358	360
ATCol_0_3G23080	At3g32040	84.7	3.04e-212	581	1498	360	361	360
ATCol_0_3G23080	At3g14510	93.1	2.06e-180	498	1281	360	285	277
ATCol_0_3G50480	At3g56700	100	0.0	1078	2789	548	549	548
ATCol_0_3G51270	At3g57560	100	1.96e-245	664	1713	347	348	347
ATCol_0_3G24800	At3g16250	100	1.38e-153	420	1079	204	205	204
ATCol_0_3G32220	At3g23940	100	0.0	1207	3122	608	609	608
ATCol_0_3G54120	At3g60750	100	0.0	1471	3807	741	742	741
ATCol_0_3G54120	At2g45290	88.8	0.0	1321	3418	741	742	741
ATCol_0_3G11640	At3g02660	100	0.0	996	2574	511	512	511
ATCol_0_3G49910	At3g56040	99.9	0.0	1776	4599	883	884	883
ATCol_0_3G47040	At3g52960	100	1.10e-158	435	1119	234	235	234
ATCol_0_3G35660	At3g27740	92.5	1.08e-316	853	2203	465	431	465
ATCol_0_3G49320	At3g55400	100	0.0	1238	3203	616	617	616
ATCol_0_3G23460	At3g14930	100	6.66e-314	843	2178	418	419	418
ATCol_0_3G10480	At3g01440	100	1.60e-160	439	1128	220	221	220
ATCol_0_3G22970	At3g14440	100	0.0	1205	3117	599	600	599
ATCol_0_3G42980	At3g48560	100	0.0	1258	3256	670	671	670
ATCol_0_3G43990	At3g49680	100	1.42e-301	811	2096	413	414	413
ATCol_0_3G49960	At3g56090	100	6.92e-179	488	1257	259	260	259
ATCol_0_3G17560	At3g09150	100	2.79e-245	662	1708	329	330	329
ATCol_0_3G33750	At3g25760	100	6.23e-184	501	1289	254	255	254
ATCol_0_3G33750	At3g25770	89.0	1.78e-160	441	1135	254	254	254
ATCol_0_3G12540	At3g03630	100	1.62e-249	679	1751	392	405	377
ATCol_0_3G34630	At3g26650	100	9.32e-287	773	1995	396	397	396
ATCol_0_3G34630	At1g12900	90.0	4.02e-260	707	1825	396	442	400
ATCol_0_3G34630	At1g42970	80.5	6.64e-195	542	1397	396	448	344
ATCol_0_3G32200	At3g23920	100	0.0	1184	3063	575	576	575
ATCol_0_3G52200	At3g58610	100	0.0	1136	2939	591	592	591
ATCol_0_3G52200	GRMZM2G004382_T02.CDS	90.4	0.0	922	2384	591	580	512
ATCol_0_3G52200	GRMZM2G004382_T01.CDS	88.6	1.56e-257	710	1833	591	475	403
ATCol_0_3G47190	At3g53130	100	0.0	1043	2697	539	540	539
ATCol_0_3G11590	At3g02620	98.3	2.38e-290	782	2020	399	407	406
ATCol_0_3G11590	At3g02610	90.0	4.50e-267	724	1868	399	414	411
ATCol_0_3G10130	At3g01120	100	0.0	1004	2596	563	564	563
ATCol_0_3G10520	At3g01480	100	2.26e-317	853	2205	437	438	437
ATCol_0_3G28770	At3g20320	100	1.06e-273	738	1906	381	382	381
ATCol_0_3G45050	At3g50820	100	4.77e-238	644	1661	331	332	331
ATCol_0_3G45050	At5g66570	90.7	8.81e-216	588	1515	331	333	332
ATCol_0_3G30800	At3g22425	100	3.45e-189	515	1327	270	271	270
ATCol_0_3G30800	At4g14910	81.5	7.71e-142	397	1020	270	309	260
ATCol_0_3G33760	At3g25770	100	4.54e-181	493	1270	253	254	253
ATCol_0_3G33760	At3g25760	89.0	1.03e-159	439	1130	253	255	254
ATCol_0_3G53330	At3g59890	100	1.35e-253	685	1767	349	350	349
ATCol_0_3G53330	At2g44040	84.9	6.42e-208	569	1467	349	348	350
ATCol_0_3G31320	At3g22960	100	0.0	1110	2872	809	597	591
ATCol_0_3G52510	At3g58990	100	5.53e-182	496	1276	253	254	253
ATCol_0_4G30720	At4g19170	100	0.0	1187	3071	595	596	595
ATCol_0_4G48820	At4g37925	100	6.76e-156	427	1097	217	218	217
ATCol_0_4G41100	At4g29890	100	0.0	873	2255	422	423	422
ATCol_0_4G33460	At4g21990	100	0.0	894	2311	458	459	458
ATCol_0_4G33460	At4g04610	83.0	4.74e-281	764	1972	458	466	466
ATCol_0_4G18080	At1g03475	84.7	3.12e-224	612	1579	356	387	360
ATCol_0_4G15400	At4g00600	100	4.52e-222	602	1552	314	311	310
ATCol_0_4G25590	At4g14210	100	0.0	1135	2937	566	567	566
ATCol_0_4G43050	AT4G31990	100	0.0	919	2375	462	463	462
ATCol_0_4G43050	At4g31990	100	0.0	896	2315	462	454	451
ATCol_0_4G35980	At4g24620	100	0.0	1215	3144	613	614	613
ATCol_0_4G23520	At4g11980	100	4.15e-221	599	1545	309	310	309
ATCol_0_4G23130	At4g11570	100	6.64e-273	736	1899	373	374	373
ATCol_0_4G38380	At4g27030	100	8.28e-219	595	1533	323	324	323
ATCol_0_4G30020	At4g18440	100	0.0	1048	2709	536	537	536
ATCol_0_4G30020	At1g36280	87.7	0.0	898	2321	536	528	536
ATCol_0_4G30070	At4g18480	100	1.43e-302	815	2105	424	425	424
ATCol_0_4G30070	At5g45930	83.0	7.55e-246	671	1732	424	419	424
ATCol_0_4G30070	GRMZM2G419806_T01.CDS	82.2	3.72e-212	586	1511	424	423	370
ATCol_0_4G37060	At4g25700	100	2.42e-225	610	1573	310	311	310
ATCol_0_4G48570	At4g37670	100	0.0	1221	3160	613	614	613
ATCol_0_4G42120	At4g30950	100	0.0	935	2416	448	449	448
ATCol_0_4G42080	At4g30920	99.8	0.0	1100	2845	1180	584	577
ATCol_0_4G42080	At4g30910	95.8	0.0	1021	2641	1180	605	566
ATCol_0_4G20570	At4g08390	100	1.16e-239	652	1682	384	373	368
ATCol_0_4G44080	At4g33030	100	0.0	957	2473	477	478	477
ATCol_0_4G45410	At4g34350	100	0.0	939	2426	466	467	466
ATCol_0_4G49310	At4g38460	100	1.13e-238	645	1664	326	327	326
ATCol_0_4G16500	At4g01690	100	0.0	1061	2745	537	538	537
ATCol_0_4G42930	At4g31870	100	7.58e-170	463	1192	233	234	233
ATCol_0_4G49800	At4g38970	100	6.58e-288	776	2003	398	399	398
ATCol_0_4G49800	At2g21330	89.7	5.86e-257	697	1800	398	400	398
ATCol_0_4G38770	At4g27440	100	7.63e-284	766	1977	401	402	401
ATCol_0_4G38770	At5g54190	87.2	1.09e-245	669	1727	401	406	405
ATCol_0_4G26410	At4g14910	100	7.79e-191	521	1342	272	309	263
ATCol_0_4G26410	At3g22425	82.2	3.59e-148	412	1058	272	271	269
ATCol_0_4G32690	At4g21280	99.6	3.36e-141	390	1002	223	225	224
ATCol_0_4G27030	At4g15560	91.9	1.36e-09	54.7	130	287	718	37
ATCol_0_4G17650	At4g02770	100	1.17e-147	405	1041	208	209	208
ATCol_0_4G17650	At1g03130	93.3	6.50e-135	373	957	208	205	208
ATCol_0_4G43830	At4g32770	100	0.0	1025	2650	488	489	488
ATCol_0_4G45800	At4g34740	100	0.0	1095	2831	561	562	561
ATCol_0_4G45800	At2g16570	84.4	0.0	910	2353	561	567	571
ATCol_0_4G28810	At4g17300	100	0.0	1128	2917	567	588	567
ATCol_0_4G41060	At4g29840	100	0.0	1066	2756	526	527	526
ATCol_0_4G41060	At1g72810	81.8	1.35e-301	821	2120	526	517	500
ATCol_0_4G33740	At4g22260	100	1.93e-238	647	1668	351	352	351
ATCol_0_4G36430	At4g25080	100	3.59e-204	557	1436	312	327	292
ATCol_0_4G47340	At4g36390	100	0.0	1258	3255	640	641	640
ATCol_0_4G40080	At4g28750	100	7.23e-74	213	543	143	144	143
ATCol_0_4G32380	At4g20960	100	3.83e-308	829	2142	426	427	426
ATCol_0_4G46620	At4g35630	100	1.53e-316	851	2198	430	431	430
ATCol_0_4G46620	At2g17630	85.4	8.28e-271	735	1897	430	423	432
ATCol_0_4G15280	At4g00490	100	0.0	1130	2924	542	543	542
ATCol_0_4G43590	At4g32520	100	0.0	1048	2709	1210	530	528
ATCol_0_4G17660	At4g02780	100	0.0	1612	4173	802	803	802
ATCol_0_4G38250	At4g26900	100	0.0	1149	2971	592	593	592
ATCol_0_4G49940	At4g39120	100	3.69e-252	682	1760	346	376	346
ATCol_0_4G38420	At4g27070	100	0.0	923	2385	937	476	471
ATCol_0_4G38420	At5g54810	90.3	6.44e-301	834	2154	937	471	474
ATCol_0_4G24230	At4g12800	100	9.95e-153	421	1083	219	282	219
ATCol_0_4G19470	At4g05180	100	6.39e-156	428	1100	230	231	230
ATCol_0_4G43860	At4g32810	100	0.0	1184	3062	570	571	570
ATCol_0_4G43860	AT4G32810	95.6	0.0	1169	3025	570	597	596
ATCol_0_4G24800	At4g13430	100	0.0	1025	2651	509	510	509
ATCol_0_4G24800	GRMZM2G370852_T01.CDS	83.9	5.94e-298	810	2093	509	506	454
ATCol_0_4G24800	GRMZM2G370852_T03.CDS	83.7	2.41e-297	809	2089	509	506	454
ATCol_0_4G24800	GRMZM2G010044_T02.CDS	83.0	5.61e-293	798	2060	509	503	454
ATCol_0_4G24800	GRMZM2G010044_T03.CDS	83.0	6.04e-293	798	2060	509	505	454
ATCol_0_4G24800	GRMZM2G010044_T01.CDS	83.0	6.27e-293	798	2060	509	506	454
ATCol_0_4G18160	At4g03280	100	1.31e-168	460	1183	229	230	229
ATCol_0_4G44520	At4g33510	100	0.0	1012	2616	507	508	507
ATCol_0_4G44520	At1g22410	85.0	3.40e-288	786	2031	507	528	448
ATCol_0_4G34540	At4g23100	100	0.0	1054	2726	533	523	522
ATCol_0_4G36200	At4g24830	100	0.0	961	2484	494	495	494
ATCol_0_4G31180	At4g19710	100	0.0	1805	4674	916	917	916
ATCol_0_4G29910	At4g18350	100	0.0	1170	3026	583	584	583
ATCol_0_4G27090	At4g15560	100	0.0	1419	3672	717	718	717
ATCol_0_4G45240	At4g34200	100	0.0	1120	2897	603	604	603
ATCol_0_4G45240	At3g19480	81.0	1.51e-310	850	2195	603	589	543
ATCol_0_4G26110	At4g14680	98.4	4.76e-310	839	2168	465	511	428
ATCol_0_4G26110	At3g22890	87.6	3.07e-299	810	2092	465	464	466
ATCol_0_4G18900	At4g04610	100	0.0	917	2371	465	466	465
ATCol_0_4G18900	At4g21990	83.0	5.04e-283	769	1985	465	459	466
ATCol_0_4G49700	At4g38880	100	0.0	1038	2683	532	533	532
ATCol_0_4G50790	At4g39980	100	0.0	1038	2683	525	526	525
ATCol_0_4G44710	At4g33680	100	0.0	927	2395	461	462	461
ATCol_0_5G29040	At5g23010	100	0.0	986	2548	506	535	506
ATCol_0_5G41830	At5g43780	100	0.0	940	2430	469	470	469
ATCol_0_5G14150	At5g05580	100	0.0	933	2412	435	436	435
ATCol_0_5G14150	At3g11170	80.5	1.57e-273	743	1918	435	447	446
ATCol_0_5G20750	At5g13420	100	7.51e-312	840	2169	438	439	438
ATCol_0_5G24300	At5g17230	100	2.40e-309	832	2149	422	423	422
ATCol_0_5G24300	AT5G17230	96.6	3.89e-305	822	2123	422	438	437
ATCol_0_5G20620	At5g13280	100	0.0	1091	2822	569	570	569
ATCol_0_5G61230	At5g64300	100	0.0	1042	2694	543	544	543
ATCol_0_5G35030	At5g35790	100	0.0	1150	2974	576	577	576
ATCol_0_5G35030	GRMZM2G177077_T01.CDS	84.0	1.21e-307	842	2174	576	599	486
ATCol_0_5G35030	At5g13110	82.4	4.31e-305	835	2157	576	597	488
ATCol_0_5G35030	At1g24280	81.2	1.36e-297	816	2108	576	600	485
ATCol_0_5G22690	At5g15530	100	1.86e-149	414	1063	255	256	255
ATCol_0_5G13530	At5g04900	99.1	1.01e-243	670	1729	593	349	347
ATCol_0_5G28680	At5g22620	100	0.0	953	2463	482	483	482
ATCol_0_5G12340	At5g03555	100	0.0	1144	2959	599	600	599
ATCol_0_5G34880	At5g35630	100	0.0	883	2281	430	431	430
ATCol_0_5G22610	GRMZM2G162968_T01.CDS	84.2	0.0	1429	3699	968	975	897
ATCol_0_5G22610	GRMZM2G130121_T01.CDS	81.8	0.0	969	2505	968	654	636
ATCol_0_5G55140	At5g57890	100	2.28e-200	544	1401	273	274	273
ATCol_0_5G55140	At1g25220	89.2	8.00e-182	498	1281	273	290	288
ATCol_0_5G55140	At1g24909	94.6	1.48e-152	421	1082	273	223	221
ATCol_0_5G55140	At1g24807	89.3	1.07e-148	412	1058	273	236	234
ATCol_0_5G58700	At5g61580	100	0.0	1052	2720	530	531	530
ATCol_0_5G36970	At5g38430	98.9	1.31e-133	367	943	181	182	181
ATCol_0_5G36970	At5g38420	98.9	2.64e-133	367	941	181	182	181
ATCol_0_5G36970	At5g38410	95.2	2.90e-129	357	915	181	187	186
ATCol_0_5G36970	At1g67090	92.7	3.08e-125	346	888	181	181	179
ATCol_0_5G47810	At5g49970	100	0.0	1081	2796	530	531	530
ATCol_0_5G25630	At5g18660	100	2.76e-301	811	2095	417	418	417
ATCol_0_5G10200	At5g01220	100	0.0	1000	2585	510	511	510
ATCol_0_5G46910	At5g49030	100	0.0	2196	5689	1093	1280	1093
ATCol_0_5G14160	At5g05590	100	4.60e-201	546	1406	275	276	275
ATCol_0_5G14160	At1g07780	99.6	1.87e-200	544	1402	275	276	275
ATCol_0_5G14160	At1g29410	91.5	3.26e-127	358	918	275	245	200
ATCol_0_5G58530	At5g61410	100	1.72e-199	542	1397	281	282	281
ATCol_0_5G46200	At5g48300	100	0.0	1010	2611	520	521	520
ATCol_0_5G22450	GRMZM2G087598_T03.CDS	81.5	4.61e-09	48.9	115	686	47	27
ATCol_0_5G60990	At5g64040	100	1.85e-94	268	685	171	182	142
ATCol_0_5G34570	At5g35170	100	0.0	1105	2858	588	589	588
ATCol_0_5G23570	At5g16440	100	6.55e-209	567	1461	291	292	291
ATCol_0_5G50220	At5g52570	100	2.63e-189	518	1335	303	304	303
ATCol_0_5G63940	At5g67030	100	0.0	1301	3368	667	668	667
ATCol_0_5G27810	At5g20980	100	0.0	1585	4103	812	813	812
ATCol_0_5G22020	At5g14760	100	0.0	1289	3336	651	652	651
ATCol_0_5G21860	At5g14590	100	0.0	910	2351	467	486	467
ATCol_0_5G51190	At5g53580	100	4.14e-272	733	1892	365	366	365
ATCol_0_5G30430	At5g24400	100	1.00e-236	640	1651	325	326	325
ATCol_0_5G51760	At5g54190	100	5.39e-286	771	1992	405	406	405
ATCol_0_5G51760	At4g27440	87.2	1.56e-245	669	1726	405	402	405
ATCol_0_5G10560	At5g01600	100	2.94e-178	486	1252	255	256	255
ATCol_0_5G60300	At5g63310	100	3.22e-170	464	1194	231	232	231
ATCol_0_5G63490	At5g66570	100	1.27e-238	645	1665	332	333	332
ATCol_0_5G63490	At3g50820	90.7	4.38e-216	588	1517	332	332	332
ATCol_0_5G19770	At5g12040	100	4.13e-247	669	1726	344	370	344
ATCol_0_5G40750	At5g42650	100	0.0	1040	2688	518	519	518
ATCol_0_5G50560	At5g52920	100	0.0	1118	2892	579	580	579
ATCol_0_5G43740	At5g45680	100	1.32e-153	420	1080	208	209	208
ATCol_0_5G29050	At5g23020	100	0.0	972	2512	503	504	503
ATCol_0_5G51060	At5g53460	100	0.0	4360	11307	2208	2209	2208
ATCol_0_5G30300	At5g24300	100	0.0	1335	3455	652	653	652
ATCol_0_5G63370	At5g66450	100	1.68e-161	447	1151	286	309	239
ATCol_0_5G44000	At5g45930	100	9.97e-300	807	2085	418	419	418
ATCol_0_5G44000	At4g18480	83.0	6.39e-247	674	1739	418	425	424
ATCol_0_5G44000	GRMZM2G419806_T01.CDS	80.3	7.28e-213	588	1515	418	423	385
ATCol_0_5G16620	At5g08280	100	4.88e-275	742	1915	382	383	382
ATCol_0_5G55520	At5g58260	100	3.81e-158	432	1110	209	210	209
ATCol_0_5G26180	At5g19220	100	0.0	1019	2634	522	523	522
ATCol_0_5G63150	At5g66190	100	1.67e-264	713	1841	360	361	360
ATCol_0_5G63150	Potri.005G112900	85.0	5.72e-227	619	1595	360	364	367
ATCol_0_5G63150	Potri.007G057200	83.7	1.74e-221	605	1559	360	364	367
ATCol_0_5G48650	GRMZM2G123922_T01.CDS	89.7	0.0	1485	3844	929	922	868
ATCol_0_5G48650	GRMZM2G009443_T01.CDS	87.0	0.0	1461	3783	929	922	891
ATCol_0_5G48650	GRMZM2G001084_T01.CDS	84.5	0.0	1147	2966	929	897	724
ATCol_0_5G63090	At5g66120	100	3.15e-320	861	2225	442	443	442
ATCol_0_5G35590	At5g36790	100	2.03e-266	718	1854	362	363	362
ATCol_0_5G35590	At5g36700	100	2.03e-266	718	1854	362	363	362
ATCol_0_5G49490	At5g51820	100	0.0	1234	3192	623	624	623
ATCol_0_5G18040	At5g10160	100	1.25e-152	419	1076	219	220	219
ATCol_0_5G18040	At2g22230	80.0	3.24e-107	304	778	219	221	195
ATCol_0_5G54300	AT5G57030	100	0.0	1045	2702	524	525	524
ATCol_0_5G54300	At5g57030	100	0.0	1045	2702	524	524	524
ATCol_0_5G55590	At5g58330	100	0.0	889	2298	443	444	443
ATCol_0_5G28840	At5g22800	99.4	0.0	1748	4526	978	1004	956
ATCol_0_5G36960	At5g38410	97.3	1.05e-131	363	931	181	187	186
ATCol_0_5G36960	At5g38430	96.7	1.03e-130	360	924	181	182	181
ATCol_0_5G36960	At5g38420	96.7	2.08e-130	359	922	181	182	181
ATCol_0_5G36960	At1g67090	91.6	2.95e-123	341	875	181	181	179
ATCol_0_5G21920	At5g14660	100	2.01e-194	529	1362	273	274	273
ATCol_0_5G28690	At5g22630	100	1.38e-305	823	2125	425	426	425
ATCol_0_5G28690	At3g44720	80.1	3.81e-229	629	1623	425	425	422
ATCol_0_5G48830	At5g51110	100	3.76e-159	435	1119	220	221	220
ATCol_0_5G61810	At5g64860	100	0.0	1174	3037	576	577	576
ATCol_0_5G18740	At5g10920	100	0.0	1016	2627	517	518	517
ATCol_0_5G48020	At5g50210	100	0.0	1395	3610	718	719	718
ATCol_0_5G34530	At5g35100	100	1.52e-186	510	1313	281	291	250
ATCol_0_5G23530	At5g16390	100	2.22e-161	446	1147	283	281	273
ATCol_0_5G45790	At5g47840	100	5.77e-199	541	1394	283	284	283
ATCol_0_5G50140	At5g52520	100	0.0	1088	2813	543	544	543
ATCol_0_5G44330	At5g46290	96.7	0.0	922	2384	473	490	489
ATCol_0_5G23380	At5g16240	100	2.82e-296	796	2057	394	395	394
ATCol_0_5G23380	At3g02630	85.5	1.59e-250	681	1757	394	397	399
ATCol_0_5G23380	At2g43710	80.2	1.80e-211	582	1501	394	402	349
ATCol_0_5G42580	At5g44520	100	4.15e-208	566	1460	296	327	296
ATCol_0_5G20450	At5g13110	100	0.0	1176	3043	596	597	596
ATCol_0_5G20450	At1g24280	88.1	0.0	988	2554	596	600	572
ATCol_0_5G20450	GRMZM2G177077_T01.CDS	88.1	0.0	885	2286	596	599	488
ATCol_0_5G20450	At5g35790	82.7	7.35e-304	832	2149	596	577	486
ATCol_0_5G21110	At5g13800	100	0.0	956	2472	484	508	484
ATCol_0_5G32860	At5g27380	96.3	0.0	1000	2585	519	540	539
ATCol_0_5G59820	At5g62790	95.6	0.0	926	2394	476	498	497
ATCol_0_5G52320	At5g54810	100	0.0	925	2391	470	471	470
ATCol_0_5G52320	At4g27070	90.2	3.29e-312	843	2179	470	476	478
ATCol_0_5G17080	At5g08740	99.2	0.0	984	2544	1030	520	519
ATCol_0_5G41800	At5g43750	100	4.10e-159	434	1117	212	213	212
ATCol_0_5G23370	At5g16230	100	5.95e-297	799	2063	401	402	401
ATCol_0_5G23370	At3g02610	83.3	2.41e-244	666	1719	401	414	413
ATCol_0_5G20460	At5g13120	100	5.76e-187	509	1310	259	260	259
ATCol_0_5G31830	At5g26030	100	0.0	914	2363	466	467	466
ATCol_0_5G60520	At5g63570	100	0.0	931	2406	474	475	474
ATCol_0_5G12860	At5g04140	98.4	0.0	3171	8222	1622	1649	1648
ATCol_0_5G12860	At2g41220	80.8	0.0	2627	6809	1622	1630	1613
ATCol_0_5G20950	At5g13630	100	0.0	2704	7008	1381	1382	1381
ATCol_0_5G13240	At5g04590	100	0.0	1281	3315	642	643	642
ATCol_0_5G34650	At5g35360	100	0.0	1026	2654	537	556	522
ATCol_0_5G17560	At5g09650	100	6.69e-227	613	1581	300	301	300
ATCol_0_5G23830	At5g16715	97.7	0.0	1898	4917	1213	975	974
ATCol_0_5G23830	At5g16710	100	5.05e-178	520	1339	1213	259	257
ATCol_0_5G25010	At5g17990	100	2.12e-305	824	2128	444	445	444
ATCol_0_5G19620	At5g11880	100	0.0	973	2516	489	490	489
ATCol_0_5G19620	At3g14390	94.3	0.0	900	2325	489	485	493
