ATSah_0_1G30470	At1g22170	99.4	4.95e-237	642	1655	334	335	334
ATSah_0_1G30470	At1g78050	83.8	1.05e-166	464	1193	334	333	284
ATSah_0_1G54900	At1g62180	98.5	0.0	877	2267	454	455	454
ATSah_0_1G58020	At1g65410	96.8	9.66e-211	577	1486	355	346	308
ATSah_0_1G58020	GRMZM5G868168_T01.CDS	83.4	1.90e-165	461	1185	355	313	271
ATSah_0_1G58020	GRMZM5G868168_T04.CDS	83.4	2.91e-164	461	1185	355	390	271
ATSah_0_1G58020	GRMZM5G868168_T02.CDS	84.3	2.81e-130	368	944	355	218	216
ATSah_0_1G66770	At1g74710	99.8	0.0	1062	2747	569	623	552
ATSah_0_1G18210	At1g09420	97.3	0.0	1230	3183	625	636	635
ATSah_0_1G37070	At1g30380	100	2.62e-88	249	635	130	131	130
ATSah_0_1G27290	At1g18730	98.9	7.33e-128	352	904	175	176	175
ATSah_0_1G47530	At1g52230	100	1.83e-102	286	731	145	146	145
ATSah_0_1G47530	At3g16140	91.7	1.82e-93	263	672	145	146	145
ATSah_0_1G19600	At1g10700	99.8	9.16e-297	799	2064	411	412	411
ATSah_0_1G17320	At1g08510	100	1.28e-308	829	2142	412	413	412
ATSah_0_1G18690	At1g09830	95.5	0.0	970	2507	532	533	532
ATSah_0_1G56600	At1g63940	99.4	0.0	948	2451	486	494	486
ATSah_0_1G17360	At1g08550	99.6	0.0	881	2276	462	463	462
ATSah_0_1G59690	At1g67280	100	3.78e-265	714	1843	350	351	350
ATSah_0_1G59690	GRMZM2G076006_T02.CDS	83.4	1.13e-185	513	1321	350	348	289
ATSah_0_1G59690	GRMZM2G076006_T01.CDS	88.0	7.81e-55	171	433	350	94	92
ATSah_0_1G50630	At1g56190	100	0.0	900	2327	478	479	478
ATSah_0_1G50630	At3g12780	90.2	2.61e-301	816	2109	478	482	481
ATSah_0_1G63050	At1g70760	100	8.09e-142	389	999	191	192	191
ATSah_0_1G66110	At1g74030	99.4	0.0	932	2408	477	478	477
ATSah_0_1G30700	At1g22410	97.3	0.0	1018	2633	528	528	528
ATSah_0_1G30700	At4g39980	85.7	2.77e-292	798	2060	528	526	453
ATSah_0_1G36610	At1g29900	99.8	0.0	2310	5986	1187	1188	1187
ATSah_0_1G38900	At1g32440	99.3	0.0	1089	2816	571	572	571
ATSah_0_1G26520	A0A7G2DUG9	97.9	0.0	956	2470	573	963	521
ATSah_0_1G72420	At1g80600	99.8	0.0	884	2284	457	458	457
ATSah_0_1G36840	At1g30120	99.8	6.46e-299	804	2077	406	407	406
ATSah_0_1G36840	At2g34590	92.0	2.37e-269	729	1883	406	407	411
ATSah_0_1G45760	At1g50170	99.6	1.87e-166	454	1168	225	226	225
ATSah_0_1G38530	At1g32060	100	2.40e-293	789	2038	395	396	395
ATSah_0_1G38530	GRMZM2G162529_T02.CDS	89.5	1.59e-234	641	1653	395	406	351
ATSah_0_1G38530	GRMZM2G026024_T02.CDS	90.1	1.18e-227	630	1626	395	583	343
ATSah_0_1G38530	GRMZM2G463280_T02.CDS	80.4	8.19e-208	572	1475	395	382	347
ATSah_0_1G38530	GRMZM2G162529_T01.CDS	84.6	2.61e-25	94.0	232	395	61	52
ATSah_0_1G64650	At1g72520	99.9	0.0	1840	4765	926	927	926
ATSah_0_1G64650	At1g17420	83.1	0.0	1546	4004	926	920	927
ATSah_0_1G12510	At1g03630	100	4.81e-287	774	1998	401	402	401
ATSah_0_1G40800	At1g35250	93.1	1.17e-128	355	911	179	189	188
ATSah_0_1G42260	At1g43800	99.0	1.81e-286	771	1992	391	392	391
ATSah_0_1G40430	At1g34430	100	1.51e-311	841	2173	465	466	465
ATSah_0_1G37990	At1g31330	99.5	1.59e-156	429	1102	221	222	221
ATSah_0_1G17060	At1g08250	100	1.52e-296	799	2063	413	414	413
ATSah_0_1G17060	At2g27820	84.4	2.77e-228	627	1616	413	425	391
ATSah_0_1G66560	At1g74470	100	0.0	923	2385	467	468	467
ATSah_0_1G28200	At1g19800	100	3.43e-252	681	1758	350	351	350
ATSah_0_1G45830	GRMZM2G126361_T01.CDS	90.9	0.0	1073	2775	716	689	605
ATSah_0_1G45830	GRMZM2G126361_T02.CDS	90.9	0.0	1073	2775	716	689	605
ATSah_0_1G45830	GRMZM2G126361_T03.CDS	85.7	3.20e-152	443	1140	716	379	265
ATSah_0_1G38840	At1g32380	99.5	1.22e-284	768	1982	400	401	400
ATSah_0_1G38840	At2g35390	86.8	6.43e-251	682	1761	400	404	403
ATSah_0_1G38840	At2g44530	81.7	2.63e-206	569	1467	400	395	350
ATSah_0_1G70230	At1g78390	99.3	0.0	1209	3127	607	658	607
ATSah_0_1G41330	At1g36280	99.6	0.0	1019	2635	529	528	529
ATSah_0_1G41330	At4g18440	87.9	0.0	906	2341	529	537	536
ATSah_0_1G27210	At1g18640	100	8.56e-216	585	1509	312	296	295
ATSah_0_1G38670	At1g32200	99.3	0.0	889	2296	459	460	459
ATSah_0_1G39230	At1g32900	99.5	0.0	1207	3123	610	611	610
ATSah_0_1G66120	At1g74040	99.4	0.0	1212	3137	631	632	631
ATSah_0_1G66120	At1g18500	86.1	0.0	1051	2718	631	632	634
ATSah_0_1G56630	At1g63970	99.6	9.52e-163	445	1145	231	232	231
ATSah_0_1G29890	At1g21640	98.4	0.0	1930	4999	985	1000	999
ATSah_0_1G68920	At1g77060	100	1.43e-243	659	1699	339	340	339
ATSah_0_1G26390	At1g17745	95.4	0.0	1151	2977	624	652	651
ATSah_0_1G52330	At1g58290	100	0.0	1031	2666	543	544	543
ATSah_0_1G52330	At1g09940	81.0	6.95e-298	813	2099	543	531	542
ATSah_0_1G58970	At1g66430	97.7	3.12e-267	722	1864	382	385	384
ATSah_0_1G17180	At1g08380	100	3.09e-103	287	735	140	141	140
ATSah_0_1G28390	At1g20020	100	5.91e-274	738	1905	369	370	369
ATSah_0_1G44640	At1g48860	100	0.0	1006	2601	521	522	521
ATSah_0_1G44640	At2g45300	91.9	0.0	891	2303	521	521	505
ATSah_0_1G44640	At1g48850	86.4	1.06e-11	62.8	151	521	437	44
ATSah_0_1G57670	At1g64970	99.1	1.32e-243	659	1701	346	349	348
ATSah_0_1G12380	At1g03475	100	1.51e-296	796	2057	386	387	386
ATSah_0_1G31940	At1g23740	98.7	5.61e-267	722	1863	386	387	386
ATSah_0_1G14970	At1g06130	99.7	4.64e-245	662	1707	331	332	331
ATSah_0_1G22900	At1g14150	98.9	1.34e-135	373	958	190	191	190
ATSah_0_1G32540	At1g24360	100	3.67e-220	598	1541	319	320	319
ATSah_0_1G32540	GRMZM2G043602_T02.CDS	80.1	6.12e-120	340	873	319	226	216
ATSah_0_1G54480	At1g61680	98.4	3.36e-171	481	1237	256	570	256
ATSah_0_1G24440	At1g15710	100	3.20e-260	702	1812	354	359	349
ATSah_0_1G12040	At1g03130	100	5.83e-146	400	1029	204	205	204
ATSah_0_1G12040	At4g02770	93.3	7.76e-136	375	963	204	209	208
ATSah_0_1G44630	At1g48850	100	4.05e-315	848	2190	436	437	436
ATSah_0_1G44630	At1g48860	84.4	2.74e-11	61.2	147	436	522	45
ATSah_0_1G72380	At1g80560	100	1.38e-288	778	2009	405	406	405
ATSah_0_1G72380	At1g31180	85.6	7.82e-248	676	1743	405	420	403
ATSah_0_1G72380	At5g14200	84.8	6.29e-247	673	1736	405	410	409
ATSah_0_1G29710	At1g77060	82.5	3.22e-198	544	1401	336	340	338
ATSah_0_1G40820	At1g35290	97.1	2.82e-49	149	377	70	190	70
ATSah_0_1G22070	At1g13280	99.2	1.49e-174	492	1266	618	255	254
ATSah_0_1G37890	At1g31220	99.0	6.33e-212	575	1481	292	293	292
ATSah_0_1G69350	At1g77490	99.5	4.66e-309	832	2148	426	427	426
ATSah_0_1G69920	At1g78050	100	8.91e-239	646	1666	332	333	332
ATSah_0_1G71350	At1g79530	100	1.73e-302	815	2104	422	423	422
ATSah_0_1G71350	At1g16300	86.9	6.70e-256	697	1798	422	421	421
ATSah_0_1G18630	At1g09795	98.6	4.65e-289	780	2014	414	414	414
ATSah_0_1G18630	At1g58080	83.1	1.20e-233	640	1650	414	412	391
ATSah_0_1G60690	At1g68280	97.2	1.91e-126	350	897	180	193	180
ATSah_0_1G60690	At1g68260	82.8	1.06e-102	290	741	180	191	180
ATSah_0_1G42560	At1g44575	82.0	2.00e-170	469	1208	311	266	311
ATSah_0_1G50900	At1g54570	99.7	0.0	1388	3593	704	705	704
ATSah_0_1G42540	At1g44446	100	0.0	1098	2841	536	537	536
ATSah_0_1G66930	At1g74880	98.1	5.28e-106	296	757	158	159	158
ATSah_0_1G15510	At1g06680	100	5.93e-182	496	1278	263	264	263
ATSah_0_1G67350	At1g75330	100	3.53e-269	726	1875	375	376	375
ATSah_0_1G72200	At1g80380	99.6	0.0	916	2367	456	457	456
ATSah_0_1G14480	At1g05610	98.1	0.0	922	2382	476	483	482
ATSah_0_1G27430	At1g18870	98.4	0.0	1095	2831	562	563	562
ATSah_0_1G52150	At1g58080	98.4	4.56e-238	700	1806	1896	412	369
ATSah_0_1G52150	At1g09795	82.5	4.13e-184	557	1436	1896	414	349
ATSah_0_1G33040	At1g25410	89.2	7.88e-212	578	1490	330	343	342
ATSah_0_1G50100	At1g55670	99.4	2.71e-109	304	779	160	161	160
ATSah_0_1G17300	At1g08490	100	0.0	908	2346	463	464	463
ATSah_0_1G25000	At1g16300	99.8	2.46e-301	811	2096	420	421	420
ATSah_0_1G25000	At1g79530	86.7	1.91e-255	696	1795	420	423	421
ATSah_0_1G24710	At1g15980	99.3	0.0	919	2375	461	462	461
ATSah_0_1G70900	At1g79040	100	2.26e-96	270	690	140	141	140
ATSah_0_1G55330	At1g62640	99.5	1.02e-294	793	2049	404	405	404
ATSah_0_1G49320	At1g54130	99.4	0.0	1389	3595	715	716	715
ATSah_0_1G25840	At1g17160	98.7	8.58e-265	716	1847	378	380	379
ATSah_0_1G36200	At1g07780	81.7	1.84e-153	428	1101	342	276	279
ATSah_0_1G36200	At5g05590	81.4	5.26e-153	427	1098	342	276	279
ATSah_0_1G36200	At1g29410	98.2	8.99e-149	415	1067	342	245	217
ATSah_0_1G64040	AT1G71920	99.8	1.89e-308	829	2142	417	418	417
ATSah_0_1G64040	At1g71920	99.8	1.89e-308	829	2142	417	418	417
ATSah_0_1G64040	AT5G10330	99.8	1.89e-308	829	2142	417	418	417
ATSah_0_1G64040	At5g10330	99.8	1.89e-308	829	2142	417	418	417
ATSah_0_1G59540	At1g67090	100	5.13e-135	371	952	180	181	180
ATSah_0_1G59540	At5g38430	93.3	3.72e-126	348	894	180	182	179
ATSah_0_1G59540	At5g38420	91.6	2.51e-124	344	882	180	182	179
ATSah_0_1G59540	At5g38410	89.1	3.36e-121	336	862	180	187	184
ATSah_0_1G16580	At1g07780	97.8	2.98e-197	536	1381	275	276	275
ATSah_0_1G16580	At5g05590	97.5	8.53e-197	535	1378	275	276	275
ATSah_0_1G16580	At1g29410	89.5	1.78e-124	351	900	275	245	200
ATSah_0_1G32460	At1g24280	100	0.0	1182	3058	599	600	599
ATSah_0_1G32460	At5g13110	88.1	0.0	990	2559	599	597	572
ATSah_0_1G32460	GRMZM2G177077_T01.CDS	87.3	0.0	878	2268	599	599	488
ATSah_0_1G31610	At1g23360	99.2	1.20e-188	518	1335	381	262	261
ATSah_0_1G62170	At1g69830	99.9	0.0	1813	4696	887	888	887
ATSah_0_1G62090	At1g69740	100	3.30e-311	837	2163	430	431	430
ATSah_0_1G41910	At1g42970	99.8	0.0	874	2258	447	448	447
ATSah_0_1G60130	At1g67740	100	2.83e-100	284	726	189	190	189
ATSah_0_1G27070	At1g18500	100	0.0	1226	3172	631	632	631
ATSah_0_1G27070	At1g74040	86.3	0.0	1050	2715	631	632	634
ATSah_0_1G54910	At1g62190	97.3	4.68e-220	595	1535	295	296	295
ATSah_0_1G60670	At1g68260	100	2.51e-140	385	989	190	191	190
ATSah_0_1G60670	At1g68280	81.8	4.10e-110	309	791	190	193	192
ATSah_0_1G50700	At1g54350	97.2	0.0	1337	3461	715	707	716
ATSah_0_1G37870	At1g31190	99.5	4.66e-272	733	1893	371	372	371
ATSah_0_1G10090	At1g01090	99.5	5.94e-313	842	2174	428	429	428
ATSah_0_1G71560	At1g79750	99.7	0.0	1257	3252	1305	647	643
ATSah_0_1G19730	At1g10830	99.7	6.32e-268	723	1865	367	368	367
ATSah_0_1G37900	At1g31230	100	0.0	1768	4580	911	912	911
ATSah_0_1G37900	At4g19710	81.0	0.0	1378	3567	911	917	849
ATSah_0_1G21740	At1g12900	100	8.51e-288	777	2007	399	442	399
ATSah_0_1G21740	At3g26650	90.0	1.20e-260	707	1824	399	397	400
ATSah_0_1G17330	At1g08520	100	0.0	1342	3472	760	761	760
ATSah_0_1G17330	GRMZM2G043453_T01.CDS	83.5	0.0	1055	2729	760	756	739
ATSah_0_1G17330	GRMZM2G043453_T02.CDS	82.6	0.0	937	2421	760	693	671
ATSah_0_1G38540	At1g32070	99.2	9.37e-174	475	1223	257	259	258
ATSah_0_1G64910	At1g72810	100	0.0	1035	2677	516	517	516
ATSah_0_1G64910	At4g29840	81.8	4.21e-298	812	2097	516	527	500
ATSah_0_1G59950	At1g67560	99.2	0.0	1831	4742	917	918	917
ATSah_0_2G11560	At2g01140	100	8.58e-285	767	1981	391	392	391
ATSah_0_2G11560	At2g21330	80.1	1.82e-205	567	1461	391	400	351
ATSah_0_2G18750	At2g17265	98.9	1.27e-248	674	1739	370	371	370
ATSah_0_2G40430	At2g40300	98.8	2.31e-177	484	1247	259	260	259
ATSah_0_2G15100	At2g05710	99.6	0.0	1959	5075	990	991	990
ATSah_0_2G15100	GRMZM2G020801_T01.CDS	88.5	0.0	1442	3732	990	798	793
ATSah_0_2G45580	At2g45440	99.7	1.11e-276	744	1922	365	366	365
ATSah_0_2G45580	At3g60880	87.4	5.58e-245	664	1714	365	366	365
ATSah_0_2G21180	At2g19940	99.5	1.06e-292	788	2035	401	401	401
ATSah_0_2G21900	At2g20690	98.5	9.48e-191	519	1337	267	272	266
ATSah_0_2G14540	At2g04700	100	8.06e-111	307	786	146	147	146
ATSah_0_2G20290	At2g18950	99.7	2.18e-268	726	1873	386	394	381
ATSah_0_2G46910	At2g46820	100	1.25e-114	319	817	174	175	174
ATSah_0_2G23330	At2g22250	100	0.0	903	2334	475	476	475
ATSah_0_2G23330	AT2G22250	100	0.0	903	2334	475	476	475
ATSah_0_2G22560	At2g21330	100	3.52e-288	776	2005	399	400	399
ATSah_0_2G22560	At4g38970	89.9	3.39e-256	696	1795	399	399	397
ATSah_0_2G41800	At2g41680	100	0.0	984	2545	529	530	529
ATSah_0_2G39600	At2g39470	99.6	7.60e-177	481	1239	238	239	238
ATSah_0_2G27210	At2g26670	100	6.78e-202	548	1413	282	283	282
ATSah_0_2G27210	At1g69720	85.2	3.67e-140	392	1008	282	286	230
ATSah_0_2G44230	At2g44040	99.1	5.87e-247	668	1723	347	348	347
ATSah_0_2G44230	At3g59890	84.6	1.06e-206	566	1459	347	350	350
ATSah_0_2G26470	At2g25840	98.8	1.70e-296	798	2062	408	413	412
ATSah_0_2G31220	GRMZM2G087598_T02.CDS	86.6	0.0	1064	2751	695	678	641
ATSah_0_2G31220	GRMZM2G087598_T01.CDS	86.6	0.0	1064	2751	695	678	641
ATSah_0_2G31220	GRMZM2G110408_T01.CDS	86.6	0.0	1063	2748	695	678	641
ATSah_0_2G31220	GRMZM2G110408_T02.CDS	86.6	0.0	1063	2748	695	678	641
ATSah_0_2G31220	GRMZM2G110408_T03.CDS	86.6	0.0	1063	2748	695	678	641
ATSah_0_2G31220	GRMZM2G087598_T03.CDS	85.2	4.67e-09	48.9	115	695	47	27
ATSah_0_2G43290	At2g43100	99.6	2.33e-180	492	1266	256	257	256
ATSah_0_2G38210	At2g38040	99.5	0.0	1309	3387	769	770	769
ATSah_0_2G42220	At2g42070	99.6	3.13e-206	559	1441	280	281	280
ATSah_0_2G28720	At2g28190	93.1	9.04e-140	386	991	216	217	216
ATSah_0_2G47800	At2g47730	98.9	3.68e-178	487	1253	262	264	263
ATSah_0_2G31520	At2g31250	99.2	0.0	992	2564	1151	525	523
ATSah_0_2G43880	At2g43710	99.8	6.47e-301	809	2089	401	402	401
ATSah_0_2G43880	At3g02630	80.8	3.26e-217	597	1539	401	397	354
ATSah_0_2G43880	At5g16240	80.2	5.25e-211	581	1498	401	395	349
ATSah_0_2G18120	At2g16570	100	0.0	1112	2875	566	567	566
ATSah_0_2G18120	At4g34740	84.6	0.0	910	2352	566	562	571
ATSah_0_2G25720	At2g25080	99.6	4.73e-170	464	1194	236	237	236
ATSah_0_2G27090	At2g26540	100	2.27e-215	586	1510	321	322	321
ATSah_0_2G43920	At2g43750	100	7.49e-275	742	1916	392	393	392
ATSah_0_2G43920	GRMZM2G082185_T01.CDS	81.7	3.81e-193	536	1380	392	399	333
ATSah_0_2G19770	At2g17630	99.1	1.33e-306	825	2131	422	423	422
ATSah_0_2G19770	At4g35630	85.2	3.85e-269	731	1886	422	431	432
ATSah_0_2G45460	At2g45300	99.6	0.0	1001	2587	520	521	520
ATSah_0_2G45460	At1g48860	90.8	0.0	889	2297	520	522	511
ATSah_0_2G22400	At2g21170	99.7	5.07e-225	610	1572	315	316	315
ATSah_0_2G28380	At2g27820	99.5	3.75e-298	804	2076	424	425	424
ATSah_0_2G28380	At1g08250	85.3	3.66e-224	616	1589	424	414	388
ATSah_0_2G23310	At2g22230	100	1.65e-153	421	1082	220	221	220
ATSah_0_2G23310	At5g10160	80.0	5.37e-106	301	770	220	220	195
ATSah_0_2G34860	At2g34590	100	7.23e-296	796	2057	406	407	406
ATSah_0_2G34860	At1g30120	91.7	1.60e-267	725	1871	406	407	411
ATSah_0_2G35640	At2g35390	100	4.31e-291	784	2025	403	404	403
ATSah_0_2G35640	At1g32380	86.8	7.89e-252	685	1767	403	401	403
ATSah_0_2G23480	At2g22450	98.3	0.0	914	2361	476	477	476
ATSah_0_2G29320	GRMZM2G110063_T02.CDS	84.6	8.94e-144	409	1052	462	298	240
ATSah_0_2G37860	At2g37690	96.7	0.0	1212	3135	642	643	642
ATSah_0_2G23890	At2g22890	95.7	1.70e-204	554	1428	267	280	279
ATSah_0_2G44240	At2g44050	98.1	9.19e-137	401	1030	818	228	215
ATSah_0_2G29990	At2g29630	99.8	0.0	1319	3414	644	645	644
ATSah_0_2G31450	At2g31170	100	0.0	1122	2902	563	564	563
ATSah_0_2G44700	At2g44530	100	8.32e-289	778	2008	394	395	394
ATSah_0_2G44700	At1g32380	81.7	3.17e-207	572	1473	394	401	350
ATSah_0_2G20080	GRMZM5G809546_T01.CDS	82.9	6.54e-278	763	1971	551	554	479
ATSah_0_2G21460	At2g20260	97.2	1.42e-81	233	594	145	146	145
ATSah_0_2G45330	At2g45150	99.5	2.25e-285	770	1989	391	431	391
ATSah_0_2G17010	At2g14750	100	6.30e-204	553	1425	276	277	276
ATSah_0_2G17550	At2g15620	99.8	0.0	1162	3006	586	587	586
ATSah_0_2G40640	At2g40490	100	1.27e-283	764	1974	394	395	394
ATSah_0_2G31630	At1g06130	83.6	1.71e-204	559	1440	324	332	329
ATSah_0_2G45450	At2g45290	100	0.0	1476	3822	741	742	741
ATSah_0_2G45450	At3g60750	88.8	0.0	1327	3434	741	742	741
ATSah_0_2G43280	At2g43090	100	7.23e-177	483	1242	251	252	251
ATSah_0_2G30860	At2g30570	100	4.47e-86	243	621	133	134	133
ATSah_0_2G30050	At2g29690	99.7	0.0	1231	3185	621	622	621
ATSah_0_2G30510	At2g30200	99.5	3.78e-248	674	1738	367	394	367
ATSah_0_2G23520	At2g22480	99.2	0.0	1018	2632	1043	538	512
ATSah_0_2G39230	At2g39080	93.2	1.08e-249	676	1744	370	352	370
ATSah_0_2G12830	At2g02500	94.5	1.79e-202	552	1422	309	303	309
ATSah_0_2G27460	At2g26930	100	4.04e-279	752	1942	383	384	383
ATSah_0_2G22800	At2g21590	100	0.0	1046	2705	523	524	523
ATSah_0_2G22800	At4g39210	84.3	0.0	884	2284	523	522	523
ATSah_0_2G35280	At2g35040	99.5	0.0	1172	3032	596	597	596
ATSah_0_2G32560	At2g32290	96.9	0.0	1142	2953	577	578	577
ATSah_0_2G15380	At2g06520	100	2.76e-72	207	527	116	117	116
ATSah_0_2G39410	At2g39290	100	2.78e-192	525	1353	296	297	296
ATSah_0_2G41360	At2g41220	99.9	0.0	3206	8312	1629	1630	1629
ATSah_0_2G29400	At2g28880	98.0	0.0	1822	4719	919	920	919
ATSah_0_3G53830	At3g58830	99.7	1.31e-240	652	1681	343	349	343
ATSah_0_3G20780	AT3G11945	100	9.44e-274	739	1909	393	394	393
ATSah_0_3G56790	At3g62030	100	3.18e-188	514	1324	260	314	260
ATSah_0_3G21620	At3g12780	100	0.0	900	2325	481	482	481
ATSah_0_3G21620	At1g56190	90.2	1.07e-300	815	2105	481	479	481
ATSah_0_3G50620	At3g55400	99.5	0.0	1233	3190	616	617	616
ATSah_0_3G49890	At3g54660	99.5	0.0	1115	2885	595	566	565
ATSah_0_3G52030	At3g56940	100	2.40e-291	785	2028	409	410	409
ATSah_0_3G51810	At3g56700	95.8	0.0	1024	2647	547	549	549
ATSah_0_3G26090	GRMZM2G145595_T01.CDS	82.3	1.98e-315	862	2226	618	563	536
ATSah_0_3G26090	GRMZM2G152958_T01.CDS	80.2	5.41e-309	845	2184	618	566	545
ATSah_0_3G26090	GRMZM2G073774_T01.CDS	80.2	5.41e-309	845	2184	618	566	545
ATSah_0_3G26090	GRMZM2G152958_T02.CDS	80.4	1.01e-283	780	2014	618	530	499
ATSah_0_3G26090	GRMZM2G145595_T02.CDS	85.9	3.33e-170	482	1240	618	281	277
ATSah_0_3G52610	At3g57560	100	1.96e-245	664	1713	347	348	347
ATSah_0_3G11860	At5g16440	80.8	3.40e-168	464	1193	284	292	291
ATSah_0_3G43000	At3g47520	100	5.51e-278	751	1939	403	404	403
ATSah_0_3G32110	At3g22960	99.5	0.0	1108	2866	601	597	592
ATSah_0_3G48390	At3g53130	99.4	0.0	1041	2691	539	540	539
ATSah_0_3G58030	At3g63410	100	9.90e-257	692	1785	338	338	338
ATSah_0_3G58030	AT3G63410	100	1.03e-256	692	1785	338	339	338
ATSah_0_3G50280	At3g55040	99.7	6.79e-207	562	1448	292	293	292
ATSah_0_3G23060	At3g14050	99.9	0.0	1399	3620	709	710	709
ATSah_0_3G15620	At3g06350	96.7	0.0	1130	2922	603	604	603
ATSah_0_3G25410	At3g16250	100	1.38e-153	420	1079	204	205	204
ATSah_0_3G47080	At3g51820	97.3	7.13e-271	733	1893	424	388	376
ATSah_0_3G11090	At3g02020	100	0.0	1074	2778	559	560	559
ATSah_0_3G11090	At5g14060	83.0	3.09e-318	865	2236	559	545	542
ATSah_0_3G23600	At3g14530	90.6	7.52e-226	615	1587	357	361	360
ATSah_0_3G23600	At3g14550	87.5	8.49e-216	590	1521	357	361	360
ATSah_0_3G23600	At3g29430	86.7	4.00e-211	578	1490	357	358	360
ATSah_0_3G23600	At3g32040	84.7	1.73e-208	572	1473	357	361	360
ATSah_0_3G23600	At3g14510	96.0	4.07e-184	507	1305	357	285	277
ATSah_0_3G24020	At3g14930	99.3	2.23e-312	839	2168	418	419	418
ATSah_0_3G30710	At3g21500	99.7	0.0	1317	3409	665	678	665
ATSah_0_3G25290	At3g16140	100	4.32e-101	282	722	145	146	145
ATSah_0_3G25290	At1g52230	91.7	1.06e-92	261	667	145	146	145
ATSah_0_3G42920	At3g47450	99.5	0.0	1091	2821	561	562	561
ATSah_0_3G34650	At3g25760	98.8	2.43e-181	494	1272	254	255	254
ATSah_0_3G34650	At3g25770	88.2	4.89e-158	435	1119	254	254	254
ATSah_0_3G23520	At3g14440	99.3	0.0	1197	3098	599	600	599
ATSah_0_3G40740	At3g44880	98.3	0.0	1100	2845	537	538	537
ATSah_0_3G48870	At3g53580	99.7	3.14e-270	728	1879	362	363	362
ATSah_0_3G26970	At3g17810	100	8.70e-311	836	2159	423	427	423
ATSah_0_3G12720	At3g03630	99.5	7.66e-248	674	1740	392	405	377
ATSah_0_3G55530	At3g60620	100	9.04e-291	783	2022	399	400	399
ATSah_0_3G52330	At3g57280	100	4.38e-161	441	1133	226	227	226
ATSah_0_3G55630	At3g60750	100	0.0	1471	3807	741	742	741
ATSah_0_3G55630	At2g45290	88.8	0.0	1321	3418	741	742	741
ATSah_0_3G33390	At3g23920	100	0.0	1184	3063	575	576	575
ATSah_0_3G32040	At3g22890	100	0.0	939	2426	463	464	463
ATSah_0_3G32040	At4g14680	87.1	3.96e-269	736	1899	463	511	428
ATSah_0_3G11690	At3g02620	98.0	6.81e-290	781	2017	399	407	406
ATSah_0_3G11690	At3g02610	89.8	1.29e-266	723	1865	399	414	411
ATSah_0_3G23460	At3g14390	99.6	0.0	961	2483	484	485	484
ATSah_0_3G23460	At5g11880	94.3	0.0	901	2328	484	490	493
ATSah_0_3G25010	At3g15850	100	6.79e-290	778	2010	371	372	371
ATSah_0_3G51260	At3g56090	99.6	9.83e-179	488	1256	259	260	259
ATSah_0_3G54810	At3g59890	98.9	2.14e-250	677	1746	349	350	349
ATSah_0_3G54810	At2g44040	84.9	6.42e-208	569	1467	349	348	350
ATSah_0_3G29500	At3g20320	100	1.06e-273	738	1906	381	382	381
ATSah_0_3G29730	At3g20540	98.5	0.0	2027	5251	1034	1050	1049
ATSah_0_3G34740	At3g25860	100	3.31e-302	819	2115	480	481	480
ATSah_0_3G30300	At3g21110	99.8	5.38e-305	820	2118	411	412	411
ATSah_0_3G11740	At3g02660	99.2	0.0	989	2557	511	512	511
ATSah_0_3G50250	At3g55010	97.9	1.63e-272	736	1900	389	390	389
ATSah_0_3G44310	GRMZM2G123922_T01.CDS	86.3	0.0	1417	3667	952	922	866
ATSah_0_3G44310	GRMZM2G009443_T01.CDS	88.4	0.0	1413	3658	952	922	837
ATSah_0_3G44310	GRMZM2G001084_T01.CDS	81.1	0.0	1102	2850	952	897	725
ATSah_0_3G10520	At3g01440	99.5	6.51e-160	437	1124	220	221	220
ATSah_0_3G52660	At3g57610	99.8	0.0	972	2513	490	491	490
ATSah_0_3G34660	At3g25770	99.6	9.17e-181	493	1268	253	254	253
ATSah_0_3G34660	At3g25760	89.4	1.52e-161	444	1142	253	255	254
ATSah_0_3G20030	At3g11170	100	0.0	944	2439	446	447	446
ATSah_0_3G20030	At5g05580	80.5	1.38e-274	746	1925	446	436	446
ATSah_0_3G16940	At3g07630	99.5	4.32e-273	737	1902	381	382	381
ATSah_0_3G34670	At3g25780	100	6.23e-186	506	1303	258	259	258
ATSah_0_3G10200	At3g01180	98.4	0.0	1544	3998	792	793	792
ATSah_0_3G40960	At3g45140	99.1	0.0	1802	4668	896	897	896
ATSah_0_3G53970	At3g58990	100	5.53e-182	496	1276	253	254	253
ATSah_0_3G18870	At3g10050	99.7	0.0	1157	2992	592	593	592
ATSah_0_3G20820	At3g11980	100	0.0	1217	3149	616	617	616
ATSah_0_3G13890	At3g04790	100	8.48e-193	525	1352	276	277	276
ATSah_0_3G23650	At3g14550	98.3	7.47e-252	681	1758	360	361	360
ATSah_0_3G23650	At3g14530	94.7	1.92e-238	647	1670	360	361	360
ATSah_0_3G23650	At3g29430	86.7	5.75e-214	585	1509	360	358	360
ATSah_0_3G23650	At3g32040	83.9	2.04e-210	577	1486	360	361	360
ATSah_0_3G23650	At3g14510	92.4	4.83e-179	494	1272	360	285	277
ATSah_0_3G33370	At3g23940	100	0.0	1207	3122	608	609	608
ATSah_0_3G23630	At3g14550	98.1	5.03e-250	677	1746	360	361	360
ATSah_0_3G23630	At3g14530	95.0	6.70e-239	649	1673	360	361	360
ATSah_0_3G23630	At3g29430	86.9	2.01e-214	587	1512	360	358	360
ATSah_0_3G23630	At3g32040	84.4	2.49e-211	579	1492	360	361	360
ATSah_0_3G23630	At3g14510	92.4	4.83e-179	494	1272	360	285	277
ATSah_0_3G36630	At3g27740	92.5	1.08e-316	853	2203	465	431	465
ATSah_0_3G11700	At3g02630	99.5	5.71e-297	798	2062	396	397	396
ATSah_0_3G11700	At5g16240	85.2	3.92e-251	682	1761	396	395	399
ATSah_0_3G31600	At3g22425	99.6	6.96e-189	514	1325	270	271	270
ATSah_0_3G31600	At4g14910	81.2	4.44e-141	395	1015	270	309	260
ATSah_0_3G10130	At3g01120	99.6	0.0	1002	2591	563	564	563
ATSah_0_3G35530	At3g26650	100	9.32e-287	773	1995	396	397	396
ATSah_0_3G35530	At1g12900	90.0	4.02e-260	707	1825	396	442	400
ATSah_0_3G35530	At1g42970	80.5	6.64e-195	542	1397	396	448	344
ATSah_0_3G37930	At3g29200	100	6.87e-247	667	1721	340	341	340
ATSah_0_3G49330	At3g54050	100	1.20e-295	797	2058	417	418	417
ATSah_0_3G44180	At5g63570	89.9	3.99e-311	841	2172	472	475	474
ATSah_0_3G45070	At3g49680	99.5	1.36e-299	806	2083	413	414	413
ATSah_0_3G43860	Potri.015G088500	84.2	3.08e-161	449	1155	319	329	279
ATSah_0_3G19930	At3g11050	97.2	2.32e-174	476	1226	253	254	253
ATSah_0_3G10560	At3g01480	98.6	2.08e-313	843	2179	437	438	437
ATSah_0_3G51010	At3g55800	99.5	2.88e-284	766	1978	393	394	393
ATSah_0_3G10580	At3g01500	100	3.63e-241	653	1685	347	348	347
ATSah_0_3G34110	At3g25110	99.4	1.01e-266	719	1856	362	363	362
ATSah_0_3G30240	At3g21055	100	6.61e-64	186	473	103	144	103
ATSah_0_3G44010	At3g48560	99.7	0.0	1255	3248	670	671	670
ATSah_0_3G35730	At3g26840	99.9	0.0	1384	3583	701	702	701
ATSah_0_3G53610	At3g58610	100	0.0	1136	2939	591	592	591
ATSah_0_3G53610	GRMZM2G004382_T02.CDS	90.4	0.0	922	2384	591	580	512
ATSah_0_3G53610	GRMZM2G004382_T01.CDS	88.6	1.56e-257	710	1833	591	475	403
ATSah_0_3G27860	At3g18680	91.1	5.45e-224	610	1574	339	373	372
ATSah_0_3G38140	At3g29430	99.7	1.19e-251	681	1756	357	358	357
ATSah_0_3G38140	At3g32040	91.1	1.30e-226	617	1592	357	361	360
ATSah_0_3G38140	At3g14550	87.5	2.43e-215	589	1518	357	361	360
ATSah_0_3G38140	At3g14530	86.9	3.83e-212	581	1497	357	361	360
ATSah_0_3G38140	At3g14510	91.0	4.76e-176	486	1252	357	285	277
ATSah_0_3G43550	At3g48110	99.7	0.0	2075	5377	1067	1068	1067
ATSah_0_3G11680	At3g02610	99.0	4.96e-302	813	2099	413	414	413
ATSah_0_3G11680	At3g02620	91.5	5.94e-274	741	1914	413	407	411
ATSah_0_3G11680	At5g16230	82.1	8.28e-243	662	1709	413	402	413
ATSah_0_3G48200	At3g52960	98.7	7.43e-157	431	1107	234	235	234
ATSah_0_3G17990	At3g09150	99.7	8.00e-245	661	1705	329	330	329
ATSah_0_3G38750	At3g32040	99.4	3.31e-255	690	1780	360	361	360
ATSah_0_3G38750	At3g29430	91.5	4.58e-227	619	1595	360	358	354
ATSah_0_3G38750	At3g14550	83.9	2.04e-210	577	1486	360	361	360
ATSah_0_3G38750	At3g14530	83.9	1.60e-207	569	1467	360	361	360
ATSah_0_3G38750	At3g14510	87.7	6.54e-170	471	1212	360	285	277
ATSah_0_3G28640	At3g19480	100	0.0	1061	2744	588	589	588
ATSah_0_3G28640	At4g34200	81.0	6.31e-312	853	2204	588	604	543
ATSah_0_3G46130	At3g50820	100	4.77e-238	644	1661	331	332	331
ATSah_0_3G46130	At5g66570	90.7	8.81e-216	588	1515	331	333	332
ATSah_0_3G49870	At3g54640	99.7	2.90e-218	592	1527	312	313	312
ATSah_0_3G51210	At3g56040	99.7	0.0	1773	4592	883	884	883
ATSah_0_4G33940	At4g25700	99.0	4.00e-222	602	1552	311	311	311
ATSah_0_4G33050	At4g24830	100	0.0	961	2484	494	495	494
ATSah_0_4G22860	At4g14910	100	7.79e-191	521	1342	272	309	263
ATSah_0_4G22860	At3g22425	82.2	3.59e-148	412	1058	272	271	269
ATSah_0_4G40260	AT4G31990	99.8	0.0	917	2371	462	463	462
ATSah_0_4G40260	At4g31990	99.8	0.0	894	2311	462	454	451
ATSah_0_4G44620	At4g36390	100	0.0	1258	3255	640	641	640
ATSah_0_4G32830	At4g24620	100	0.0	1215	3144	613	614	613
ATSah_0_4G41110	At4g32810	99.6	0.0	1180	3053	570	571	570
ATSah_0_4G41110	AT4G32810	95.3	0.0	1166	3016	570	597	596
ATSah_0_4G21200	At4g13430	99.8	0.0	1023	2646	509	510	509
ATSah_0_4G21200	GRMZM2G370852_T01.CDS	83.9	5.94e-298	810	2093	509	506	454
ATSah_0_4G21200	GRMZM2G370852_T03.CDS	83.7	2.41e-297	809	2089	509	506	454
ATSah_0_4G21200	GRMZM2G010044_T02.CDS	83.0	5.61e-293	798	2060	509	503	454
ATSah_0_4G21200	GRMZM2G010044_T03.CDS	83.0	6.04e-293	798	2060	509	505	454
ATSah_0_4G21200	GRMZM2G010044_T01.CDS	83.0	6.27e-293	798	2060	509	506	454
ATSah_0_4G12560	At4g01690	99.8	0.0	1059	2739	537	538	537
ATSah_0_4G41340	At4g33030	99.8	0.0	951	2458	476	478	477
ATSah_0_4G29200	At4g21280	99.6	3.36e-141	390	1002	223	225	224
ATSah_0_4G38220	At4g29890	99.1	0.0	864	2233	422	423	422
ATSah_0_4G19870	At4g11980	100	4.15e-221	599	1545	309	310	309
ATSah_0_4G15470	At4g04610	100	0.0	917	2371	465	466	465
ATSah_0_4G15470	At4g21990	83.0	5.04e-283	769	1985	465	459	466
ATSah_0_4G35760	At4g27440	99.8	4.41e-283	764	1972	401	402	401
ATSah_0_4G35760	At5g54190	86.9	6.27e-245	667	1722	401	406	405
ATSah_0_4G40830	At4g32520	100	0.0	1050	2714	529	530	529
ATSah_0_4G46590	At4g38460	99.1	1.08e-236	640	1651	326	327	326
ATSah_0_4G46980	At4g38880	99.4	0.0	1032	2669	532	533	532
ATSah_0_4G23560	At4g15560	91.9	1.36e-09	54.7	130	287	718	37
ATSah_0_4G16770	At4g08390	100	1.47e-239	652	1682	390	373	368
ATSah_0_4G42510	At4g34200	100	0.0	1120	2897	603	604	603
ATSah_0_4G42510	At3g19480	81.0	1.51e-310	850	2195	603	589	543
ATSah_0_4G13730	At4g02780	99.5	0.0	1605	4157	802	803	802
ATSah_0_4G26630	At4g18480	100	1.43e-302	815	2105	424	425	424
ATSah_0_4G26630	At5g45930	83.0	7.55e-246	671	1732	424	419	424
ATSah_0_4G26630	GRMZM2G419806_T01.CDS	82.2	3.72e-212	586	1511	424	423	370
ATSah_0_4G25430	At4g17300	98.2	0.0	1111	2873	567	588	567
ATSah_0_4G43070	At4g34740	99.5	0.0	1082	2799	560	562	561
ATSah_0_4G43070	At2g16570	84.3	0.0	908	2347	560	567	572
ATSah_0_4G45860	At4g37670	99.8	0.0	1219	3155	613	614	613
ATSah_0_4G46100	At4g37925	100	6.76e-156	427	1097	217	218	217
ATSah_0_4G40130	At4g31870	99.6	1.53e-169	462	1190	233	234	233
ATSah_0_4G41080	At4g32770	99.8	0.0	1024	2648	488	489	488
ATSah_0_4G20600	At4g12800	100	9.95e-153	421	1083	219	282	219
ATSah_0_4G43890	At4g35630	99.8	1.25e-315	848	2192	430	431	430
ATSah_0_4G43890	At2g17630	85.4	1.18e-270	734	1896	430	423	432
ATSah_0_4G35320	At4g27030	100	8.28e-219	595	1533	323	324	323
ATSah_0_4G39230	At4g30910	95.9	0.0	1087	2812	581	605	604
ATSah_0_4G39230	At4g30920	91.1	0.0	1005	2599	581	584	582
ATSah_0_4G24280	GRMZM2G145595_T01.CDS	80.4	6.74e-303	828	2138	567	563	526
ATSah_0_4G24280	GRMZM2G145595_T02.CDS	86.9	2.22e-168	475	1223	567	281	268
ATSah_0_4G35190	At4g26900	99.8	0.0	1147	2968	592	593	592
ATSah_0_4G23620	At4g15560	100	0.0	1419	3672	717	718	717
ATSah_0_4G14820	At4g05180	100	6.39e-156	428	1100	230	231	230
ATSah_0_4G47090	At4g38970	99.7	2.68e-287	774	1999	398	399	398
ATSah_0_4G47090	At2g21330	89.4	2.38e-256	696	1796	398	400	398
ATSah_0_4G37200	At4g28750	100	7.23e-74	213	543	143	144	143
ATSah_0_4G41800	At4g33510	100	0.0	1012	2616	507	508	507
ATSah_0_4G41800	At1g22410	85.0	3.40e-288	786	2031	507	528	448
ATSah_0_4G33280	At4g25080	100	3.59e-204	557	1436	312	327	292
ATSah_0_4G14220	At4g03280	99.6	3.76e-168	459	1180	229	230	229
ATSah_0_4G26470	At4g18350	99.7	0.0	1165	3015	583	584	583
ATSah_0_4G22040	At4g14210	99.6	0.0	1132	2929	566	567	566
ATSah_0_4G33320	At4g25130	99.2	2.87e-191	520	1338	258	259	258
ATSah_0_4G31340	At4g23100	99.8	0.0	1054	2726	533	523	522
ATSah_0_4G27330	At4g19170	98.8	0.0	1172	3031	595	596	595
ATSah_0_4G48110	At4g39980	99.6	0.0	1033	2671	525	526	525
ATSah_0_4G38170	At4g29840	100	0.0	1066	2756	526	527	526
ATSah_0_4G38170	At1g72810	81.8	1.35e-301	821	2120	526	517	500
ATSah_0_4G13720	At4g02770	100	1.17e-147	405	1041	208	209	208
ATSah_0_4G13720	At1g03130	93.3	6.50e-135	373	957	208	205	208
ATSah_0_4G42680	At4g34350	100	0.0	939	2426	466	467	466
ATSah_0_4G11360	At4g00490	100	0.0	1130	2924	542	543	542
ATSah_0_4G30070	At4g21990	98.0	0.0	879	2272	458	459	458
ATSah_0_4G30070	At4g04610	83.3	1.16e-281	765	1976	458	466	466
ATSah_0_4G35390	At4g27070	99.2	0.0	924	2388	475	476	475
ATSah_0_4G35390	At5g54810	90.2	7.81e-311	840	2170	475	471	478
ATSah_0_4G45000	At4g36810	100	7.79e-255	690	1780	371	372	371
ATSah_0_4G45000	At2g18620	82.6	5.31e-173	482	1240	371	348	298
ATSah_0_4G14150	At1g03475	85.0	7.67e-225	614	1583	356	387	360
ATSah_0_4G28640	At4g20960	100	3.83e-308	829	2142	426	427	426
ATSah_0_4G41980	At4g33680	99.8	0.0	926	2394	461	462	461
ATSah_0_4G27750	At4g19710	99.8	0.0	1799	4660	916	917	916
ATSah_0_4G27750	At1g31230	80.9	0.0	1383	3579	916	912	849
ATSah_0_4G39240	At4g30920	99.5	0.0	1080	2792	615	584	570
ATSah_0_4G39240	At4g30910	87.0	0.0	964	2492	615	605	593
ATSah_0_4G39280	At4g30950	100	0.0	935	2416	448	449	448
ATSah_0_4G19500	At4g11570	100	6.64e-273	736	1899	373	374	373
ATSah_0_4G30570	At4g22260	99.7	1.93e-238	647	1668	351	352	351
ATSah_0_4G26580	At4g18440	100	0.0	1048	2709	536	537	536
ATSah_0_4G26580	At1g36280	87.7	0.0	898	2321	536	528	536
ATSah_0_4G22580	At4g14680	97.4	7.87e-309	836	2160	465	511	428
ATSah_0_4G22580	At3g22890	87.3	2.52e-298	808	2086	465	464	466
ATSah_0_4G22580	At5g43780	80.1	7.72e-269	733	1893	465	470	453
ATSah_0_5G63020	At5g64860	99.8	0.0	1174	3037	576	577	576
ATSah_0_5G17960	At5g09650	100	6.69e-227	613	1581	300	301	300
ATSah_0_5G51280	At5g52920	100	0.0	1118	2892	579	580	579
ATSah_0_5G29620	At5g23010	98.6	0.0	970	2507	503	535	503
ATSah_0_5G35270	At5g35100	100	3.58e-185	506	1304	281	291	248
ATSah_0_5G14710	At5g05980	97.7	0.0	1106	2860	571	572	571
ATSah_0_5G26180	At5g18660	97.8	1.99e-294	794	2050	417	418	417
ATSah_0_5G51810	At5g53460	99.9	0.0	4357	11300	2208	2209	2208
ATSah_0_5G44670	At5g45930	98.8	9.55e-298	802	2072	418	419	418
ATSah_0_5G44670	At4g18480	82.8	2.60e-246	672	1735	418	425	424
ATSah_0_5G44670	GRMZM2G419806_T01.CDS	80.3	1.03e-212	587	1514	418	423	385
ATSah_0_5G43320	At5g44520	100	9.62e-193	566	1460	1426	327	296
ATSah_0_5G48710	At5g50210	99.2	0.0	1383	3580	718	719	718
ATSah_0_5G13690	At5g04900	98.8	8.23e-243	668	1723	593	349	347
ATSah_0_5G42530	At5g43750	99.1	3.37e-158	432	1111	212	213	212
ATSah_0_5G10610	At5g01600	100	2.94e-178	486	1252	255	256	255
ATSah_0_5G64640	At5g66450	99.6	4.82e-161	446	1148	286	309	239
ATSah_0_5G61460	At5g63310	99.6	5.34e-169	461	1186	231	232	231
ATSah_0_5G45010	At5g46290	96.5	0.0	922	2383	473	490	489
ATSah_0_5G20950	At5g13120	99.2	9.55e-186	506	1302	259	260	259
ATSah_0_5G18470	At5g10160	100	1.25e-152	419	1076	219	220	219
ATSah_0_5G18470	At2g22230	80.0	3.24e-107	304	778	219	221	195
ATSah_0_5G37180	Potri.004G091000	85.8	0.0	2167	5614	1337	1315	1247
ATSah_0_5G44420	At5g45680	97.6	7.06e-149	408	1049	208	209	208
ATSah_0_5G56550	At5g58330	100	0.0	889	2298	443	444	443
ATSah_0_5G13410	At5g04590	100	0.0	1281	3315	642	643	642
ATSah_0_5G20060	At5g11880	100	0.0	973	2516	489	490	489
ATSah_0_5G20060	At3g14390	94.3	0.0	900	2325	489	485	493
ATSah_0_5G19160	At5g10920	99.8	0.0	1013	2620	517	518	517
ATSah_0_5G29260	At5g22630	99.5	1.13e-304	820	2119	425	426	425
ATSah_0_5G29260	At3g44720	80.1	6.61e-230	631	1628	425	425	422
ATSah_0_5G18640	AT1G71920	95.4	4.91e-290	782	2019	398	418	417
ATSah_0_5G18640	At1g71920	95.4	4.91e-290	782	2019	398	418	417
ATSah_0_5G18640	AT5G10330	95.4	4.91e-290	782	2019	398	418	417
ATSah_0_5G18640	At5g10330	95.4	4.91e-290	782	2019	398	418	417
ATSah_0_5G61680	At5g63570	99.6	0.0	928	2398	474	475	474
ATSah_0_5G47640	At5g49030	99.9	0.0	2194	5686	1093	1280	1093
ATSah_0_5G30900	At5g24300	100	0.0	1335	3455	652	653	652
ATSah_0_5G41460	At5g42650	99.8	0.0	1038	2685	518	519	518
ATSah_0_5G29250	At5g22620	100	0.0	953	2463	482	483	482
ATSah_0_5G64330	At5g66120	100	3.15e-320	861	2225	442	443	442
ATSah_0_5G46910	At5g48300	100	0.0	1010	2611	520	521	520
ATSah_0_5G62420	At5g64300	99.8	0.0	1039	2686	543	544	543
ATSah_0_5G20940	At5g13110	100	0.0	1176	3043	596	597	596
ATSah_0_5G20940	At1g24280	88.1	0.0	988	2554	596	600	572
ATSah_0_5G20940	GRMZM2G177077_T01.CDS	88.1	0.0	885	2286	596	599	488
ATSah_0_5G20940	At5g35790	82.7	7.35e-304	832	2149	596	577	486
ATSah_0_5G49490	At5g51110	100	3.76e-159	435	1119	220	221	220
ATSah_0_5G31020	At5g24400	99.4	4.75e-235	636	1640	325	326	325
ATSah_0_5G29410	At5g22800	99.4	0.0	1748	4526	978	1004	956
ATSah_0_5G22470	At5g14660	100	2.01e-194	529	1362	273	274	273
ATSah_0_5G23160	GRMZM2G162968_T01.CDS	84.2	0.0	1425	3688	967	975	897
ATSah_0_5G23160	GRMZM2G130121_T01.CDS	81.9	0.0	969	2506	967	654	636
ATSah_0_5G25560	At5g17990	97.3	8.72e-295	797	2058	441	445	444
ATSah_0_5G24840	At5g17230	99.8	1.39e-308	830	2144	422	423	422
ATSah_0_5G24840	AT5G17230	96.3	2.25e-304	820	2118	422	438	437
ATSah_0_5G56110	At5g57890	98.5	8.53e-196	532	1371	273	274	272
ATSah_0_5G56110	At1g25220	88.6	1.32e-180	494	1273	273	290	289
ATSah_0_5G56110	At1g24909	93.7	4.93e-151	417	1072	273	223	222
ATSah_0_5G56110	At1g24807	88.5	3.56e-147	408	1048	273	236	235
ATSah_0_5G56070	At5g57850	99.5	3.29e-273	736	1901	373	374	373
ATSah_0_5G37600	At5g38410	96.8	2.13e-131	362	929	181	187	186
ATSah_0_5G37600	At5g38430	96.1	2.08e-130	359	922	181	182	181
ATSah_0_5G37600	At5g38420	96.1	4.20e-130	358	920	181	182	181
ATSah_0_5G37600	At1g67090	91.1	5.96e-123	340	873	181	181	179
ATSah_0_5G14320	At5g05580	97.7	0.0	906	2341	426	436	435
ATSah_0_5G28340	At5g20980	99.9	0.0	1583	4100	812	813	812
ATSah_0_5G50160	At5g51820	99.5	0.0	1228	3178	623	624	623
ATSah_0_5G35610	At5g35630	100	0.0	883	2281	430	431	430
ATSah_0_5G26720	At5g19220	99.8	0.0	1016	2628	522	523	522
ATSah_0_5G10230	At5g01220	99.6	0.0	992	2564	509	511	510
ATSah_0_5G23890	At5g16230	99.3	1.40e-295	795	2054	401	402	401
ATSah_0_5G23890	At3g02610	83.1	6.91e-244	665	1716	401	414	413
ATSah_0_5G13010	At5g04140	98.4	0.0	3171	8222	1622	1649	1648
ATSah_0_5G13010	At2g41220	80.8	0.0	2627	6809	1622	1630	1613
ATSah_0_5G36340	At5g36790	99.2	1.37e-264	714	1842	362	363	362
ATSah_0_5G36340	At5g36700	99.2	1.37e-264	714	1842	362	363	362
ATSah_0_5G32440	At5g26030	99.1	0.0	902	2331	466	467	466
ATSah_0_5G64400	At5g66190	99.7	1.95e-263	711	1834	360	361	360
ATSah_0_5G64400	Potri.005G112900	85.0	4.03e-227	619	1596	360	364	367
ATSah_0_5G64400	Potri.007G057200	83.9	5.22e-223	608	1569	360	364	367
ATSah_0_5G50930	At5g52570	99.7	3.06e-188	516	1328	303	304	303
ATSah_0_5G37610	At5g38430	98.9	1.31e-133	367	943	181	182	181
ATSah_0_5G37610	At5g38420	98.9	2.64e-133	367	941	181	182	181
ATSah_0_5G37610	At5g38410	95.2	2.90e-129	357	915	181	187	186
ATSah_0_5G37610	At1g67090	92.7	3.08e-125	346	888	181	181	179
ATSah_0_5G60930	At5g62790	95.6	0.0	926	2394	476	498	497
ATSah_0_5G64760	At5g66570	100	1.27e-238	645	1665	332	333	332
ATSah_0_5G64760	At3g50820	90.7	4.38e-216	588	1517	332	332	332
ATSah_0_5G17450	At5g08740	99.2	0.0	980	2533	519	520	519
ATSah_0_5G35400	At5g35360	100	0.0	1026	2654	537	556	522
ATSah_0_5G14330	At1g07780	99.6	9.72e-200	543	1398	281	276	274
ATSah_0_5G14330	At5g05590	99.3	2.79e-199	541	1395	281	276	274
ATSah_0_5G14330	At1g29410	91.5	1.67e-126	356	914	281	245	199
ATSah_0_5G14450	At5g05730	95.2	0.0	1160	3002	595	625	624
ATSah_0_5G14450	GRMZM2G161337_T01.CDS	81.5	9.89e-82	249	637	595	153	151
ATSah_0_5G29150	At5g22510	98.9	0.0	1238	3204	618	618	618
ATSah_0_5G20220	At5g12040	100	2.03e-265	716	1849	369	370	369
ATSah_0_5G53130	At5g54810	99.6	0.0	922	2383	470	471	470
ATSah_0_5G53130	At4g27070	90.6	1.99e-313	847	2187	470	476	478
ATSah_0_5G59600	At5g61410	100	1.72e-199	542	1397	281	282	281
ATSah_0_5G50850	At5g52520	99.6	0.0	1086	2808	543	544	543
ATSah_0_5G21110	At5g13280	100	0.0	1091	2822	569	570	569
ATSah_0_5G23240	At5g15530	99.6	2.16e-148	411	1056	255	256	255
ATSah_0_5G12440	At5g03555	100	0.0	1144	2959	599	600	599
ATSah_0_5G35780	At5g35790	99.8	0.0	1147	2968	576	577	576
ATSah_0_5G35780	GRMZM2G177077_T01.CDS	84.0	1.21e-307	842	2174	576	599	486
ATSah_0_5G35780	At5g13110	82.4	4.31e-305	835	2157	576	597	488
ATSah_0_5G35780	At1g24280	81.2	1.36e-297	816	2108	576	600	485
ATSah_0_5G24040	At5g16390	98.5	8.63e-158	437	1125	297	281	273
ATSah_0_5G59770	At5g61580	99.8	0.0	1050	2715	530	531	530
ATSah_0_5G24080	At5g16440	96.9	3.35e-204	555	1430	290	292	291
ATSah_0_5G10350	Potri.016G120100	83.8	0.0	1000	2585	591	606	587
ATSah_0_5G10350	Potri.006G102500	83.4	0.0	971	2509	591	606	565
ATSah_0_5G10350	Potri.011G064000	80.8	0.0	937	2423	591	594	562
ATSah_0_5G10350	Potri.T102400	80.6	0.0	936	2420	591	594	562
ATSah_0_5G62160	At5g64040	100	1.85e-94	268	685	171	182	142
ATSah_0_5G48500	At5g49970	99.6	0.0	1056	2732	520	531	520
ATSah_0_5G21230	At5g13420	100	7.51e-312	840	2169	438	439	438
ATSah_0_5G51940	At5g53580	100	4.14e-272	733	1892	365	366	365
ATSah_0_5G24350	At5g16715	99.8	0.0	1941	5027	1246	975	974
ATSah_0_5G24350	At5g16710	100	1.10e-177	520	1339	1246	259	257
ATSah_0_5G52570	At5g54190	100	5.39e-286	771	1992	405	406	405
ATSah_0_5G52570	At4g27440	87.2	1.56e-245	669	1726	405	402	405
ATSah_0_5G65240	At5g67030	99.6	0.0	1296	3355	667	668	667
ATSah_0_5G22990	GRMZM2G087598_T03.CDS	81.5	4.61e-09	48.9	115	686	47	27
ATSah_0_5G22570	At5g14760	99.8	0.0	1288	3332	651	652	651
ATSah_0_5G23900	At5g16240	99.2	3.84e-292	786	2030	395	395	395
ATSah_0_5G23900	At3g02630	85.3	8.19e-251	682	1759	395	397	400
ATSah_0_5G23900	At2g43710	80.2	1.88e-211	582	1501	395	402	349
ATSah_0_5G33540	At5g27380	96.5	0.0	1018	2633	544	540	543
ATSah_0_5G16960	At5g08280	100	4.88e-275	742	1915	382	383	382
ATSah_0_5G29630	At5g23020	99.4	0.0	954	2466	493	504	493
ATSah_0_5G55260	AT5G57030	99.8	0.0	1041	2692	530	525	523
ATSah_0_5G55260	At5g57030	99.8	0.0	1041	2692	530	524	523
ATSah_0_5G49310	GRMZM2G123922_T01.CDS	89.7	0.0	1485	3844	929	922	868
ATSah_0_5G49310	GRMZM2G009443_T01.CDS	87.0	0.0	1461	3783	929	922	891
ATSah_0_5G49310	GRMZM2G001084_T01.CDS	84.5	0.0	1147	2966	929	897	724
ATSah_0_5G56480	At5g58260	100	3.81e-158	432	1110	209	210	209
ATSah_0_5G21430	At5g13630	100	0.0	2704	7008	1381	1382	1381
ATSah_0_5G35310	At5g35170	99.8	0.0	1090	2818	580	589	580
ATSah_0_5G42560	At5g43780	98.5	0.0	933	2411	469	470	469
ATSah_0_CG10390	AtCg00120	100	0.0	946	2446	507	508	507
ATSah_0_CG10790	AtCg00430	100	4.59e-167	456	1172	225	226	225
ATSah_0_CG10790	GRMZM2G448142_T03.CDS	83.7	9.22e-135	375	963	225	255	227
ATSah_0_CG10500	AtCg00340	100	0.0	1533	3969	734	735	734
ATSah_0_CG10480	AtCg00280	100	0.0	989	2558	790	474	473
ATSah_0_CG10480	AtCg00270	100	1.37e-220	619	1597	790	354	300
ATSah_0_CG10690	AtCg00350	100	0.0	1545	4001	750	751	750
ATSah_0_CG11790	AtCg01110	100	2.02e-300	807	2085	402	394	393
ATSah_0_CG11390	AtCg00150	100	6.46e-179	488	1255	249	250	249
ATSah_0_CG10800	AtCg00470	100	9.95e-44	134	336	73	133	73
ATSah_0_CG10850	AtCg00500	100	7.67e-162	453	1165	233	489	233
ATSah_0_CG10220	AtCg00340	100	6.76e-291	796	2056	383	735	383
ATSah_0_CG10990	AtCg00710	100	6.37e-32	103	257	103	74	51
ATSah_0_CG11710	AtCg00890	100	1.03e-89	271	694	372	390	136
ATSah_0_CG10090	AtCg00890	100	1.03e-89	271	694	372	390	136
ATSah_0_CG10840	AtCg00490	100	0.0	986	2550	486	480	479
ATSah_0_CG10840	GRMZM2G360821_T01.CDS	92.5	0.0	931	2405	486	484	483
ATSah_0_CG10840	GRMZM2G385635_T01.CDS	92.5	0.0	931	2405	486	484	483
ATSah_0_CG10840	GRMZM2G448344_T01.CDS	92.5	0.0	931	2405	486	484	483
ATSah_0_CG10840	GRMZM5G815453_T01.CDS	92.5	0.0	931	2405	486	484	483
ATSah_0_CG10260	AtCg00420	100	6.21e-123	338	868	158	159	158
ATSah_0_CG10230	AtCg00340	96.5	2.61e-234	650	1676	319	735	316
ATSah_0_CG11840	AtCg00890	88.1	2.54e-206	572	1474	468	390	345
ATSah_0_CG11090	AtCg00680	100	0.0	1061	2744	508	509	508
ATSah_0_CG11260	AtCg01050	100	2.34e-53	170	430	104	507	84
ATSah_0_CG11260	GRMZM5G800096_T01.CDS	81.0	1.53e-41	139	349	104	516	84
ATSah_0_CG11190	AtCg00890	100	8.77e-82	243	619	159	390	121
ATSah_0_CG10710	AtCg00430	100	4.59e-167	456	1172	225	226	225
ATSah_0_CG10710	GRMZM2G448142_T03.CDS	83.7	9.22e-135	375	963	225	255	227
ATSah_0_CG10310	AtCg00500	100	7.67e-162	453	1165	233	489	233
ATSah_0_CG11240	AtCg01110	100	2.02e-300	807	2085	402	394	393
ATSah_0_CG10560	AtCg00280	100	0.0	989	2558	790	474	473
ATSah_0_CG10560	AtCg00270	100	1.37e-220	619	1597	790	354	300
ATSah_0_CG10830	AtCg00500	100	7.67e-162	453	1165	233	489	233
ATSah_0_CG11770	AtCg01050	100	2.34e-53	170	430	104	507	84
ATSah_0_CG11770	GRMZM5G800096_T01.CDS	81.0	1.53e-41	139	349	104	516	84
ATSah_0_CG11410	AtCg00120	100	0.0	946	2446	507	508	507
ATSah_0_CG10980	AtCg00680	100	0.0	1061	2744	508	509	508
ATSah_0_CG10170	AtCg00150	100	6.46e-179	488	1255	249	250	249
ATSah_0_CG10820	AtCg00490	100	0.0	986	2550	486	480	479
ATSah_0_CG10820	GRMZM2G360821_T01.CDS	92.5	0.0	931	2405	486	484	483
ATSah_0_CG10820	GRMZM2G385635_T01.CDS	92.5	0.0	931	2405	486	484	483
ATSah_0_CG10820	GRMZM2G448344_T01.CDS	92.5	0.0	931	2405	486	484	483
ATSah_0_CG10820	GRMZM5G815453_T01.CDS	92.5	0.0	931	2405	486	484	483
ATSah_0_CG11520	AtCg01090	99.4	4.28e-107	299	766	162	173	159
ATSah_0_CG11780	AtCg01090	100	5.75e-116	322	825	169	173	169
ATSah_0_CG10780	AtCg00420	100	6.21e-123	338	868	158	159	158
ATSah_0_CG11250	AtCg01090	100	5.75e-116	322	825	169	173	169
ATSah_0_CG11200	AtCg00890	100	9.05e-90	271	694	368	390	136
ATSah_0_CG10680	AtCg00340	100	0.0	1533	3969	734	735	734
ATSah_0_CG10520	AtCg00150	100	6.46e-179	488	1255	249	250	249
ATSah_0_CG11640	AtCg00890	100	8.77e-82	243	619	159	390	121
ATSah_0_CG10100	AtCg00890	100	8.77e-82	243	619	159	390	121
ATSah_0_CG10050	AtCg00120	100	0.0	946	2446	507	508	507
ATSah_0_CG11460	AtCg00890	100	1.89e-90	272	695	332	390	136
ATSah_0_CG10150	AtCg00020	100	9.64e-265	713	1841	353	354	353
ATSah_0_CG11340	AtCg00890	100	8.77e-82	243	619	159	390	121
ATSah_0_CG11510	AtCg01050	100	2.34e-53	170	430	104	507	84
ATSah_0_CG11510	GRMZM5G800096_T01.CDS	81.0	1.53e-41	139	349	104	516	84
ATSah_0_CG10810	AtCg00480	100	0.0	955	2469	498	499	498
ATSah_0_CG10810	GRMZM2G385622_T01.CDS	91.0	0.0	877	2267	498	499	498
ATSah_0_CG10810	GRMZM5G808402_T01.CDS	91.0	0.0	877	2267	498	499	498
ATSah_0_CG10810	GRMZM2G448389_T01.CDS	90.8	0.0	876	2263	498	499	498
ATSah_0_CG10810	GRMZM2G062854_T01.CDS	90.7	1.91e-265	724	1868	498	410	409
ATSah_0_CG10810	GRMZM2G448142_T02.CDS	94.8	1.72e-245	675	1741	498	449	368
ATSah_0_CG10810	GRMZM2G448142_T01.CDS	94.8	1.72e-245	675	1741	498	449	368
ATSah_0_CG10270	AtCg00430	100	4.59e-167	456	1172	225	226	225
ATSah_0_CG10270	GRMZM2G448142_T03.CDS	83.7	9.22e-135	375	963	225	255	227
ATSah_0_CG10510	AtCg00350	100	0.0	1545	4001	750	751	750
ATSah_0_CG11100	AtCg00710	100	6.37e-32	103	257	103	74	51
ATSah_0_CG10640	AtCg00340	100	0.0	1533	3969	734	735	734
ATSah_0_CG10740	AtCg00490	100	0.0	986	2550	486	480	479
ATSah_0_CG10740	GRMZM2G360821_T01.CDS	92.5	0.0	931	2405	486	484	483
ATSah_0_CG10740	GRMZM2G385635_T01.CDS	92.5	0.0	931	2405	486	484	483
ATSah_0_CG10740	GRMZM2G448344_T01.CDS	92.5	0.0	931	2405	486	484	483
ATSah_0_CG10740	GRMZM5G815453_T01.CDS	92.5	0.0	931	2405	486	484	483
ATSah_0_CG10340	AtCg00020	96.6	2.47e-249	674	1739	345	354	353
ATSah_0_CG10350	AtCg00120	100	0.0	946	2446	507	508	507
ATSah_0_CG10750	AtCg00500	100	7.67e-162	453	1165	233	489	233
ATSah_0_CG10590	AtCg00350	100	0.0	1545	4001	750	751	750
ATSah_0_CG10650	AtCg00350	100	0.0	1545	4001	750	751	750
ATSah_0_CG10700	AtCg00420	100	6.21e-123	338	868	158	159	158
ATSah_0_CG10300	AtCg00490	100	0.0	986	2550	486	480	479
ATSah_0_CG10300	GRMZM2G360821_T01.CDS	92.5	0.0	931	2405	486	484	483
ATSah_0_CG10300	GRMZM2G385635_T01.CDS	92.5	0.0	931	2405	486	484	483
ATSah_0_CG10300	GRMZM2G448344_T01.CDS	92.5	0.0	931	2405	486	484	483
ATSah_0_CG10300	GRMZM5G815453_T01.CDS	92.5	0.0	931	2405	486	484	483
ATSah_0_CG11420	AtCg00020	100	9.64e-265	713	1841	353	354	353
ATSah_0_CG10950	AtCg00500	100	7.67e-162	453	1165	233	489	233
ATSah_0_CG10280	AtCg00470	100	9.95e-44	134	336	73	133	73
ATSah_0_CG10890	AtCg00710	100	6.37e-32	103	257	103	74	51
ATSah_0_CG11700	AtCg00890	100	8.77e-82	243	619	159	390	121
ATSah_0_CG10040	AtCg00020	100	9.64e-265	713	1841	353	354	353
ATSah_0_CG11650	AtCg00890	100	1.03e-89	271	694	372	390	136
ATSah_0_CG10060	AtCg00150	100	6.46e-179	488	1255	249	250	249
ATSah_0_CG10290	AtCg00480	99.8	0.0	954	2465	498	499	498
ATSah_0_CG10290	GRMZM2G385622_T01.CDS	90.8	0.0	876	2263	498	499	498
ATSah_0_CG10290	GRMZM5G808402_T01.CDS	90.8	0.0	876	2263	498	499	498
ATSah_0_CG10290	GRMZM2G448389_T01.CDS	90.6	0.0	874	2259	498	499	498
ATSah_0_CG10290	GRMZM2G062854_T01.CDS	90.5	7.77e-265	722	1864	498	410	409
ATSah_0_CG10290	GRMZM2G448142_T02.CDS	94.6	7.00e-245	673	1737	498	449	368
ATSah_0_CG10290	GRMZM2G448142_T01.CDS	94.6	7.00e-245	673	1737	498	449	368
ATSah_0_CG10880	AtCg00680	100	0.0	1061	2744	508	509	508
ATSah_0_CG11580	AtCg00890	100	1.92e-88	263	673	248	390	133
ATSah_0_CG11400	AtCg00140	100	3.79e-47	141	355	81	82	81
ATSah_0_CG10160	AtCg00120	100	0.0	946	2446	507	508	507
ATSah_0_CG11620	AtCg00020	100	9.64e-265	713	1841	353	354	353
ATSah_0_CG10720	AtCg00470	100	9.95e-44	134	336	73	133	73
ATSah_0_CG10620	AtCg00280	100	0.0	989	2558	790	474	473
ATSah_0_CG10620	AtCg00270	100	1.37e-220	619	1597	790	354	300
ATSah_0_CG10400	AtCg00150	100	6.46e-179	488	1255	249	250	249
ATSah_0_CG10580	AtCg00340	100	0.0	1533	3969	734	735	734
ATSah_0_CG10440	AtCg00150	100	6.46e-179	488	1255	249	250	249
ATSah_0_CG10730	AtCg00480	100	0.0	955	2469	498	499	498
ATSah_0_CG10730	GRMZM2G385622_T01.CDS	91.0	0.0	877	2267	498	499	498
ATSah_0_CG10730	GRMZM5G808402_T01.CDS	91.0	0.0	877	2267	498	499	498
ATSah_0_CG10730	GRMZM2G448389_T01.CDS	90.8	0.0	876	2263	498	499	498
ATSah_0_CG10730	GRMZM2G062854_T01.CDS	90.7	1.91e-265	724	1868	498	410	409
ATSah_0_CG10730	GRMZM2G448142_T02.CDS	94.8	1.72e-245	675	1741	498	449	368
ATSah_0_CG10730	GRMZM2G448142_T01.CDS	94.8	1.72e-245	675	1741	498	449	368
ATSah_0_CG10660	AtCg00280	100	0.0	989	2558	790	474	473
ATSah_0_CG10660	AtCg00270	100	1.37e-220	619	1597	790	354	300
ATSah_0_CG11570	AtCg00890	100	1.03e-89	271	694	372	390	136
ATSah_0_CG10210	AtCg00280	99.8	0.0	989	2557	790	474	473
ATSah_0_CG10210	AtCg00270	100	1.37e-220	619	1597	790	354	300
ATSah_0_CG11760	AtCg01050	100	2.34e-53	170	430	104	507	84
ATSah_0_CG11760	GRMZM5G800096_T01.CDS	81.0	1.53e-41	139	349	104	516	84
