ATShahdara_1G41430	At1g36280	98.7	0.0	1009	2609	529	528	529
ATShahdara_1G41430	At4g18440	88.1	0.0	908	2347	529	537	536
ATShahdara_1G28320	At1g19800	100	3.43e-252	681	1758	350	351	350
ATShahdara_1G69070	At1g77060	100	3.91e-155	431	1108	248	340	227
ATShahdara_1G42690	At1g44446	99.6	0.0	1095	2832	536	537	536
ATShahdara_1G38590	At1g32070	99.6	2.30e-174	477	1227	257	259	258
ATShahdara_1G71700	At1g79750	99.7	0.0	1257	3252	1305	647	643
ATShahdara_1G62370	At1g69830	99.9	0.0	1815	4700	887	888	887
ATShahdara_1G72540	At1g80560	99.8	1.61e-287	775	2002	405	406	405
ATShahdara_1G72540	At1g31180	85.4	9.10e-247	673	1736	405	420	403
ATShahdara_1G72540	At5g14200	84.6	7.32e-246	670	1729	405	410	409
ATShahdara_1G52400	At1g58080	100	7.52e-296	797	2058	411	412	411
ATShahdara_1G52400	At1g09795	83.1	1.89e-232	637	1642	411	414	391
ATShahdara_1G22060	At1g13280	99.6	3.20e-176	496	1277	618	255	254
ATShahdara_1G31700	At1g23360	99.2	3.62e-191	520	1338	261	262	261
ATShahdara_1G40890	At1g35290	99.4	2.65e-134	369	948	178	190	178
ATShahdara_1G37910	At1g31220	100	8.03e-215	582	1500	292	293	292
ATShahdara_1G29810	At1g77060	82.2	1.31e-197	542	1397	336	340	338
ATShahdara_1G15260	GRMZM2G110408_T01.CDS	83.0	0.0	1057	2734	685	678	677
ATShahdara_1G15260	GRMZM2G110408_T02.CDS	83.0	0.0	1057	2734	685	678	677
ATShahdara_1G15260	GRMZM2G110408_T03.CDS	83.0	0.0	1057	2734	685	678	677
ATShahdara_1G15260	GRMZM2G087598_T02.CDS	85.5	0.0	1051	2717	685	678	648
ATShahdara_1G15260	GRMZM2G087598_T01.CDS	85.5	0.0	1051	2717	685	678	648
ATShahdara_1G14940	At1g06130	100	1.14e-245	663	1711	331	332	331
ATShahdara_1G60920	At1g68260	100	2.51e-140	385	989	190	191	190
ATShahdara_1G60920	At1g68280	81.8	4.10e-110	309	791	190	193	192
ATShahdara_1G62290	At1g69740	99.8	1.34e-310	836	2159	430	431	430
ATShahdara_1G18600	At1g09830	99.6	0.0	987	2552	532	533	532
ATShahdara_1G25020	At1g16300	100	4.25e-302	813	2101	420	421	420
ATShahdara_1G25020	At1g79530	86.9	3.31e-256	697	1800	420	423	421
ATShahdara_1G27260	At1g18640	100	8.56e-216	585	1509	312	296	295
ATShahdara_1G70370	At1g78390	99.7	0.0	1214	3140	607	658	607
ATShahdara_1G49950	At1g54570	100	0.0	1393	3606	704	705	704
ATShahdara_1G26560	A0A7G2DUG9	97.7	0.0	954	2466	573	963	521
ATShahdara_1G36880	At1g30120	99.8	6.46e-299	804	2077	406	407	406
ATShahdara_1G36880	At2g34590	92.0	2.37e-269	729	1883	406	407	411
ATShahdara_1G66730	At1g74470	100	0.0	923	2385	467	468	467
ATShahdara_1G10090	At1g01090	100	1.25e-314	846	2185	428	429	428
ATShahdara_1G33100	At1g25410	98.8	9.77e-248	669	1727	342	343	342
ATShahdara_1G30780	At1g22410	100	0.0	1042	2695	527	528	527
ATShahdara_1G30780	At4g39980	85.7	3.78e-292	797	2059	527	526	453
ATShahdara_1G30780	At4g33510	85.0	2.14e-289	790	2039	527	508	448
ATShahdara_1G38580	At1g32060	100	2.40e-293	789	2038	395	396	395
ATShahdara_1G38580	GRMZM2G162529_T02.CDS	89.5	1.59e-234	641	1653	395	406	351
ATShahdara_1G38580	GRMZM2G026024_T02.CDS	90.1	1.18e-227	630	1626	395	583	343
ATShahdara_1G38580	GRMZM2G463280_T02.CDS	80.4	8.19e-208	572	1475	395	382	347
ATShahdara_1G38580	GRMZM2G162529_T01.CDS	84.6	2.61e-25	94.0	232	395	61	52
ATShahdara_1G55520	At1g62640	99.5	3.57e-295	795	2052	404	405	404
ATShahdara_1G60400	At1g67740	100	2.83e-100	284	726	189	190	189
ATShahdara_1G64260	AT1G71920	92.1	1.06e-276	748	1930	385	418	417
ATShahdara_1G64260	At1g71920	92.1	1.06e-276	748	1930	385	418	417
ATShahdara_1G64260	AT5G10330	92.1	1.06e-276	748	1930	385	418	417
ATShahdara_1G64260	At5g10330	92.1	1.06e-276	748	1930	385	418	417
ATShahdara_1G22890	At1g14150	98.9	1.34e-135	373	958	190	191	190
ATShahdara_1G60220	At1g67560	99.2	0.0	1831	4742	917	918	917
ATShahdara_1G30550	At1g22170	99.4	4.95e-237	642	1655	334	335	334
ATShahdara_1G30550	At1g78050	83.8	1.05e-166	464	1193	334	333	284
ATShahdara_1G17290	At1g08550	99.6	0.0	881	2276	462	463	462
ATShahdara_1G71490	At1g79530	100	1.73e-302	815	2104	422	423	422
ATShahdara_1G71490	At1g16300	86.9	6.70e-256	697	1798	422	421	421
ATShahdara_1G45980	GRMZM2G126361_T01.CDS	91.1	0.0	1075	2779	716	689	605
ATShahdara_1G45980	GRMZM2G126361_T02.CDS	91.1	0.0	1075	2779	716	689	605
ATShahdara_1G45980	GRMZM2G126361_T03.CDS	85.7	3.20e-152	443	1140	716	379	265
ATShahdara_1G24720	At1g15980	99.8	0.0	921	2381	461	462	461
ATShahdara_1G36240	At1g07780	82.4	7.86e-155	432	1110	342	276	279
ATShahdara_1G36240	At5g05590	82.1	2.25e-154	431	1107	342	276	279
ATShahdara_1G36240	At1g29410	99.1	3.84e-150	419	1076	342	245	217
ATShahdara_1G49730	At1g54350	99.9	0.0	1375	3559	706	707	706
ATShahdara_1G38430	At1g31860	100	7.32e-201	546	1406	281	282	281
ATShahdara_1G37920	At1g31230	100	0.0	1768	4580	911	912	911
ATShahdara_1G37920	At4g19710	81.0	0.0	1378	3567	911	917	849
ATShahdara_1G19640	At1g10830	100	2.21e-268	724	1868	367	368	367
ATShahdara_1G66940	At1g74710	99.8	0.0	1063	2748	569	623	552
ATShahdara_1G66520	At1g74260	99.8	0.0	2779	7204	1407	1408	1407
ATShahdara_1G37090	At1g30380	100	2.62e-88	249	635	130	131	130
ATShahdara_1G27350	At1g18730	98.3	4.24e-127	350	899	175	176	175
ATShahdara_1G45910	At1g50170	99.6	1.87e-166	454	1168	225	226	225
ATShahdara_1G56810	At1g63970	99.1	3.88e-162	444	1141	231	232	231
ATShahdara_1G69490	At1g77490	100	5.68e-310	834	2154	426	427	426
ATShahdara_1G65120	At1g72810	100	0.0	1035	2677	516	517	516
ATShahdara_1G65120	At4g29840	81.8	4.21e-298	812	2097	516	527	500
ATShahdara_1G14430	At1g05610	98.3	0.0	922	2384	476	483	482
ATShahdara_1G42030	At1g42970	99.8	0.0	873	2255	447	448	447
ATShahdara_1G32000	At1g23740	100	1.23e-270	731	1887	386	387	386
ATShahdara_1G59790	At1g67090	100	5.13e-135	371	952	180	181	180
ATShahdara_1G59790	At5g38430	93.3	3.72e-126	348	894	180	182	179
ATShahdara_1G59790	At5g38420	91.6	2.51e-124	344	882	180	182	179
ATShahdara_1G59790	At5g38410	89.1	3.36e-121	336	862	180	187	184
ATShahdara_1G27120	At1g18500	99.8	0.0	1223	3165	631	632	631
ATShahdara_1G27120	At1g74040	86.1	0.0	1047	2708	631	632	634
ATShahdara_1G32530	At1g24280	99.8	0.0	1179	3050	599	600	599
ATShahdara_1G32530	At5g13110	87.9	0.0	987	2551	599	597	572
ATShahdara_1G32530	GRMZM2G177077_T01.CDS	87.1	2.33e-320	875	2260	599	599	488
ATShahdara_1G40870	At1g35250	95.2	5.17e-132	363	933	179	189	188
ATShahdara_1G49510	At1g54130	100	0.0	1395	3612	715	716	715
ATShahdara_1G51000	At1g55670	99.4	6.66e-110	306	783	160	161	160
ATShahdara_1G12490	At1g03630	100	4.81e-287	774	1998	401	402	401
ATShahdara_1G28510	At1g20020	100	5.91e-274	738	1905	369	370	369
ATShahdara_1G17110	At1g08380	100	3.09e-103	287	735	140	141	140
ATShahdara_1G72580	At1g80600	99.3	0.0	882	2280	457	458	457
ATShahdara_1G71040	At1g79040	100	2.26e-96	270	690	140	141	140
ATShahdara_1G55090	At1g62190	96.3	1.83e-217	589	1518	295	296	295
ATShahdara_1G12360	At1g03475	100	1.51e-296	796	2057	386	387	386
ATShahdara_1G32610	At1g24360	100	3.67e-220	598	1541	319	320	319
ATShahdara_1G32610	GRMZM2G043602_T02.CDS	80.1	6.12e-120	340	873	319	226	216
ATShahdara_1G17250	At1g08510	100	1.28e-308	829	2142	412	413	412
ATShahdara_1G18540	At1g09795	99.8	6.92e-293	790	2039	413	414	413
ATShahdara_1G18540	At1g58080	83.4	2.00e-234	642	1655	413	412	391
ATShahdara_1G38010	At1g31330	100	1.36e-157	431	1109	221	222	221
ATShahdara_1G67100	At1g74880	99.4	1.35e-108	302	774	158	159	158
ATShahdara_1G71050	GRMZM2G016602_T04.CDS	86.1	2.42e-210	582	1500	439	416	345
ATShahdara_1G71050	GRMZM2G016602_T01.CDS	86.1	2.42e-210	582	1500	439	416	345
ATShahdara_1G71050	GRMZM2G016602_T02.CDS	81.8	8.36e-206	571	1472	439	434	363
ATShahdara_1G71050	GRMZM2G016602_T03.CDS	86.6	5.56e-151	426	1094	439	267	247
ATShahdara_1G17260	At1g08520	100	0.0	1342	3472	760	761	760
ATShahdara_1G17260	GRMZM2G043453_T01.CDS	83.5	0.0	1055	2729	760	756	739
ATShahdara_1G17260	GRMZM2G043453_T02.CDS	82.6	0.0	937	2421	760	693	671
ATShahdara_1G44750	At1g48850	99.3	3.06e-312	840	2171	435	437	434
ATShahdara_1G44750	At1g48860	87.2	9.53e-14	68.9	167	435	522	47
ATShahdara_1G42710	At1g44575	100	2.74e-188	513	1320	265	266	265
ATShahdara_1G70050	At1g78050	100	8.91e-239	646	1666	332	333	332
ATShahdara_1G38980	At1g32440	100	0.0	1095	2832	571	572	571
ATShahdara_1G44760	At1g48860	98.7	0.0	986	2550	521	522	521
ATShahdara_1G44760	At2g45300	93.5	0.0	891	2303	521	521	491
ATShahdara_1G44760	At1g48850	90.9	3.43e-12	64.3	155	521	437	44
ATShahdara_1G24450	At1g15710	100	3.20e-260	702	1812	354	359	349
ATShahdara_1G59940	At1g67280	100	3.78e-265	714	1843	350	351	350
ATShahdara_1G59940	GRMZM2G076006_T02.CDS	83.4	1.13e-185	513	1321	350	348	289
ATShahdara_1G59940	GRMZM2G076006_T01.CDS	88.0	7.81e-55	171	433	350	94	92
ATShahdara_1G40560	At1g34430	100	1.51e-311	841	2173	465	466	465
ATShahdara_1G12040	At1g03130	100	5.83e-146	400	1029	204	205	204
ATShahdara_1G12040	At4g02770	93.3	7.76e-136	375	963	204	209	208
ATShahdara_1G26430	At1g17745	95.5	0.0	1153	2983	624	652	651
ATShahdara_1G64860	At1g72520	98.9	0.0	1828	4735	926	927	926
ATShahdara_1G64860	At1g17420	83.4	0.0	1548	4009	926	920	927
ATShahdara_1G66280	At1g74030	99.6	0.0	933	2411	477	478	477
ATShahdara_1G16990	At1g08250	100	1.52e-296	799	2063	413	414	413
ATShahdara_1G16990	At2g27820	84.4	2.77e-228	627	1616	413	425	391
ATShahdara_1G15490	At1g06680	100	5.93e-182	496	1278	263	264	263
ATShahdara_1G38720	At1g32200	100	0.0	891	2302	459	460	459
ATShahdara_1G38920	At1g32380	99.8	3.00e-285	769	1986	400	401	400
ATShahdara_1G38920	At2g35390	86.6	1.30e-250	682	1759	400	404	403
ATShahdara_1G38920	At2g44530	81.4	1.07e-205	568	1463	400	395	350
ATShahdara_1G67520	At1g75330	100	3.53e-269	726	1875	375	376	375
ATShahdara_1G60940	At1g68280	97.2	1.91e-126	350	897	180	193	180
ATShahdara_1G60940	At1g68260	82.8	1.06e-102	290	741	180	191	180
ATShahdara_1G21710	At1g12900	100	8.51e-288	777	2007	399	442	399
ATShahdara_1G21710	At3g26650	90.0	1.20e-260	707	1824	399	397	400
ATShahdara_1G18130	At1g09420	98.0	0.0	1235	3196	625	636	635
ATShahdara_1G59170	At1g66430	98.7	6.37e-272	734	1895	384	385	384
ATShahdara_1G58220	At1g65410	100	1.01e-214	586	1511	345	346	298
ATShahdara_1G58220	GRMZM5G868168_T02.CDS	84.3	1.95e-130	368	944	345	218	216
ATShahdara_1G19510	At1g10700	99.8	9.16e-297	799	2064	411	412	411
ATShahdara_1G55080	At1g62180	99.3	0.0	887	2293	454	455	454
ATShahdara_1G72360	At1g80380	100	0.0	921	2380	456	457	456
ATShahdara_1G56780	At1g63940	100	0.0	953	2464	486	494	486
ATShahdara_1G52600	At1g58290	100	0.0	1031	2666	543	544	543
ATShahdara_1G52600	At1g09940	81.0	6.95e-298	813	2099	543	531	542
ATShahdara_1G63270	At1g70760	100	8.09e-142	389	999	191	192	191
ATShahdara_1G25870	At1g17160	98.9	2.57e-266	719	1857	378	380	379
ATShahdara_1G42390	At1g43800	99.0	1.81e-286	771	1992	391	392	391
ATShahdara_1G17230	At1g08490	100	0.0	908	2346	463	464	463
ATShahdara_1G29990	At1g21640	98.4	0.0	1933	5007	985	1000	999
ATShahdara_1G37890	At1g31190	100	4.86e-274	738	1906	371	372	371
ATShahdara_1G47770	At1g52230	100	1.83e-102	286	731	145	146	145
ATShahdara_1G47770	At3g16140	91.7	1.82e-93	263	672	145	146	145
ATShahdara_1G57810	At1g64970	98.6	2.55e-241	654	1686	346	349	348
ATShahdara_1G36660	At1g29900	99.9	0.0	2314	5997	1187	1188	1187
ATShahdara_1G51520	At1g56190	99.8	0.0	897	2317	478	479	478
ATShahdara_1G51520	At3g12780	90.0	8.69e-300	813	2099	478	482	481
ATShahdara_1G39350	At1g32900	100	0.0	1214	3140	610	611	610
ATShahdara_1G66290	At1g74040	98.6	0.0	1202	3111	631	632	631
ATShahdara_1G66290	At1g18500	86.1	0.0	1056	2732	631	632	634
ATShahdara_2G18250	GRMZM5G809546_T01.CDS	82.9	6.54e-278	763	1971	551	554	479
ATShahdara_2G12910	At2g04700	99.3	2.31e-110	306	783	146	147	146
ATShahdara_2G26790	At2g28190	100	4.01e-143	394	1013	216	217	216
ATShahdara_2G10110	At2g01140	100	8.58e-285	767	1981	391	392	391
ATShahdara_2G10110	At2g21330	80.1	1.82e-205	567	1461	391	400	351
ATShahdara_2G16260	At2g16570	100	0.0	1112	2875	566	567	566
ATShahdara_2G16260	At4g34740	84.6	0.0	910	2352	566	562	571
ATShahdara_2G38360	At2g40300	99.2	2.31e-177	484	1247	259	260	259
ATShahdara_2G42080	At2g44040	100	2.19e-245	664	1712	341	348	341
ATShahdara_2G42080	At3g59890	84.9	1.31e-203	558	1438	341	350	344
ATShahdara_2G23880	At2g25080	99.6	4.73e-170	464	1194	236	237	236
ATShahdara_2G13590	At2g05990	100	4.04e-278	750	1937	390	391	390
ATShahdara_2G21430	At2g22230	100	1.65e-153	421	1082	220	221	220
ATShahdara_2G21430	At5g10160	80.0	5.37e-106	301	770	220	220	195
ATShahdara_2G16920	At2g17265	100	8.04e-252	682	1760	370	371	370
ATShahdara_2G41170	At2g43100	99.6	2.33e-180	492	1266	256	257	256
ATShahdara_2G17210	At2g17630	99.5	2.30e-307	827	2136	422	423	422
ATShahdara_2G17210	At4g35630	85.6	6.67e-270	733	1891	422	431	432
ATShahdara_2G21640	At2g22480	100	0.0	1081	2796	537	538	537
ATShahdara_2G15210	At2g14750	99.6	2.57e-203	551	1421	276	277	276
ATShahdara_2G41160	At2g43090	100	7.23e-177	483	1242	251	252	251
ATShahdara_2G13750	At2g06520	100	2.76e-72	207	527	116	117	116
ATShahdara_2G28110	At2g29630	99.7	0.0	1319	3413	644	645	644
ATShahdara_2G28170	At2g29690	99.8	0.0	1233	3191	621	622	621
ATShahdara_2G43410	At2g45440	99.7	3.86e-277	746	1925	365	366	365
ATShahdara_2G43410	At3g60880	87.4	1.95e-245	665	1717	365	366	365
ATShahdara_2G22010	At2g22890	99.6	1.06e-217	588	1516	279	280	279
ATShahdara_2G13440	At2g05710	100	0.0	1965	5091	990	991	990
ATShahdara_2G13440	GRMZM2G020801_T01.CDS	88.8	0.0	1445	3741	990	798	793
ATShahdara_2G33640	At2g35390	100	4.31e-291	784	2025	403	404	403
ATShahdara_2G33640	At1g32380	86.8	7.89e-252	685	1767	403	401	403
ATShahdara_2G20670	At2g21330	100	3.52e-288	776	2005	399	400	399
ATShahdara_2G20670	At4g38970	89.9	3.39e-256	696	1795	399	399	397
ATShahdara_2G35800	At2g37690	99.7	0.0	1251	3238	642	643	642
ATShahdara_2G45560	At2g47730	98.9	3.68e-178	487	1253	262	264	263
ATShahdara_2G19630	At2g20260	97.2	1.42e-81	233	594	145	146	145
ATShahdara_2G37520	At2g39470	99.6	7.60e-177	481	1239	238	239	238
ATShahdara_2G43290	At2g45300	99.4	0.0	999	2582	520	521	520
ATShahdara_2G43290	At1g48860	96.2	0.0	885	2288	520	522	473
ATShahdara_2G33290	At2g35040	99.7	0.0	1174	3037	596	597	596
ATShahdara_2G15710	At2g15620	99.7	0.0	1157	2993	587	587	587
ATShahdara_2G26460	At2g27820	99.5	7.56e-298	803	2074	424	425	424
ATShahdara_2G26460	At1g08250	85.1	7.37e-224	615	1587	424	414	388
ATShahdara_2G43150	At2g45150	99.0	2.63e-284	768	1982	391	431	391
ATShahdara_2G24610	At2g25840	98.8	1.70e-296	798	2062	408	413	412
ATShahdara_2G28940	At2g30570	100	4.47e-86	243	621	133	134	133
ATShahdara_2G44720	At2g46820	100	1.25e-114	319	817	174	175	174
ATShahdara_2G20060	At2g20690	98.5	1.91e-190	518	1335	267	272	266
ATShahdara_2G42090	At2g44050	99.5	7.49e-143	409	1052	600	228	215
ATShahdara_2G38560	At2g40490	99.5	4.23e-282	761	1964	394	395	394
ATShahdara_2G20520	At2g21170	99.7	5.07e-225	610	1572	315	316	315
ATShahdara_2G25230	At2g26540	100	2.27e-215	586	1510	321	322	321
ATShahdara_2G27450	At2g28880	100	0.0	1851	4794	917	920	917
ATShahdara_2G39710	At2g41680	100	0.0	984	2545	529	530	529
ATShahdara_2G28590	At2g30200	99.7	4.61e-249	676	1744	367	394	367
ATShahdara_2G29270	GRMZM2G087598_T02.CDS	86.6	0.0	1064	2751	695	678	641
ATShahdara_2G29270	GRMZM2G087598_T01.CDS	86.6	0.0	1064	2751	695	678	641
ATShahdara_2G29270	GRMZM2G110408_T01.CDS	86.6	0.0	1063	2748	695	678	641
ATShahdara_2G29270	GRMZM2G110408_T02.CDS	86.6	0.0	1063	2748	695	678	641
ATShahdara_2G29270	GRMZM2G110408_T03.CDS	86.6	0.0	1063	2748	695	678	641
ATShahdara_2G29270	GRMZM2G087598_T03.CDS	85.2	4.67e-09	48.9	115	695	47	27
ATShahdara_2G27360	GRMZM2G110063_T02.CDS	84.6	8.94e-144	409	1052	462	298	240
ATShahdara_2G21450	At2g22250	100	0.0	903	2334	475	476	475
ATShahdara_2G21450	AT2G22250	100	0.0	903	2334	475	476	475
ATShahdara_2G41760	At2g43750	100	7.49e-275	742	1916	392	393	392
ATShahdara_2G41760	GRMZM2G082185_T01.CDS	81.7	3.81e-193	536	1380	392	399	333
ATShahdara_2G40120	At2g42070	100	5.40e-207	561	1446	280	281	280
ATShahdara_2G11300	At2g02500	94.5	1.79e-202	552	1422	309	303	309
ATShahdara_2G39290	At2g41220	99.9	0.0	3206	8312	1629	1630	1629
ATShahdara_2G29680	At1g06130	83.6	1.71e-204	559	1440	324	332	329
ATShahdara_2G25350	At2g26670	100	6.78e-202	548	1413	282	283	282
ATShahdara_2G25350	At1g69720	85.2	3.67e-140	392	1008	282	286	230
ATShahdara_2G18460	At2g18950	100	3.46e-268	725	1871	380	394	380
ATShahdara_2G20910	At2g21590	100	0.0	1046	2705	523	524	523
ATShahdara_2G20910	At4g39210	84.3	0.0	884	2284	523	522	523
ATShahdara_2G36150	At2g38040	100	0.0	1315	3403	769	770	769
ATShahdara_2G32850	At2g34590	100	7.23e-296	796	2057	406	407	406
ATShahdara_2G32850	At1g30120	91.7	1.60e-267	725	1871	406	407	411
ATShahdara_2G29490	At2g31170	100	0.0	1122	2902	563	564	563
ATShahdara_2G25590	At2g26930	100	4.04e-279	752	1942	383	384	383
ATShahdara_2G41740	At2g43710	99.5	1.85e-300	808	2086	401	402	401
ATShahdara_2G41740	At3g02630	80.5	9.32e-217	596	1536	401	397	354
ATShahdara_2G41740	At5g16240	80.5	1.29e-211	583	1502	401	395	349
ATShahdara_2G37320	At2g39290	100	2.78e-192	525	1353	296	297	296
ATShahdara_2G43280	At2g45290	99.9	0.0	1476	3820	741	742	741
ATShahdara_2G43280	At3g60750	88.7	0.0	1326	3432	741	742	741
ATShahdara_2G42550	At2g44530	100	8.32e-289	778	2008	394	395	394
ATShahdara_2G42550	At1g32380	81.7	3.17e-207	572	1473	394	401	350
ATShahdara_3G43470	At3g47520	100	5.51e-278	751	1939	403	404	403
ATShahdara_3G38190	At3g29200	98.8	6.57e-243	657	1695	341	341	341
ATShahdara_3G36000	At3g26840	97.9	0.0	1358	3514	701	702	701
ATShahdara_3G10510	At3g01440	100	1.60e-160	439	1128	220	221	220
ATShahdara_3G33180	At3g23920	99.7	0.0	1178	3048	575	576	575
ATShahdara_3G56020	At3g60620	100	9.04e-291	783	2022	399	400	399
ATShahdara_3G10570	At3g01500	100	3.63e-241	653	1685	347	348	347
ATShahdara_3G13940	At3g04790	100	8.48e-193	525	1352	276	277	276
ATShahdara_3G58610	At3g63410	100	9.90e-257	692	1785	338	338	338
ATShahdara_3G58610	AT3G63410	100	1.03e-256	692	1785	338	339	338
ATShahdara_3G36900	At3g27740	92.5	1.08e-316	853	2203	465	431	465
ATShahdara_3G35800	At3g26650	100	9.32e-287	773	1995	396	397	396
ATShahdara_3G35800	At1g12900	90.0	4.02e-260	707	1825	396	442	400
ATShahdara_3G35800	At1g42970	80.5	6.64e-195	542	1397	396	448	344
ATShahdara_3G51510	At3g55800	99.0	3.36e-283	763	1971	393	394	393
ATShahdara_3G32180	At3g22890	100	0.0	939	2426	463	464	463
ATShahdara_3G32180	At4g14680	87.1	3.96e-269	736	1899	463	511	428
ATShahdara_3G44780	GRMZM2G123922_T01.CDS	86.3	0.0	1419	3673	952	922	866
ATShahdara_3G44780	GRMZM2G009443_T01.CDS	88.3	0.0	1412	3655	952	922	837
ATShahdara_3G44780	GRMZM2G001084_T01.CDS	81.1	0.0	1102	2850	952	897	725
ATShahdara_3G18640	At3g14930	99.8	9.45e-314	843	2177	418	419	418
ATShahdara_3G38440	At3g29430	97.2	7.38e-246	666	1718	357	358	357
ATShahdara_3G38440	At3g32040	90.0	7.19e-224	610	1574	357	361	360
ATShahdara_3G38440	At3g14550	86.9	8.10e-214	585	1508	357	361	360
ATShahdara_3G38440	At3g14530	85.8	1.05e-209	575	1481	357	361	360
ATShahdara_3G38440	At3g14510	91.0	3.35e-176	487	1253	357	285	277
ATShahdara_3G12750	At3g03630	100	4.89e-265	721	1860	455	405	398
ATShahdara_3G49800	At3g54050	100	1.20e-295	797	2058	417	418	417
ATShahdara_3G15580	At3g06350	99.8	0.0	1171	3030	603	604	603
ATShahdara_3G11090	At3g02020	100	0.0	1074	2778	559	560	559
ATShahdara_3G11090	At5g14060	83.0	3.09e-318	865	2236	559	545	542
ATShahdara_3G44470	At3g48560	100	0.0	1258	3256	670	671	670
ATShahdara_3G44010	At3g48110	99.8	0.0	2057	5329	1142	1068	1058
ATShahdara_3G30410	At3g21110	100	2.29e-306	823	2127	411	412	411
ATShahdara_3G22700	At3g11050	98.8	1.98e-173	479	1233	370	254	252
ATShahdara_3G41560	At3g45140	99.8	0.0	1815	4702	896	897	896
ATShahdara_3G45570	At3g49680	99.8	5.78e-301	810	2092	413	414	413
ATShahdara_3G30350	At3g21055	100	6.61e-64	186	473	103	144	103
ATShahdara_3G32250	At3g22960	99.7	0.0	1116	2886	596	597	596
ATShahdara_3G29810	At3g20540	98.5	0.0	2027	5251	1034	1050	1049
ATShahdara_3G33200	At3g23940	100	0.0	1207	3122	608	609	608
ATShahdara_3G52880	At3g57280	100	4.38e-161	441	1133	226	227	226
ATShahdara_3G10200	At3g01180	100	0.0	1560	4038	792	793	792
ATShahdara_3G26160	GRMZM2G145595_T01.CDS	82.6	2.06e-313	854	2207	566	563	528
ATShahdara_3G26160	GRMZM2G152958_T01.CDS	82.1	2.95e-309	844	2180	566	566	531
ATShahdara_3G26160	GRMZM2G073774_T01.CDS	82.1	2.95e-309	844	2180	566	566	531
ATShahdara_3G26160	GRMZM2G152958_T02.CDS	81.4	3.98e-284	779	2011	566	530	494
ATShahdara_3G26160	GRMZM2G145595_T02.CDS	87.7	2.29e-170	480	1236	566	281	268
ATShahdara_3G54340	At3g58830	100	7.89e-242	655	1689	343	349	343
ATShahdara_3G20990	At3g12780	100	0.0	900	2325	481	482	481
ATShahdara_3G20990	At1g56190	90.2	1.07e-300	815	2105	481	479	481
ATShahdara_3G49340	At3g53580	100	5.43e-271	730	1884	362	363	362
ATShahdara_3G10550	At3g01480	99.8	2.64e-316	851	2198	437	438	437
ATShahdara_3G19000	At3g14530	99.7	8.71e-251	679	1751	360	361	360
ATShahdara_3G19000	At3g14550	94.4	6.13e-235	639	1647	360	361	360
ATShahdara_3G19000	At3g29430	87.5	3.87e-212	581	1497	360	358	360
ATShahdara_3G19000	At3g32040	84.7	3.22e-207	568	1465	360	361	360
ATShahdara_3G19000	At3g14510	91.3	1.87e-176	488	1255	360	285	277
ATShahdara_3G54120	At3g58610	99.8	0.0	1135	2936	591	592	591
ATShahdara_3G54120	GRMZM2G004382_T02.CDS	90.2	0.0	921	2381	591	580	512
ATShahdara_3G54120	GRMZM2G004382_T01.CDS	88.3	4.47e-257	709	1830	591	475	403
ATShahdara_3G11680	At3g02610	100	7.35e-304	817	2111	413	414	413
ATShahdara_3G11680	At3g02620	92.0	1.03e-274	743	1919	413	407	411
ATShahdara_3G11680	At5g16230	82.8	3.53e-244	666	1718	413	402	413
ATShahdara_3G53200	At3g57610	100	0.0	975	2521	490	491	490
ATShahdara_3G21800	AT3G11945	100	9.44e-274	739	1909	393	394	393
ATShahdara_3G16950	At3g07630	99.7	1.06e-273	738	1906	381	382	381
ATShahdara_3G48870	At3g53130	100	0.0	1043	2697	539	540	539
ATShahdara_3G51700	At3g56040	99.9	0.0	1776	4599	883	884	883
ATShahdara_3G19030	At3g14550	93.3	4.51e-237	644	1661	360	361	360
ATShahdara_3G19030	At3g14530	89.2	9.43e-223	608	1567	360	361	360
ATShahdara_3G19030	At3g29430	87.2	9.97e-215	587	1514	360	358	360
ATShahdara_3G19030	At3g32040	85.0	1.51e-212	582	1500	360	361	360
ATShahdara_3G19030	At3g14510	99.3	5.52e-192	527	1357	360	285	277
ATShahdara_3G49660	At3g53900	99.7	1.82e-213	579	1492	296	297	296
ATShahdara_3G50770	At3g55040	99.7	9.64e-207	561	1447	292	293	292
ATShahdara_3G34290	At3g25110	99.4	1.01e-266	719	1856	362	363	362
ATShahdara_3G51750	At3g56090	100	6.92e-179	488	1257	259	260	259
ATShahdara_3G47590	At3g51820	97.6	1.23e-271	735	1898	424	388	376
ATShahdara_3G55770	At3g60370	91.0	5.78e-149	412	1059	234	272	244
ATShahdara_3G27010	At3g17810	100	8.70e-311	836	2159	423	427	423
ATShahdara_3G31720	At3g22425	99.6	1.98e-182	500	1288	317	271	263
ATShahdara_3G31720	At4g14910	81.6	2.35e-141	398	1022	317	309	261
ATShahdara_3G11870	At5g16440	81.4	4.15e-169	466	1199	284	292	291
ATShahdara_3G25470	At3g16250	100	1.38e-153	420	1079	204	205	204
ATShahdara_3G25350	At3g16140	100	4.32e-101	282	722	145	146	145
ATShahdara_3G25350	At1g52230	91.7	1.06e-92	261	667	145	146	145
ATShahdara_3G29570	At3g20320	100	1.06e-273	738	1906	381	382	381
ATShahdara_3G55300	At3g59890	98.9	2.14e-250	677	1746	349	350	349
ATShahdara_3G55300	At2g44040	84.9	6.42e-208	569	1467	349	348	350
ATShahdara_3G18980	At3g14550	99.2	9.09e-253	684	1764	360	361	360
ATShahdara_3G18980	At3g14530	93.9	3.04e-235	639	1649	360	361	360
ATShahdara_3G18980	At3g29430	86.9	5.75e-214	585	1509	360	358	360
ATShahdara_3G18980	At3g32040	84.4	1.01e-210	577	1488	360	361	360
ATShahdara_3G18980	At3g14510	92.8	1.19e-179	496	1276	360	285	277
ATShahdara_3G57300	At3g62030	99.6	9.12e-188	513	1321	260	314	260
ATShahdara_3G19540	At3g14050	100	0.0	1401	3626	709	710	709
ATShahdara_3G44640	At5g63570	89.9	2.81e-311	841	2173	472	475	474
ATShahdara_3G43390	At3g47450	99.3	0.0	1090	2818	561	562	561
ATShahdara_3G21760	At3g11980	99.8	0.0	1216	3145	616	617	616
ATShahdara_3G34870	At3g25780	99.2	1.47e-184	503	1294	258	259	258
ATShahdara_3G24660	At3g09150	99.7	8.00e-245	661	1705	329	330	329
ATShahdara_3G46630	At3g50820	99.4	1.31e-235	638	1645	331	332	331
ATShahdara_3G46630	At5g66570	90.7	2.52e-215	587	1512	331	333	332
ATShahdara_3G44320	Potri.015G088500	84.2	3.08e-161	449	1155	319	329	279
ATShahdara_3G50350	At3g54640	99.7	2.90e-218	592	1527	312	313	312
ATShahdara_3G56120	At3g60750	100	0.0	1471	3807	741	742	741
ATShahdara_3G56120	At2g45290	88.8	0.0	1321	3418	741	742	741
ATShahdara_3G52560	At3g56940	100	2.40e-291	785	2028	409	410	409
ATShahdara_3G27900	At3g18680	91.1	5.45e-224	610	1574	339	373	372
ATShahdara_3G50740	At3g55010	98.5	4.13e-272	735	1897	386	390	389
ATShahdara_3G11700	At3g02630	100	1.71e-298	802	2072	396	397	396
ATShahdara_3G11700	At5g16240	85.5	1.94e-251	683	1763	396	395	399
ATShahdara_3G34860	At3g25770	100	4.54e-181	493	1270	253	254	253
ATShahdara_3G34860	At3g25760	89.0	1.03e-159	439	1130	253	255	254
ATShahdara_3G53150	At3g57560	100	1.96e-245	664	1713	347	348	347
ATShahdara_3G54430	At3g58990	100	5.53e-182	496	1276	253	254	253
ATShahdara_3G19150	At3g14390	100	0.0	963	2489	484	485	484
ATShahdara_3G19150	At5g11880	94.3	0.0	898	2321	484	490	493
ATShahdara_3G19090	At3g14440	99.2	0.0	1195	3092	599	600	599
ATShahdara_3G22600	At3g11170	99.8	0.0	941	2433	446	447	446
ATShahdara_3G22600	At5g05580	80.5	1.38e-274	746	1925	446	436	446
ATShahdara_3G50370	At3g54660	100	0.0	1113	2878	565	566	565
ATShahdara_3G10130	At3g01120	99.6	0.0	1001	2588	563	564	563
ATShahdara_3G48700	At3g52960	100	1.10e-158	435	1119	234	235	234
ATShahdara_3G41360	At3g44880	100	0.0	1115	2884	537	538	537
ATShahdara_3G52320	At3g56700	98.2	0.0	1055	2729	551	549	552
ATShahdara_3G39530	At3g32040	99.4	2.23e-253	685	1768	360	361	360
ATShahdara_3G39530	At3g29430	92.1	3.93e-228	621	1602	360	358	354
ATShahdara_3G39530	At3g14550	84.4	1.75e-211	579	1493	360	361	360
ATShahdara_3G39530	At3g14530	84.4	1.37e-208	572	1474	360	361	360
ATShahdara_3G39530	At3g14510	88.1	3.77e-169	469	1207	360	285	277
ATShahdara_3G23790	At3g10050	100	0.0	1160	3002	592	593	592
ATShahdara_3G34850	At3g25760	99.6	2.54e-183	499	1285	254	255	254
ATShahdara_3G34850	At3g25770	89.0	5.11e-160	440	1132	254	254	254
ATShahdara_3G11740	At3g02660	100	0.0	996	2574	511	512	511
ATShahdara_3G34950	At3g25860	100	3.31e-302	819	2115	480	481	480
ATShahdara_3G11690	At3g02620	98.3	2.38e-290	782	2020	399	407	406
ATShahdara_3G11690	At3g02610	90.0	4.50e-267	724	1868	399	414	411
ATShahdara_3G28700	At3g19480	100	0.0	1061	2744	588	589	588
ATShahdara_3G28700	At4g34200	81.0	6.31e-312	853	2204	588	604	543
ATShahdara_3G25060	At3g15850	100	6.79e-290	778	2010	371	372	371
ATShahdara_3G51120	At3g55400	99.5	0.0	1234	3193	616	617	616
ATShahdara_4G33970	At4g27030	100	8.28e-219	595	1533	323	324	323
ATShahdara_4G40000	At4g33030	99.8	0.0	951	2459	484	478	477
ATShahdara_4G46900	At4g39980	99.6	0.0	1033	2671	525	526	525
ATShahdara_4G45400	At4g38460	100	1.13e-238	645	1664	326	327	326
ATShahdara_4G45800	At4g38880	99.8	0.0	1035	2676	532	533	532
ATShahdara_4G37920	At4g30950	100	0.0	935	2416	448	449	448
ATShahdara_4G45900	At4g38970	100	6.58e-288	776	2003	398	399	398
ATShahdara_4G45900	At2g21330	89.7	5.86e-257	697	1800	398	400	398
ATShahdara_4G39480	At4g32520	100	0.0	1050	2714	529	530	529
ATShahdara_4G34040	At4g27070	100	0.0	930	2404	475	476	475
ATShahdara_4G34040	At5g54810	90.2	7.81e-311	840	2170	475	471	478
ATShahdara_4G32620	At4g25700	99.4	2.32e-223	605	1560	310	311	310
ATShahdara_4G29260	At4g22260	99.7	1.93e-238	647	1668	351	352	351
ATShahdara_4G25690	At4g18480	100	1.43e-302	815	2105	424	425	424
ATShahdara_4G25690	At5g45930	83.0	7.55e-246	671	1732	424	419	424
ATShahdara_4G25690	GRMZM2G419806_T01.CDS	82.2	3.72e-212	586	1511	424	423	370
ATShahdara_4G44610	At4g37670	99.8	0.0	1220	3157	613	614	613
ATShahdara_4G26380	At4g19170	99.5	0.0	1177	3044	595	596	595
ATShahdara_4G27870	At4g20960	100	3.83e-308	829	2142	426	427	426
ATShahdara_4G28970	At4g21990	100	0.0	894	2311	458	459	458
ATShahdara_4G28970	At4g04610	83.0	4.74e-281	764	1972	458	466	466
ATShahdara_4G34380	At4g27440	99.8	4.41e-283	764	1972	401	402	401
ATShahdara_4G34380	At5g54190	86.9	6.27e-245	667	1722	401	406	405
ATShahdara_4G39770	At4g32810	100	0.0	1184	3062	570	571	570
ATShahdara_4G39770	AT4G32810	95.6	0.0	1169	3025	570	597	596
ATShahdara_4G41800	At4g34740	99.6	0.0	1092	2823	561	562	561
ATShahdara_4G41800	At2g16570	84.4	0.0	911	2354	561	567	571
ATShahdara_4G41400	At4g34350	100	0.0	939	2426	466	467	466
ATShahdara_4G40470	At4g33510	100	0.0	1012	2616	507	508	507
ATShahdara_4G40470	At1g22410	85.0	3.40e-288	786	2031	507	528	448
ATShahdara_4G24490	At4g17300	98.4	0.0	1113	2879	567	588	567
ATShahdara_4G10700	At4g00600	100	8.95e-53	164	415	114	311	86
ATShahdara_4G41230	At4g34200	100	0.0	1120	2897	603	604	603
ATShahdara_4G41230	At3g19480	81.0	1.51e-310	850	2195	603	589	543
ATShahdara_4G13510	At4g03280	99.6	3.76e-168	459	1180	229	230	229
ATShahdara_4G22730	At4g15560	100	0.0	1419	3672	717	718	717
ATShahdara_4G33840	At4g26900	100	0.0	1149	2971	592	593	592
ATShahdara_4G22670	At4g15560	91.9	1.36e-09	54.7	130	287	718	37
ATShahdara_4G15950	At4g08390	99.7	6.46e-243	660	1702	372	373	372
ATShahdara_4G14720	At4g04610	99.8	0.0	916	2367	465	466	465
ATShahdara_4G14720	At4g21990	82.8	2.05e-282	767	1981	465	459	466
ATShahdara_4G31530	At4g24620	100	0.0	1215	3144	613	614	613
ATShahdara_4G31980	At4g25080	100	3.59e-204	557	1436	312	327	292
ATShahdara_4G37870	At4g30910	96.0	0.0	1088	2815	581	605	604
ATShahdara_4G37870	At4g30920	91.2	0.0	1006	2602	581	584	582
ATShahdara_4G43760	At4g36810	100	7.79e-255	690	1780	371	372	371
ATShahdara_4G43760	At2g18620	82.6	5.31e-173	482	1240	371	348	298
ATShahdara_4G38910	AT4G31990	100	0.0	919	2375	462	463	462
ATShahdara_4G38910	At4g31990	100	0.0	896	2315	462	454	451
ATShahdara_4G13010	At4g02780	99.9	0.0	1609	4167	802	803	802
ATShahdara_4G36810	At4g29840	99.8	0.0	1065	2754	526	527	526
ATShahdara_4G36810	At1g72810	81.8	1.35e-301	821	2120	526	517	500
ATShahdara_4G31750	At4g24830	100	0.0	961	2484	494	495	494
ATShahdara_4G10560	At4g00490	99.8	0.0	1128	2917	542	543	542
ATShahdara_4G25640	At4g18440	100	0.0	1048	2709	536	537	536
ATShahdara_4G25640	At1g36280	87.7	0.0	898	2321	536	528	536
ATShahdara_4G40660	At4g33680	100	0.0	927	2395	461	462	461
ATShahdara_4G20330	At4g13430	99.8	0.0	1023	2646	509	510	509
ATShahdara_4G20330	GRMZM2G370852_T01.CDS	83.9	5.94e-298	810	2093	509	506	454
ATShahdara_4G20330	GRMZM2G370852_T03.CDS	83.7	2.41e-297	809	2089	509	506	454
ATShahdara_4G20330	GRMZM2G010044_T02.CDS	83.0	5.61e-293	798	2060	509	503	454
ATShahdara_4G20330	GRMZM2G010044_T03.CDS	83.0	6.04e-293	798	2060	509	505	454
ATShahdara_4G20330	GRMZM2G010044_T01.CDS	83.0	6.27e-293	798	2060	509	506	454
ATShahdara_4G19740	At4g12800	100	9.95e-153	421	1083	219	282	219
ATShahdara_4G21680	At4g14680	98.4	4.76e-310	839	2168	465	511	428
ATShahdara_4G21680	At3g22890	87.6	3.07e-299	810	2092	465	464	466
ATShahdara_4G44880	At4g37925	100	6.76e-156	427	1097	217	218	217
ATShahdara_4G42630	At4g35630	99.8	1.25e-315	848	2192	430	431	430
ATShahdara_4G42630	At2g17630	85.4	1.18e-270	734	1896	430	423	432
ATShahdara_4G19010	At4g11980	100	4.15e-221	599	1545	309	310	309
ATShahdara_4G37880	At4g30920	99.5	0.0	1080	2792	596	584	571
ATShahdara_4G37880	At4g30910	87.0	0.0	964	2492	596	605	594
ATShahdara_4G39730	At4g32770	99.8	0.0	1024	2648	488	489	488
ATShahdara_4G36860	At4g29890	99.1	0.0	864	2233	422	423	422
ATShahdara_4G18660	At4g11570	100	6.64e-273	736	1899	373	374	373
ATShahdara_4G11820	At4g01690	99.8	0.0	1060	2742	537	538	537
ATShahdara_4G21990	At4g14910	99.6	3.70e-189	517	1331	272	309	263
ATShahdara_4G21990	At3g22425	81.8	1.70e-146	407	1047	272	271	269
ATShahdara_4G43360	At4g36390	99.8	0.0	1256	3251	640	641	640
ATShahdara_4G13440	At1g03475	84.3	2.14e-226	618	1594	363	387	364
ATShahdara_4G21140	At4g14210	100	0.0	1135	2937	566	567	566
ATShahdara_4G13000	At4g02770	100	1.17e-147	405	1041	208	209	208
ATShahdara_4G13000	At1g03130	93.3	6.50e-135	373	957	208	205	208
ATShahdara_4G28200	At4g21280	98.7	7.90e-140	387	993	223	225	224
ATShahdara_4G37530	At4g30580	100	1.73e-226	630	1626	686	357	318
ATShahdara_4G35780	At4g28750	100	7.23e-74	213	543	143	144	143
ATShahdara_4G25540	At4g18350	99.7	0.0	1164	3010	583	584	583
ATShahdara_4G46610	At4g39710	99.1	1.12e-154	424	1089	217	218	217
ATShahdara_4G14120	At4g05180	100	6.39e-156	428	1100	230	231	230
ATShahdara_4G38760	At4g31870	96.2	3.32e-86	248	633	147	234	133
ATShahdara_4G26820	At4g19710	99.8	0.0	1799	4660	916	917	916
ATShahdara_4G26820	At1g31230	80.9	0.0	1383	3579	916	912	849
ATShahdara_4G30060	At4g23100	99.6	0.0	1053	2722	533	523	522
ATShahdara_4G25390	At4g18240	99.7	0.0	1750	4533	1040	1041	1040
ATShahdara_5G14330	At1g07780	99.3	3.96e-199	541	1394	281	276	274
ATShahdara_5G14330	At5g05590	98.9	1.13e-198	540	1391	281	276	274
ATShahdara_5G14330	At1g29410	91.5	1.67e-126	356	914	281	245	199
ATShahdara_5G53570	At5g54810	100	0.0	925	2391	470	471	470
ATShahdara_5G53570	At4g27070	90.2	3.29e-312	843	2179	470	476	478
ATShahdara_5G29260	At5g22510	98.5	0.0	1236	3197	618	618	618
ATShahdara_5G13670	At5g04900	99.7	3.86e-246	668	1724	402	349	344
ATShahdara_5G22570	At5g14760	100	0.0	1289	3336	651	652	651
ATShahdara_5G64730	At5g66190	99.7	1.95e-263	711	1834	360	361	360
ATShahdara_5G64730	Potri.005G112900	85.0	4.03e-227	619	1596	360	364	367
ATShahdara_5G64730	Potri.007G057200	83.9	5.22e-223	608	1569	360	364	367
ATShahdara_5G51410	At5g52570	99.7	3.06e-188	516	1328	303	304	303
ATShahdara_5G20960	At5g13120	99.2	3.20e-184	502	1292	259	260	259
ATShahdara_5G21120	At5g13280	99.8	0.0	1088	2814	569	570	569
ATShahdara_5G60000	At5g61410	100	1.72e-199	542	1397	281	282	281
ATShahdara_5G20950	At5g13110	100	0.0	1176	3043	596	597	596
ATShahdara_5G20950	At1g24280	88.1	0.0	988	2554	596	600	572
ATShahdara_5G20950	GRMZM2G177077_T01.CDS	88.1	0.0	885	2286	596	599	488
ATShahdara_5G20950	At5g35790	82.7	7.35e-304	832	2149	596	577	486
ATShahdara_5G48080	At5g49030	99.9	0.0	2162	5602	1076	1280	1076
ATShahdara_5G31210	At5g24400	99.1	1.93e-234	634	1636	325	326	325
ATShahdara_5G28470	At5g20980	100	0.0	1585	4103	812	813	812
ATShahdara_5G61310	At5g62790	94.4	0.0	918	2373	476	498	497
ATShahdara_5G57010	At5g58330	100	0.0	889	2298	443	444	443
ATShahdara_5G35680	At5g35360	100	0.0	1026	2654	537	556	522
ATShahdara_5G52420	At5g53580	99.7	1.19e-271	732	1889	365	366	365
ATShahdara_5G36600	At5g36790	100	2.03e-266	718	1854	362	363	362
ATShahdara_5G36600	At5g36700	100	2.03e-266	718	1854	362	363	362
ATShahdara_5G33740	At5g27380	96.5	0.0	1018	2633	544	540	543
ATShahdara_5G21450	At5g13630	100	0.0	2704	7008	1381	1382	1381
ATShahdara_5G16960	At5g08280	100	4.88e-275	742	1915	382	383	382
ATShahdara_5G12990	At5g04140	98.4	0.0	3171	8222	1622	1649	1648
ATShahdara_5G12990	At2g41220	80.8	0.0	2627	6809	1622	1630	1613
ATShahdara_5G24140	At5g16440	97.9	1.60e-206	561	1445	288	292	291
ATShahdara_5G10220	At5g01220	99.6	0.0	992	2564	509	511	510
ATShahdara_5G35590	At5g35170	99.8	0.0	1103	2854	588	589	588
ATShahdara_5G29360	At5g22620	100	0.0	953	2463	482	483	482
ATShahdara_5G25640	At5g17990	100	2.12e-305	824	2128	444	445	444
ATShahdara_5G50650	At5g51820	98.6	0.0	1216	3147	623	624	623
ATShahdara_5G42880	At5g43780	98.7	0.0	933	2411	469	470	469
ATShahdara_5G24410	At5g16715	99.9	0.0	1943	5034	1246	975	974
ATShahdara_5G24410	At5g16710	100	1.10e-177	520	1339	1246	259	257
ATShahdara_5G24910	At5g17230	99.8	1.39e-308	830	2144	422	423	422
ATShahdara_5G24910	AT5G17230	96.3	2.25e-304	820	2118	422	438	437
ATShahdara_5G55680	AT5G57030	99.4	0.0	1036	2680	530	525	523
ATShahdara_5G55680	At5g57030	99.4	0.0	1036	2680	530	524	523
ATShahdara_5G21240	At5g13420	99.8	1.45e-309	834	2154	438	439	438
ATShahdara_5G26270	At5g18660	100	2.76e-301	811	2095	417	418	417
ATShahdara_5G31070	At5g24300	99.5	0.0	1330	3441	652	653	652
ATShahdara_5G29760	At5g23010	95.5	0.0	939	2427	506	535	506
ATShahdara_5G56930	At5g58260	100	3.81e-158	432	1110	209	210	209
ATShahdara_5G49800	GRMZM2G123922_T01.CDS	89.7	0.0	1485	3844	929	922	868
ATShahdara_5G49800	GRMZM2G009443_T01.CDS	87.0	0.0	1461	3783	929	922	891
ATShahdara_5G49800	GRMZM2G001084_T01.CDS	84.5	0.0	1147	2966	929	897	724
ATShahdara_5G20240	At5g12040	99.2	7.92e-263	710	1832	369	370	369
ATShahdara_5G26830	At5g19220	99.6	0.0	1016	2626	522	523	522
ATShahdara_5G32650	At5g26030	99.8	0.0	913	2359	466	467	466
ATShahdara_5G65580	At5g67030	98.8	0.0	1284	3323	668	668	668
ATShahdara_5G36050	At5g35790	100	0.0	1150	2974	576	577	576
ATShahdara_5G36050	GRMZM2G177077_T01.CDS	84.0	1.21e-307	842	2174	576	599	486
ATShahdara_5G36050	At5g13110	82.4	4.31e-305	835	2157	576	597	488
ATShahdara_5G36050	At1g24280	81.2	1.36e-297	816	2108	576	600	485
ATShahdara_5G63350	At5g64860	99.8	0.0	1174	3037	576	577	576
ATShahdara_5G45390	At5g46290	96.3	0.0	921	2380	473	490	489
ATShahdara_5G56500	At5g57850	99.2	1.15e-273	738	1904	373	374	373
ATShahdara_5G52290	At5g53460	99.8	0.0	4353	11289	2208	2209	2208
ATShahdara_5G14320	At5g05580	100	0.0	933	2412	435	436	435
ATShahdara_5G14320	At3g11170	80.5	1.57e-273	743	1918	435	447	446
ATShahdara_5G41770	At5g42650	99.6	0.0	1036	2680	518	519	518
ATShahdara_5G46880	At5g47840	98.2	3.73e-195	531	1369	283	284	283
ATShahdara_5G48960	At5g49970	99.6	0.0	1076	2782	530	531	530
ATShahdara_5G61810	At5g63310	100	3.22e-170	464	1194	231	232	231
ATShahdara_5G49200	At5g50210	99.9	0.0	1392	3604	718	719	718
ATShahdara_5G45060	At5g45930	99.5	2.35e-298	804	2076	418	419	418
ATShahdara_5G45060	At4g18480	82.5	1.50e-245	671	1730	418	425	424
ATShahdara_5G45060	GRMZM2G419806_T01.CDS	80.5	3.61e-213	588	1517	418	423	385
ATShahdara_5G20080	At5g11880	99.8	0.0	970	2508	489	490	489
ATShahdara_5G20080	At3g14390	94.1	0.0	897	2317	489	485	493
ATShahdara_5G62500	At5g64040	100	1.85e-94	268	685	171	182	142
ATShahdara_5G17960	At5g09650	100	6.69e-227	613	1581	300	301	300
ATShahdara_5G62030	At5g63570	99.8	0.0	930	2403	474	475	474
ATShahdara_5G49990	At5g51110	99.5	1.08e-158	434	1116	220	221	220
ATShahdara_5G17440	At5g08740	99.4	0.0	985	2546	519	520	519
ATShahdara_5G23250	At5g15530	100	1.86e-149	414	1063	255	256	255
ATShahdara_5G47300	At5g48300	99.6	0.0	1006	2602	520	521	520
ATShahdara_5G24100	At5g16390	98.2	6.57e-158	438	1126	299	281	273
ATShahdara_5G64660	At5g66120	100	3.15e-320	861	2225	442	443	442
ATShahdara_5G23170	GRMZM2G162968_T01.CDS	84.2	0.0	1429	3699	968	975	897
ATShahdara_5G23170	GRMZM2G130121_T01.CDS	81.8	0.0	969	2505	968	654	636
ATShahdara_5G18480	At5g10160	99.5	2.53e-152	418	1074	219	220	219
ATShahdara_5G18480	At2g22230	80.0	3.24e-107	304	778	219	221	195
ATShahdara_5G51760	At5g52920	100	0.0	1118	2892	579	580	579
ATShahdara_5G64970	At5g66450	98.3	6.51e-159	441	1134	286	309	239
ATShahdara_5G23960	At5g16240	99.0	2.22e-291	784	2025	395	395	395
ATShahdara_5G23960	At3g02630	85.5	4.06e-251	682	1761	395	397	400
ATShahdara_5G23960	At2g43710	80.5	9.31e-212	583	1503	395	402	349
ATShahdara_5G62760	At5g64300	99.8	0.0	1040	2689	543	544	543
ATShahdara_5G19190	At5g10920	100	0.0	1016	2627	517	518	517
ATShahdara_5G13380	At5g04590	100	0.0	1281	3315	642	643	642
ATShahdara_5G23950	At5g16230	99.5	3.44e-296	797	2058	401	402	401
ATShahdara_5G23950	At3g02610	83.3	1.70e-244	667	1720	401	414	413
ATShahdara_5G65090	At5g66570	100	1.27e-238	645	1665	332	333	332
ATShahdara_5G65090	At3g50820	90.7	4.38e-216	588	1517	332	332	332
ATShahdara_5G29770	At5g23010	92.7	0.0	909	2349	503	535	508
ATShahdara_5G29770	At5g23020	84.5	1.06e-305	830	2143	503	504	503
ATShahdara_5G44810	At5g45680	100	1.32e-153	420	1080	208	209	208
ATShahdara_5G42850	At5g43750	97.6	6.54e-156	426	1096	212	213	212
ATShahdara_5G12440	At5g03555	100	0.0	1144	2959	599	600	599
ATShahdara_5G51330	At5g52520	99.6	0.0	1086	2808	543	544	543
ATShahdara_5G56540	At5g57890	99.3	7.62e-199	540	1391	273	274	273
ATShahdara_5G56540	At1g25220	89.2	2.79e-182	499	1284	273	290	288
ATShahdara_5G56540	At1g24909	94.6	1.48e-152	421	1082	273	223	221
ATShahdara_5G56540	At1g24807	89.3	1.07e-148	412	1058	273	236	234
ATShahdara_5G37940	At5g38410	97.3	1.05e-131	363	931	181	187	186
ATShahdara_5G37940	At5g38430	96.7	1.03e-130	360	924	181	182	181
ATShahdara_5G37940	At5g38420	96.7	2.08e-130	359	922	181	182	181
ATShahdara_5G37940	At1g67090	91.6	2.95e-123	341	875	181	181	179
ATShahdara_5G35530	At5g35100	100	3.58e-185	506	1304	281	291	248
ATShahdara_5G43620	At5g44520	100	9.62e-193	566	1460	1426	327	296
ATShahdara_5G10600	At5g01600	100	2.94e-178	486	1252	255	256	255
ATShahdara_5G60170	At5g61580	100	0.0	1052	2720	530	531	530
ATShahdara_5G37960	At5g38430	98.3	2.64e-133	367	941	181	182	181
ATShahdara_5G37960	At5g38420	97.2	6.22e-132	363	932	181	182	181
ATShahdara_5G37960	At5g38410	94.6	8.32e-129	355	912	181	187	186
ATShahdara_5G37960	At1g67090	92.7	3.08e-125	346	888	181	181	179
ATShahdara_5G29530	At5g22800	99.3	0.0	1746	4521	978	1004	956
ATShahdara_5G35900	At5g35630	100	0.0	883	2281	430	431	430
ATShahdara_5G18650	AT1G71920	100	3.27e-309	831	2147	417	418	417
ATShahdara_5G18650	At1g71920	100	3.27e-309	831	2147	417	418	417
ATShahdara_5G18650	AT5G10330	100	3.27e-309	831	2147	417	418	417
ATShahdara_5G18650	At5g10330	100	3.27e-309	831	2147	417	418	417
ATShahdara_5G37950	At5g38420	99.4	4.55e-134	369	946	181	182	181
ATShahdara_5G37950	At5g38430	98.3	5.32e-133	366	939	181	182	181
ATShahdara_5G37950	At5g38410	94.6	1.18e-128	355	911	181	187	186
ATShahdara_5G37950	At1g67090	92.2	1.25e-124	345	884	181	181	179
ATShahdara_5G29370	At5g22630	100	1.38e-305	823	2125	425	426	425
ATShahdara_5G29370	At3g44720	80.1	3.81e-229	629	1623	425	425	422
ATShahdara_5G53010	At5g54190	100	5.39e-286	771	1992	405	406	405
ATShahdara_5G53010	At4g27440	87.2	1.56e-245	669	1726	405	402	405
ATShahdara_5G22470	At5g14660	99.6	1.16e-193	527	1357	273	274	273
ATShahdara_CG10160	AtCg00680	100	0.0	1061	2744	508	509	508
ATShahdara_CG10260	AtCg00140	100	3.79e-47	141	355	81	82	81
ATShahdara_CG10110	AtCg00480	100	0.0	955	2469	498	499	498
ATShahdara_CG10110	GRMZM2G385622_T01.CDS	91.0	0.0	877	2267	498	499	498
ATShahdara_CG10110	GRMZM5G808402_T01.CDS	91.0	0.0	877	2267	498	499	498
ATShahdara_CG10110	GRMZM2G448389_T01.CDS	90.8	0.0	876	2263	498	499	498
ATShahdara_CG10110	GRMZM2G062854_T01.CDS	90.7	1.91e-265	724	1868	498	410	409
ATShahdara_CG10110	GRMZM2G448142_T02.CDS	94.8	1.72e-245	675	1741	498	449	368
ATShahdara_CG10110	GRMZM2G448142_T01.CDS	94.8	1.72e-245	675	1741	498	449	368
ATShahdara_CG10090	AtCg00430	100	2.94e-102	288	737	141	226	141
ATShahdara_CG10170	AtCg00710	100	2.04e-29	103	256	284	74	51
ATShahdara_CG10270	AtCg00120	100	0.0	946	2446	507	508	507
ATShahdara_CG10040	AtCg00340	100	0.0	1533	3969	734	735	734
ATShahdara_CG10280	AtCg00020	100	9.64e-265	713	1841	353	354	353
ATShahdara_CG10050	AtCg00350	100	0.0	1545	4001	750	751	750
ATShahdara_CG10310	AtCg00890	88.1	6.25e-208	571	1471	345	390	345
ATShahdara_CG10120	AtCg00490	100	0.0	986	2550	486	480	479
ATShahdara_CG10120	GRMZM2G360821_T01.CDS	92.5	0.0	931	2405	486	484	483
ATShahdara_CG10120	GRMZM2G385635_T01.CDS	92.5	0.0	931	2405	486	484	483
ATShahdara_CG10120	GRMZM2G448344_T01.CDS	92.5	0.0	931	2405	486	484	483
ATShahdara_CG10120	GRMZM5G815453_T01.CDS	92.5	0.0	931	2405	486	484	483
ATShahdara_CG10130	AtCg00500	100	7.67e-162	453	1165	233	489	233
ATShahdara_CG10080	AtCg00420	100	6.21e-123	338	868	158	159	158
ATShahdara_CG10250	AtCg00150	100	6.46e-179	488	1255	249	250	249
ATShahdara_CG10020	AtCg00280	100	0.0	989	2558	790	474	473
ATShahdara_CG10020	AtCg00270	100	1.37e-220	619	1597	790	354	300
ATShahdara_CG10100	AtCg00470	100	9.95e-44	134	336	73	133	73
