ATSus_1_1G71230	At1g79530	100	1.73e-302	815	2104	422	423	422
ATSus_1_1G71230	At1g16300	86.9	6.70e-256	697	1798	422	421	421
ATSus_1_1G27340	At1g18640	100	8.56e-216	585	1509	312	296	295
ATSus_1_1G22120	At1g13280	99.6	3.20e-176	496	1277	618	255	254
ATSus_1_1G17190	At1g08380	100	3.09e-103	287	735	140	141	140
ATSus_1_1G30060	At1g21640	98.4	0.0	1933	5007	985	1000	999
ATSus_1_1G62890	At1g70760	100	8.09e-142	389	999	191	192	191
ATSus_1_1G31740	At1g23360	98.9	2.48e-189	517	1331	305	262	261
ATSus_1_1G38630	At1g32070	99.6	2.30e-174	477	1227	257	259	258
ATSus_1_1G69240	At1g77490	99.5	4.66e-309	832	2148	426	427	426
ATSus_1_1G52410	At1g58290	100	0.0	1031	2666	543	544	543
ATSus_1_1G52410	At1g09940	81.0	6.95e-298	813	2099	543	531	542
ATSus_1_1G62000	At1g69830	100	0.0	1816	4703	887	888	887
ATSus_1_1G54860	At1g62190	96.3	1.83e-217	589	1518	295	296	295
ATSus_1_1G37070	At1g30380	100	2.62e-88	249	635	130	131	130
ATSus_1_1G22950	At1g14150	98.9	1.34e-135	373	958	190	191	190
ATSus_1_1G18670	At1g09830	98.1	0.0	971	2509	532	533	532
ATSus_1_1G70110	At1g78390	99.7	0.0	1214	3140	607	658	607
ATSus_1_1G18610	At1g09795	99.5	1.15e-291	786	2031	413	414	413
ATSus_1_1G18610	At1g58080	82.9	2.32e-233	639	1648	413	412	391
ATSus_1_1G47600	At1g52230	100	1.83e-102	286	731	145	146	145
ATSus_1_1G47600	At3g16140	91.7	1.82e-93	263	672	145	146	145
ATSus_1_1G57890	At1g65410	99.3	1.76e-204	561	1445	356	346	289
ATSus_1_1G57890	GRMZM5G868168_T02.CDS	84.1	9.38e-122	346	888	356	218	207
ATSus_1_1G37880	At1g31190	99.2	2.70e-271	731	1888	371	372	371
ATSus_1_1G25060	At1g16300	100	4.25e-302	813	2101	420	421	420
ATSus_1_1G25060	At1g79530	86.9	3.31e-256	697	1800	420	423	421
ATSus_1_1G28400	At1g19800	100	3.43e-252	681	1758	350	351	350
ATSus_1_1G37900	At1g31220	99.0	6.33e-212	575	1481	292	293	292
ATSus_1_1G38460	At1g31860	100	7.32e-201	546	1406	281	282	281
ATSus_1_1G59870	At1g67560	99.2	0.0	1831	4742	917	918	917
ATSus_1_1G59450	At1g67090	100	5.13e-135	371	952	180	181	180
ATSus_1_1G59450	At5g38430	93.3	3.72e-126	348	894	180	182	179
ATSus_1_1G59450	At5g38420	91.6	2.51e-124	344	882	180	182	179
ATSus_1_1G59450	At5g38410	89.1	3.36e-121	336	862	180	187	184
ATSus_1_1G12360	At1g03475	100	1.51e-296	796	2057	386	387	386
ATSus_1_1G19710	At1g10830	100	2.21e-268	724	1868	367	368	367
ATSus_1_1G38950	At1g32380	100	7.37e-286	771	1990	400	401	400
ATSus_1_1G38950	At2g35390	86.8	3.19e-251	683	1763	400	404	403
ATSus_1_1G38950	At2g44530	81.7	2.63e-206	569	1467	400	395	350
ATSus_1_1G30610	At1g22170	99.4	3.48e-237	642	1656	334	335	334
ATSus_1_1G30610	At1g78050	83.8	7.41e-167	464	1194	334	333	284
ATSus_1_1G37910	At1g31230	100	0.0	1768	4580	911	912	911
ATSus_1_1G37910	At4g19710	81.0	0.0	1378	3567	911	917	849
ATSus_1_1G14450	At1g05610	98.5	0.0	924	2387	476	483	482
ATSus_1_1G17310	At1g08490	100	0.0	908	2346	463	464	463
ATSus_1_1G60550	At1g68280	97.2	1.91e-126	350	897	180	193	180
ATSus_1_1G60550	At1g68260	82.8	1.06e-102	290	741	180	191	180
ATSus_1_1G12490	At1g03630	100	4.81e-287	774	1998	401	402	401
ATSus_1_1G24760	At1g15980	99.8	0.0	921	2381	461	462	461
ATSus_1_1G15530	At1g06680	99.6	2.41e-181	495	1274	263	264	263
ATSus_1_1G32590	At1g24360	100	3.67e-220	598	1541	319	320	319
ATSus_1_1G32590	GRMZM2G043602_T02.CDS	80.1	6.12e-120	340	873	319	226	216
ATSus_1_1G68820	At1g77060	100	1.43e-243	659	1699	339	340	339
ATSus_1_1G15300	GRMZM2G110408_T01.CDS	83.2	0.0	1060	2741	685	678	677
ATSus_1_1G15300	GRMZM2G110408_T02.CDS	83.2	0.0	1060	2741	685	678	677
ATSus_1_1G15300	GRMZM2G110408_T03.CDS	83.2	0.0	1060	2741	685	678	677
ATSus_1_1G15300	GRMZM2G087598_T02.CDS	85.6	0.0	1053	2724	685	678	648
ATSus_1_1G15300	GRMZM2G087598_T01.CDS	85.6	0.0	1053	2724	685	678	648
ATSus_1_1G29880	At1g77060	82.2	6.49e-198	543	1399	336	340	338
ATSus_1_1G59590	At1g67280	100	3.78e-265	714	1843	350	351	350
ATSus_1_1G59590	GRMZM2G076006_T02.CDS	83.4	1.13e-185	513	1321	350	348	289
ATSus_1_1G59590	GRMZM2G076006_T01.CDS	88.0	7.81e-55	171	433	350	94	92
ATSus_1_1G50790	At1g55670	99.4	6.66e-110	306	783	160	161	160
ATSus_1_1G17340	At1g08520	100	0.0	1342	3472	760	761	760
ATSus_1_1G17340	GRMZM2G043453_T01.CDS	83.5	0.0	1055	2729	760	756	739
ATSus_1_1G17340	GRMZM2G043453_T02.CDS	82.6	0.0	937	2421	760	693	671
ATSus_1_1G49540	At1g54350	99.9	0.0	1375	3559	706	707	706
ATSus_1_1G28590	At1g20020	100	5.91e-274	738	1905	369	370	369
ATSus_1_1G66750	At1g74880	98.1	5.28e-106	296	757	158	159	158
ATSus_1_1G12020	At1g03130	100	5.83e-146	400	1029	204	205	204
ATSus_1_1G12020	At4g02770	93.3	7.76e-136	375	963	204	209	208
ATSus_1_1G72240	At1g80560	99.8	1.61e-287	775	2002	405	406	405
ATSus_1_1G72240	At1g31180	85.4	9.10e-247	673	1736	405	420	403
ATSus_1_1G72240	At5g14200	84.6	7.32e-246	670	1729	405	410	409
ATSus_1_1G17370	At1g08550	99.6	0.0	881	2276	462	463	462
ATSus_1_1G42360	At1g43800	99.2	1.55e-287	774	1999	391	392	391
ATSus_1_1G60050	At1g67740	100	2.83e-100	284	726	189	190	189
ATSus_1_1G60530	At1g68260	100	2.51e-140	385	989	190	191	190
ATSus_1_1G60530	At1g68280	81.8	4.10e-110	309	791	190	193	192
ATSus_1_1G32000	At1g23740	98.4	1.38e-267	723	1867	386	387	386
ATSus_1_1G69800	At1g78050	100	8.91e-239	646	1666	332	333	332
ATSus_1_1G18210	At1g09420	98.1	0.0	1237	3200	625	636	635
ATSus_1_1G66160	At1g74260	99.8	0.0	2778	7200	1407	1408	1407
ATSus_1_1G51310	At1g56190	99.8	0.0	897	2317	478	479	478
ATSus_1_1G51310	At3g12780	90.0	8.69e-300	813	2099	478	482	481
ATSus_1_1G63880	AT1G71920	92.1	1.06e-276	748	1930	385	418	417
ATSus_1_1G63880	At1g71920	92.1	1.06e-276	748	1930	385	418	417
ATSus_1_1G63880	AT5G10330	92.1	1.06e-276	748	1930	385	418	417
ATSus_1_1G63880	At5g10330	92.1	1.06e-276	748	1930	385	418	417
ATSus_1_1G40960	At1g35250	100	5.50e-143	392	1006	188	189	188
ATSus_1_1G26600	A0A7G2DUG9	97.7	0.0	954	2466	573	963	521
ATSus_1_1G33090	At1g25410	99.1	4.84e-248	670	1729	342	343	342
ATSus_1_1G36210	At1g07780	82.4	7.86e-155	432	1110	342	276	279
ATSus_1_1G36210	At5g05590	82.1	2.25e-154	431	1107	342	276	279
ATSus_1_1G36210	At1g29410	99.1	3.84e-150	419	1076	342	245	217
ATSus_1_1G66590	At1g74710	100	0.0	1063	2749	569	623	552
ATSus_1_1G49320	At1g54130	100	0.0	1395	3612	715	716	715
ATSus_1_1G42030	At1g42970	100	0.0	877	2265	447	448	447
ATSus_1_1G10090	At1g01090	100	1.25e-314	846	2185	428	429	428
ATSus_1_1G25900	At1g17160	98.9	2.57e-266	719	1857	378	380	379
ATSus_1_1G67170	At1g75330	100	3.53e-269	726	1875	375	376	375
ATSus_1_1G38620	At1g32060	100	2.40e-293	789	2038	395	396	395
ATSus_1_1G38620	GRMZM2G162529_T02.CDS	89.5	1.59e-234	641	1653	395	406	351
ATSus_1_1G38620	GRMZM2G026024_T02.CDS	90.1	1.18e-227	630	1626	395	583	343
ATSus_1_1G38620	GRMZM2G463280_T02.CDS	80.4	8.19e-208	572	1475	395	382	347
ATSus_1_1G38620	GRMZM2G162529_T01.CDS	84.6	2.61e-25	94.0	232	395	61	52
ATSus_1_1G72280	At1g80600	99.3	0.0	882	2280	457	458	457
ATSus_1_1G44680	At1g48850	99.3	3.06e-312	840	2171	435	437	434
ATSus_1_1G44680	At1g48860	87.2	9.53e-14	68.9	167	435	522	47
ATSus_1_1G52210	At1g58080	100	7.52e-296	797	2058	411	412	411
ATSus_1_1G52210	At1g09795	83.1	1.89e-232	637	1642	411	414	391
ATSus_1_1G27200	At1g18500	99.8	0.0	1223	3165	631	632	631
ATSus_1_1G27200	At1g74040	86.1	0.0	1047	2708	631	632	634
ATSus_1_1G70790	At1g79040	100	2.26e-96	270	690	140	141	140
ATSus_1_1G17070	At1g08250	100	1.52e-296	799	2063	413	414	413
ATSus_1_1G17070	At2g27820	84.4	2.77e-228	627	1616	413	425	391
ATSus_1_1G70800	GRMZM2G016602_T04.CDS	86.1	2.42e-210	582	1500	439	416	345
ATSus_1_1G70800	GRMZM2G016602_T01.CDS	86.1	2.42e-210	582	1500	439	416	345
ATSus_1_1G70800	GRMZM2G016602_T02.CDS	81.8	8.36e-206	571	1472	439	434	363
ATSus_1_1G70800	GRMZM2G016602_T03.CDS	86.6	5.56e-151	426	1094	439	267	247
ATSus_1_1G65910	At1g74040	99.8	0.0	1218	3151	631	632	631
ATSus_1_1G65910	At1g18500	86.4	0.0	1053	2724	631	632	634
ATSus_1_1G36630	At1g29900	99.9	0.0	2314	5997	1187	1188	1187
ATSus_1_1G71430	At1g79750	99.7	0.0	1257	3252	1305	647	643
ATSus_1_1G42670	At1g44575	100	2.74e-188	513	1320	265	266	265
ATSus_1_1G38760	At1g32200	100	0.0	891	2302	459	460	459
ATSus_1_1G42650	At1g44446	99.6	0.0	1095	2832	536	537	536
ATSus_1_1G64480	At1g72520	98.9	0.0	1828	4735	926	927	926
ATSus_1_1G64480	At1g17420	83.4	0.0	1548	4009	926	920	927
ATSus_1_1G58850	At1g66430	97.4	1.27e-266	721	1860	382	385	384
ATSus_1_1G65900	At1g74030	99.8	0.0	934	2415	477	478	477
ATSus_1_1G66370	At1g74470	100	0.0	923	2385	467	468	467
ATSus_1_1G17330	At1g08510	100	1.28e-308	829	2142	412	413	412
ATSus_1_1G45890	GRMZM2G126361_T01.CDS	90.9	0.0	1073	2776	716	689	605
ATSus_1_1G45890	GRMZM2G126361_T02.CDS	90.9	0.0	1073	2776	716	689	605
ATSus_1_1G45890	GRMZM2G126361_T03.CDS	85.7	3.20e-152	443	1140	716	379	265
ATSus_1_1G56570	At1g63970	99.1	3.88e-162	444	1141	231	232	231
ATSus_1_1G44690	At1g48860	98.7	0.0	986	2550	521	522	521
ATSus_1_1G44690	At2g45300	93.5	0.0	891	2303	521	521	491
ATSus_1_1G44690	At1g48850	90.9	3.43e-12	64.3	155	521	437	44
ATSus_1_1G32510	At1g24280	99.8	0.0	1181	3054	599	600	599
ATSus_1_1G32510	At5g13110	87.9	0.0	988	2555	599	597	572
ATSus_1_1G32510	GRMZM2G177077_T01.CDS	87.1	5.83e-321	876	2264	599	599	488
ATSus_1_1G72060	At1g80380	100	0.0	921	2380	456	457	456
ATSus_1_1G56540	At1g63940	100	0.0	953	2464	486	494	486
ATSus_1_1G57560	At1g64970	98.6	2.55e-241	654	1686	346	349	348
ATSus_1_1G14970	At1g06130	100	1.14e-245	663	1711	331	332	331
ATSus_1_1G45830	At1g50170	99.6	1.87e-166	454	1168	225	226	225
ATSus_1_1G40980	At1g35290	98.3	4.40e-133	366	940	178	190	178
ATSus_1_1G49760	At1g54570	100	0.0	1393	3606	704	705	704
ATSus_1_1G41520	At1g36280	100	0.0	1024	2648	527	528	527
ATSus_1_1G41520	At4g18440	87.7	0.0	898	2320	527	537	536
ATSus_1_1G37990	At1g31330	100	1.36e-157	431	1109	221	222	221
ATSus_1_1G30830	At1g22410	100	0.0	1042	2695	527	528	527
ATSus_1_1G30830	At4g39980	85.7	3.78e-292	797	2059	527	526	453
ATSus_1_1G30830	At4g33510	85.0	2.14e-289	790	2039	527	508	448
ATSus_1_1G21770	At1g12900	100	8.51e-288	777	2007	399	442	399
ATSus_1_1G21770	At3g26650	90.0	1.20e-260	707	1824	399	397	400
ATSus_1_1G26470	At1g17745	95.4	0.0	1152	2979	624	652	651
ATSus_1_1G27430	At1g18730	97.7	5.56e-125	345	885	174	176	175
ATSus_1_1G39000	At1g32440	100	0.0	1095	2832	571	572	571
ATSus_1_1G55280	At1g62640	99.5	5.08e-295	794	2051	404	405	404
ATSus_1_1G40590	At1g34430	100	1.51e-311	841	2173	465	466	465
ATSus_1_1G27570	At1g18870	100	0.0	1107	2862	562	563	562
ATSus_1_1G61920	At1g69740	100	3.30e-311	837	2163	430	431	430
ATSus_1_1G64750	At1g72810	100	0.0	1035	2677	516	517	516
ATSus_1_1G64750	At4g29840	81.8	4.21e-298	812	2097	516	527	500
ATSus_1_1G36860	At1g30120	99.8	6.46e-299	804	2077	406	407	406
ATSus_1_1G36860	At2g34590	92.0	2.37e-269	729	1883	406	407	411
ATSus_1_1G39360	At1g32900	99.8	0.0	1210	3131	610	611	610
ATSus_1_1G54850	At1g62180	99.6	0.0	890	2301	454	455	454
ATSus_1_1G24490	At1g15710	100	3.20e-260	702	1812	354	359	349
ATSus_1_1G54470	At1g61680	89.3	0.0	982	2538	518	570	569
ATSus_1_1G19580	At1g10700	99.8	9.16e-297	799	2064	411	412	411
ATSus_1_1G32880	At1g25220	91.5	1.60e-190	520	1339	281	290	294
ATSus_1_1G32880	At5g57890	89.6	1.14e-177	487	1253	281	274	280
ATSus_1_1G32880	At1g24909	97.3	3.43e-160	441	1133	281	223	222
ATSus_1_1G32880	At1g24807	91.9	2.49e-156	431	1109	281	236	235
ATSus_1_2G19780	At2g19940	99.3	5.26e-293	789	2037	401	401	401
ATSus_1_2G24440	At2g25080	99.6	4.73e-170	464	1194	236	237	236
ATSus_1_2G20060	At2g20260	93.1	4.74e-80	229	584	145	146	145
ATSus_1_2G27420	At2g28190	100	4.01e-143	394	1013	216	217	216
ATSus_1_2G25960	At2g26670	100	6.78e-202	548	1413	282	283	282
ATSus_1_2G25960	At1g69720	85.2	3.67e-140	392	1008	282	286	230
ATSus_1_2G42050	At2g43090	100	7.23e-177	483	1242	251	252	251
ATSus_1_2G28800	At2g29630	99.8	0.0	1319	3414	644	645	644
ATSus_1_2G37990	At2g39080	94.6	4.12e-254	687	1773	370	352	370
ATSus_1_2G39450	At2g40490	100	1.27e-283	764	1974	394	395	394
ATSus_1_2G44220	At2g45300	99.6	0.0	1002	2590	520	521	520
ATSus_1_2G44220	At1g48860	96.2	0.0	887	2291	520	522	473
ATSus_1_2G25840	At2g26540	100	2.27e-215	586	1510	321	322	321
ATSus_1_2G30000	GRMZM2G087598_T02.CDS	86.6	0.0	1064	2751	695	678	641
ATSus_1_2G30000	GRMZM2G087598_T01.CDS	86.6	0.0	1064	2751	695	678	641
ATSus_1_2G30000	GRMZM2G110408_T01.CDS	86.6	0.0	1063	2748	695	678	641
ATSus_1_2G30000	GRMZM2G110408_T02.CDS	86.6	0.0	1063	2748	695	678	641
ATSus_1_2G30000	GRMZM2G110408_T03.CDS	86.6	0.0	1063	2748	695	678	641
ATSus_1_2G30000	GRMZM2G087598_T03.CDS	85.2	4.67e-09	48.9	115	695	47	27
ATSus_1_2G22100	At2g22480	100	0.0	1081	2796	537	538	537
ATSus_1_2G29300	At2g30200	99.7	4.61e-249	676	1744	367	394	367
ATSus_1_2G29660	At2g30570	100	4.47e-86	243	621	133	134	133
ATSus_1_2G40590	At2g41680	99.6	0.0	982	2538	529	530	529
ATSus_1_2G42990	At2g44050	100	2.64e-143	410	1055	600	228	215
ATSus_1_2G44210	At2g45290	99.7	0.0	1475	3818	741	742	741
ATSus_1_2G44210	At3g60750	88.5	0.0	1325	3430	741	742	741
ATSus_1_2G11480	At2g02500	94.5	1.79e-202	552	1422	309	303	309
ATSus_1_2G27090	At2g27820	99.3	3.08e-297	801	2070	424	425	424
ATSus_1_2G27090	At1g08250	85.3	3.66e-224	616	1589	424	414	388
ATSus_1_2G10250	At2g01140	100	8.58e-285	767	1981	391	392	391
ATSus_1_2G10250	At2g21330	80.1	1.82e-205	567	1461	391	400	351
ATSus_1_2G21130	At2g21330	100	3.52e-288	776	2005	399	400	399
ATSus_1_2G21130	At4g38970	89.9	3.39e-256	696	1795	399	399	397
ATSus_1_2G42680	At2g43750	100	7.49e-275	742	1916	392	393	392
ATSus_1_2G42680	GRMZM2G082185_T01.CDS	81.7	3.81e-193	536	1380	392	399	333
ATSus_1_2G36970	At2g38040	100	0.0	1315	3403	769	770	769
ATSus_1_2G28020	GRMZM2G110063_T02.CDS	84.6	8.94e-144	409	1052	462	298	240
ATSus_1_2G18850	At2g18950	99.7	2.18e-268	726	1873	386	394	381
ATSus_1_2G18640	GRMZM5G809546_T01.CDS	82.9	6.54e-278	763	1971	551	554	479
ATSus_1_2G34420	At2g35390	100	4.31e-291	784	2025	403	404	403
ATSus_1_2G34420	At1g32380	86.8	7.89e-252	685	1767	403	401	403
ATSus_1_2G25190	At2g25840	98.8	1.70e-296	798	2062	408	413	412
ATSus_1_2G21910	At2g22250	99.8	0.0	902	2330	475	476	475
ATSus_1_2G21910	AT2G22250	99.8	0.0	902	2330	475	476	475
ATSus_1_2G28860	At2g29690	99.8	0.0	1233	3191	621	622	621
ATSus_1_2G39240	At2g40300	100	4.87e-179	489	1258	259	260	259
ATSus_1_2G17270	At2g17265	100	8.04e-252	682	1760	370	371	370
ATSus_1_2G42980	At2g44040	100	2.19e-245	664	1712	341	348	341
ATSus_1_2G42980	At3g59890	84.9	1.31e-203	558	1438	341	350	344
ATSus_1_2G21360	At2g21590	99.8	0.0	1045	2701	523	524	523
ATSus_1_2G21360	At4g39210	84.1	0.0	882	2280	523	522	523
ATSus_1_2G22470	At2g22890	99.3	1.24e-216	585	1509	279	280	279
ATSus_1_2G21890	At2g22230	100	1.65e-153	421	1082	220	221	220
ATSus_1_2G21890	At5g10160	80.0	5.37e-106	301	770	220	220	195
ATSus_1_2G38350	At2g39470	99.2	3.62e-175	477	1228	238	239	238
ATSus_1_2G13170	At2g04700	99.3	2.31e-110	306	783	146	147	146
ATSus_1_2G15550	At2g14750	99.6	2.57e-203	551	1421	276	277	276
ATSus_1_2G13760	At2g05710	100	0.0	1965	5091	990	991	990
ATSus_1_2G13760	GRMZM2G020801_T01.CDS	88.8	0.0	1445	3741	990	798	793
ATSus_1_2G16630	At2g16570	100	0.0	1112	2875	566	567	566
ATSus_1_2G16630	At4g34740	84.6	0.0	910	2352	566	562	571
ATSus_1_2G36620	At2g37690	99.7	0.0	1251	3238	642	643	642
ATSus_1_2G40180	At2g41220	99.9	0.0	3206	8312	1629	1630	1629
ATSus_1_2G30410	At1g06130	83.6	1.71e-204	559	1440	324	332	329
ATSus_1_2G46600	At2g47730	98.9	3.68e-178	487	1253	262	264	263
ATSus_1_2G45710	At2g46820	100	1.25e-114	319	817	174	175	174
ATSus_1_2G42660	At2g43710	99.5	1.85e-300	808	2086	401	402	401
ATSus_1_2G42660	At3g02630	80.5	9.32e-217	596	1536	401	397	354
ATSus_1_2G42660	At5g16240	80.5	1.29e-211	583	1502	401	395	349
ATSus_1_2G33660	At2g34590	100	7.23e-296	796	2057	406	407	406
ATSus_1_2G33660	At1g30120	91.7	1.60e-267	725	1871	406	407	411
ATSus_1_2G13900	At2g05990	99.7	2.34e-277	748	1932	390	391	390
ATSus_1_2G16060	At2g15620	99.7	0.0	1157	2993	587	587	587
ATSus_1_2G44340	At2g45440	100	3.86e-277	746	1925	365	366	365
ATSus_1_2G44340	At3g60880	87.7	1.95e-245	665	1717	365	366	365
ATSus_1_2G26200	At2g26930	100	4.04e-279	752	1942	383	384	383
ATSus_1_2G14060	At2g06520	100	2.76e-72	207	527	116	117	116
ATSus_1_2G17590	At2g17630	99.5	2.30e-307	827	2136	422	423	422
ATSus_1_2G17590	At4g35630	85.6	6.67e-270	733	1891	422	431	432
ATSus_1_2G20500	At2g20690	98.5	1.91e-190	518	1335	267	272	266
ATSus_1_2G42060	At2g43100	99.6	2.33e-180	492	1266	256	257	256
ATSus_1_2G38170	At2g39290	97.0	3.46e-186	510	1313	296	297	296
ATSus_1_2G28100	At2g28880	98.1	0.0	1818	4708	917	920	917
ATSus_1_2G44080	At2g45150	96.7	3.45e-273	739	1908	382	431	391
ATSus_1_2G30240	At2g31170	100	0.0	1122	2902	563	564	563
ATSus_1_2G34090	At2g35040	100	0.0	1179	3049	596	597	596
ATSus_1_2G43450	At2g44530	100	8.32e-289	778	2008	394	395	394
ATSus_1_2G43450	At1g32380	81.7	3.17e-207	572	1473	394	401	350
ATSus_1_2G41000	At2g42070	99.6	3.13e-206	559	1441	280	281	280
ATSus_1_2G20970	At2g21170	99.7	5.07e-225	610	1572	315	316	315
ATSus_1_3G33110	At3g23920	99.8	0.0	1182	3059	575	576	575
ATSus_1_3G33130	At3g23940	100	0.0	1207	3122	608	609	608
ATSus_1_3G28650	At3g19480	99.3	0.0	1061	2744	588	589	588
ATSus_1_3G55740	At3g60370	91.0	5.78e-149	412	1059	234	272	244
ATSus_1_3G11690	At3g02620	98.3	2.38e-290	782	2020	399	407	406
ATSus_1_3G11690	At3g02610	90.0	4.50e-267	724	1868	399	414	411
ATSus_1_3G20890	At3g11980	99.8	0.0	1216	3145	616	617	616
ATSus_1_3G38520	At3g29200	100	6.87e-247	667	1721	340	341	340
ATSus_1_3G51500	At3g55800	99.0	3.36e-283	763	1971	393	394	393
ATSus_1_3G44860	GRMZM2G123922_T01.CDS	86.3	0.0	1419	3673	952	922	866
ATSus_1_3G44860	GRMZM2G009443_T01.CDS	88.3	0.0	1412	3655	952	922	837
ATSus_1_3G44860	GRMZM2G001084_T01.CDS	81.1	0.0	1102	2850	952	897	725
ATSus_1_3G10130	At3g01120	99.6	0.0	1001	2588	563	564	563
ATSus_1_3G30300	At3g21055	100	6.61e-64	186	473	103	144	103
ATSus_1_3G44390	Potri.015G088500	84.2	3.08e-161	449	1155	319	329	279
ATSus_1_3G45640	At3g49680	99.8	5.78e-301	810	2092	413	414	413
ATSus_1_3G52880	At3g57280	99.6	4.38e-161	441	1133	226	227	226
ATSus_1_3G18040	At3g09150	99.7	8.00e-245	661	1705	329	330	329
ATSus_1_3G10540	At3g01480	99.8	2.64e-316	851	2198	437	438	437
ATSus_1_3G31660	At3g22425	99.6	1.98e-182	500	1288	317	271	263
ATSus_1_3G31660	At4g14910	81.6	2.35e-141	398	1022	317	309	261
ATSus_1_3G29750	At3g20540	98.3	0.0	2024	5243	1034	1050	1049
ATSus_1_3G10560	At3g01500	100	3.63e-241	653	1685	347	348	347
ATSus_1_3G54340	At3g58830	100	7.89e-242	655	1689	343	349	343
ATSus_1_3G49840	At3g54050	99.0	1.15e-293	792	2045	417	418	417
ATSus_1_3G35930	At3g26840	99.9	0.0	1384	3581	701	702	701
ATSus_1_3G25460	At3g16250	100	1.38e-153	420	1079	204	205	204
ATSus_1_3G49390	At3g53580	100	5.43e-271	730	1884	362	363	362
ATSus_1_3G27870	At3g18680	91.1	5.45e-224	610	1574	339	373	372
ATSus_1_3G55270	At3g59890	100	1.35e-253	685	1767	349	350	349
ATSus_1_3G55270	At2g44040	84.9	6.42e-208	569	1467	349	348	350
ATSus_1_3G11740	At3g02660	100	0.0	996	2574	511	512	511
ATSus_1_3G25060	At3g15850	100	6.79e-290	778	2010	371	372	371
ATSus_1_3G34900	At3g25860	99.8	5.48e-301	816	2107	480	481	480
ATSus_1_3G34240	At3g25110	99.4	1.01e-266	719	1856	362	363	362
ATSus_1_3G23680	At3g14550	99.2	9.09e-253	684	1764	360	361	360
ATSus_1_3G23680	At3g14530	93.9	3.04e-235	639	1649	360	361	360
ATSus_1_3G23680	At3g29430	86.9	5.75e-214	585	1509	360	358	360
ATSus_1_3G23680	At3g32040	84.4	1.01e-210	577	1488	360	361	360
ATSus_1_3G23680	At3g14510	92.8	1.19e-179	496	1276	360	285	277
ATSus_1_3G38760	At3g29430	97.2	7.38e-246	666	1718	357	358	357
ATSus_1_3G38760	At3g32040	90.0	7.19e-224	610	1574	357	361	360
ATSus_1_3G38760	At3g14550	86.9	8.10e-214	585	1508	357	361	360
ATSus_1_3G38760	At3g14530	85.8	1.05e-209	575	1481	357	361	360
ATSus_1_3G38760	At3g14510	91.0	3.35e-176	487	1253	357	285	277
ATSus_1_3G26150	GRMZM2G145595_T01.CDS	82.9	1.60e-312	854	2207	619	563	526
ATSus_1_3G26150	GRMZM2G152958_T01.CDS	82.1	2.28e-308	844	2180	619	566	531
ATSus_1_3G26150	GRMZM2G073774_T01.CDS	82.1	2.28e-308	844	2180	619	566	531
ATSus_1_3G26150	GRMZM2G152958_T02.CDS	81.4	2.99e-283	779	2011	619	530	494
ATSus_1_3G26150	GRMZM2G145595_T02.CDS	88.3	1.39e-169	480	1236	619	281	266
ATSus_1_3G46780	At3g50920	99.3	2.41e-189	516	1330	279	280	279
ATSus_1_3G44080	At3g48110	99.8	0.0	2057	5329	1142	1068	1058
ATSus_1_3G50400	At3g54660	100	0.0	1113	2878	565	566	565
ATSus_1_3G44710	At5g63570	90.1	9.82e-312	842	2176	472	475	474
ATSus_1_3G10200	At3g01180	100	0.0	1560	4038	792	793	792
ATSus_1_3G54430	At3g58990	99.2	9.17e-181	493	1268	253	254	253
ATSus_1_3G20060	At3g11170	99.8	0.0	941	2433	446	447	446
ATSus_1_3G20060	At5g05580	80.5	1.38e-274	746	1925	446	436	446
ATSus_1_3G30360	At3g21110	100	2.29e-306	823	2127	411	412	411
ATSus_1_3G23630	At3g14550	93.3	4.51e-237	644	1661	360	361	360
ATSus_1_3G23630	At3g14530	89.2	9.43e-223	608	1567	360	361	360
ATSus_1_3G23630	At3g29430	87.2	9.97e-215	587	1514	360	358	360
ATSus_1_3G23630	At3g32040	85.0	1.51e-212	582	1500	360	361	360
ATSus_1_3G23630	At3g14510	99.3	5.52e-192	527	1357	360	285	277
ATSus_1_3G32120	At3g22890	100	0.0	939	2426	463	464	463
ATSus_1_3G32120	At4g14680	87.1	3.96e-269	736	1899	463	511	428
ATSus_1_3G21670	At3g12780	100	0.0	900	2325	481	482	481
ATSus_1_3G21670	At1g56190	90.2	1.07e-300	815	2105	481	479	481
ATSus_1_3G15590	At3g06350	99.8	0.0	1171	3030	603	604	603
ATSus_1_3G29520	At3g20320	99.7	8.72e-273	736	1900	381	382	381
ATSus_1_3G53140	At3g57560	98.6	1.12e-239	649	1675	345	348	347
ATSus_1_3G24060	At3g14930	99.8	9.45e-314	843	2177	418	419	418
ATSus_1_3G51690	At3g56040	99.8	0.0	1774	4594	883	884	883
ATSus_1_3G10500	At3g01440	100	1.60e-160	439	1128	220	221	220
ATSus_1_3G56090	At3g60750	100	0.0	1471	3807	741	742	741
ATSus_1_3G56090	At2g45290	88.8	0.0	1321	3418	741	742	741
ATSus_1_3G18910	At3g10050	100	0.0	1160	3002	592	593	592
ATSus_1_3G55990	At3g60620	100	9.04e-291	783	2022	399	400	399
ATSus_1_3G51110	At3g55400	99.5	0.0	1234	3193	616	617	616
ATSus_1_3G34810	At3g25760	99.2	1.03e-182	498	1281	254	255	254
ATSus_1_3G34810	At3g25770	88.6	2.08e-159	439	1128	254	254	254
ATSus_1_3G11860	At5g16440	81.4	4.15e-169	466	1199	284	292	291
ATSus_1_3G34830	At3g25780	100	6.23e-186	506	1303	258	259	258
ATSus_1_3G20850	AT3G11945	93.9	5.11e-251	682	1759	386	394	393
ATSus_1_3G16970	At3g07630	99.7	1.06e-273	738	1906	381	382	381
ATSus_1_3G50790	At3g55040	100	5.82e-208	565	1455	292	293	292
ATSus_1_3G44540	At3g48560	99.7	0.0	1255	3248	670	671	670
ATSus_1_3G57260	At3g62030	99.6	9.12e-188	513	1321	260	314	260
ATSus_1_3G13930	At3g04790	100	8.48e-193	525	1352	276	277	276
ATSus_1_3G23570	At3g14440	99.2	0.0	1195	3092	599	600	599
ATSus_1_3G43460	At3g47450	99.3	0.0	1090	2818	561	562	561
ATSus_1_3G41440	At3g44880	100	0.0	1115	2884	537	538	537
ATSus_1_3G50760	At3g55010	99.2	2.52e-276	746	1925	389	390	389
ATSus_1_3G51740	At3g56090	100	6.92e-179	488	1257	259	260	259
ATSus_1_3G23120	At3g14050	100	0.0	1401	3626	709	710	709
ATSus_1_3G52550	At3g56940	100	2.40e-291	785	2028	409	410	409
ATSus_1_3G23510	At3g14390	100	0.0	963	2489	484	485	484
ATSus_1_3G23510	At5g11880	94.3	0.0	898	2321	484	490	493
ATSus_1_3G25340	At3g16140	100	4.32e-101	282	722	145	146	145
ATSus_1_3G25340	At1g52230	91.7	1.06e-92	261	667	145	146	145
ATSus_1_3G46670	At3g50820	99.7	5.56e-237	641	1654	331	332	331
ATSus_1_3G46670	At5g66570	91.0	1.07e-216	590	1521	331	333	332
ATSus_1_3G11680	At3g02610	100	7.35e-304	817	2111	413	414	413
ATSus_1_3G11680	At3g02620	92.0	1.03e-274	743	1919	413	407	411
ATSus_1_3G11680	At5g16230	82.8	3.53e-244	666	1718	413	402	413
ATSus_1_3G48900	At3g53130	100	0.0	1043	2697	539	540	539
ATSus_1_3G35720	At3g26650	100	9.32e-287	773	1995	396	397	396
ATSus_1_3G35720	At1g12900	90.0	4.02e-260	707	1825	396	442	400
ATSus_1_3G35720	At1g42970	80.5	6.64e-195	542	1397	396	448	344
ATSus_1_3G43540	At3g47520	100	5.51e-278	751	1939	403	404	403
ATSus_1_3G23660	At3g14530	99.7	8.71e-251	679	1751	360	361	360
ATSus_1_3G23660	At3g14550	94.4	6.13e-235	639	1647	360	361	360
ATSus_1_3G23660	At3g29430	87.5	3.87e-212	581	1497	360	358	360
ATSus_1_3G23660	At3g32040	84.7	3.22e-207	568	1465	360	361	360
ATSus_1_3G23660	At3g14510	91.3	1.87e-176	488	1255	360	285	277
ATSus_1_3G58560	At3g63410	100	9.90e-257	692	1785	338	338	338
ATSus_1_3G58560	AT3G63410	100	1.03e-256	692	1785	338	339	338
ATSus_1_3G11700	At3g02630	100	1.71e-298	802	2072	396	397	396
ATSus_1_3G11700	At5g16240	85.5	1.94e-251	683	1763	396	395	399
ATSus_1_3G53190	At3g57610	100	0.0	975	2521	490	491	490
ATSus_1_3G54120	At3g58610	100	0.0	1136	2939	591	592	591
ATSus_1_3G54120	GRMZM2G004382_T02.CDS	90.4	0.0	922	2384	591	580	512
ATSus_1_3G54120	GRMZM2G004382_T01.CDS	88.6	1.56e-257	710	1833	591	475	403
ATSus_1_3G26980	At3g17810	100	8.70e-311	836	2159	423	427	423
ATSus_1_3G50380	At3g54640	100	2.49e-219	595	1534	312	313	312
ATSus_1_3G36840	At3g27740	92.5	1.08e-316	853	2203	465	431	465
ATSus_1_3G11080	At3g02020	100	0.0	1074	2778	559	560	559
ATSus_1_3G11080	At5g14060	83.0	3.09e-318	865	2236	559	545	542
ATSus_1_3G52320	At3g56700	99.4	2.08e-112	327	837	175	549	171
ATSus_1_3G12740	At3g03630	99.8	7.09e-270	731	1886	404	405	404
ATSus_1_3G41640	At3g45140	99.1	0.0	1803	4670	896	897	896
ATSus_1_3G19960	At3g11050	98.8	3.43e-176	481	1238	253	254	253
ATSus_1_3G34820	At3g25770	99.6	9.17e-181	493	1268	253	254	253
ATSus_1_3G34820	At3g25760	89.4	1.52e-161	444	1142	253	255	254
ATSus_1_3G32190	At3g22960	99.7	0.0	1116	2886	596	597	596
ATSus_1_3G47620	At3g51820	97.6	1.23e-271	735	1898	424	388	376
ATSus_1_3G48730	At3g52960	100	1.10e-158	435	1119	234	235	234
ATSus_1_4G44060	At4g36810	100	7.79e-255	690	1780	371	372	371
ATSus_1_4G44060	At2g18620	82.6	5.31e-173	482	1240	371	348	298
ATSus_1_4G34050	At4g26900	100	0.0	1149	2971	592	593	592
ATSus_1_4G21800	At4g14680	98.4	4.76e-310	839	2168	465	511	428
ATSus_1_4G21800	At3g22890	87.6	3.07e-299	810	2092	465	464	466
ATSus_1_4G40290	At4g33030	99.8	0.0	951	2459	484	478	477
ATSus_1_4G19820	At4g12800	100	9.95e-153	421	1083	219	282	219
ATSus_1_4G34310	At4g27070	98.9	0.0	924	2389	475	476	475
ATSus_1_4G34310	At5g54810	90.4	1.92e-311	842	2174	475	471	478
ATSus_1_4G29160	At4g21990	100	0.0	894	2311	458	459	458
ATSus_1_4G29160	At4g04610	83.0	4.74e-281	764	1972	458	466	466
ATSus_1_4G39780	At4g32520	100	0.0	1050	2714	529	530	529
ATSus_1_4G31940	At4g24830	100	0.0	961	2484	494	495	494
ATSus_1_4G22840	At4g15560	100	0.0	1419	3672	717	718	717
ATSus_1_4G28070	At4g20960	100	3.83e-308	829	2142	426	427	426
ATSus_1_4G41530	At4g34200	100	0.0	1120	2897	603	604	603
ATSus_1_4G41530	At3g19480	81.0	1.51e-310	850	2195	603	589	543
ATSus_1_4G42930	At4g35630	99.8	1.25e-315	848	2192	430	431	430
ATSus_1_4G42930	At2g17630	85.4	1.18e-270	734	1896	430	423	432
ATSus_1_4G40070	At4g32810	100	0.0	1184	3062	570	571	570
ATSus_1_4G40070	AT4G32810	95.6	0.0	1169	3025	570	597	596
ATSus_1_4G13500	At1g03475	84.3	2.14e-226	618	1594	363	387	364
ATSus_1_4G45150	At4g37925	100	6.76e-156	427	1097	217	218	217
ATSus_1_4G25500	At4g18240	100	0.0	1758	4552	1040	1041	1040
ATSus_1_4G13080	At4g02780	99.9	0.0	1609	4167	802	803	802
ATSus_1_4G22780	At4g15560	91.9	1.36e-09	54.7	130	287	718	37
ATSus_1_4G43660	At4g36390	99.7	0.0	1256	3249	640	641	640
ATSus_1_4G25750	At4g18440	100	0.0	1048	2709	536	537	536
ATSus_1_4G25750	At1g36280	87.7	0.0	898	2321	536	528	536
ATSus_1_4G16050	At4g08390	99.7	6.46e-243	660	1702	372	373	372
ATSus_1_4G40030	At4g32770	99.8	0.0	1024	2648	488	489	488
ATSus_1_4G47190	At4g39980	99.6	0.0	1033	2671	525	526	525
ATSus_1_4G38150	At4g30910	95.9	0.0	1087	2811	581	605	604
ATSus_1_4G38150	At4g30920	91.1	0.0	1005	2598	581	584	582
ATSus_1_4G24590	At4g17300	100	0.0	1128	2917	567	588	567
ATSus_1_4G45680	At4g38460	100	1.13e-238	645	1664	326	327	326
ATSus_1_4G21230	At4g14210	100	0.0	1135	2937	566	567	566
ATSus_1_4G39200	AT4G31990	100	0.0	919	2375	462	463	462
ATSus_1_4G39200	At4g31990	100	0.0	896	2315	462	454	451
ATSus_1_4G37810	At4g30580	100	1.36e-261	706	1821	356	357	356
ATSus_1_4G44900	At4g37670	99.8	0.0	1220	3157	613	614	613
ATSus_1_4G38200	At4g30950	100	0.0	935	2416	448	449	448
ATSus_1_4G30250	At4g23100	99.8	0.0	1055	2727	533	523	522
ATSus_1_4G37080	At4g29840	100	0.0	1066	2756	526	527	526
ATSus_1_4G37080	At1g72810	81.8	1.35e-301	821	2120	526	517	500
ATSus_1_4G22090	At4g14910	100	7.79e-191	521	1342	272	309	263
ATSus_1_4G22090	At3g22425	82.2	3.59e-148	412	1058	272	271	269
ATSus_1_4G19090	At4g11980	100	4.15e-221	599	1545	309	310	309
ATSus_1_4G26870	At4g19710	100	0.0	1805	4674	916	917	916
ATSus_1_4G39070	At4g31870	100	7.58e-170	463	1192	233	234	233
ATSus_1_4G46180	At4g38970	100	6.58e-288	776	2003	398	399	398
ATSus_1_4G46180	At2g21330	89.7	5.86e-257	697	1800	398	400	398
ATSus_1_4G46890	At4g39710	99.1	1.12e-154	424	1089	217	218	217
ATSus_1_4G38160	At4g30920	99.8	0.0	1093	2828	604	584	575
ATSus_1_4G38160	At4g30910	87.5	0.0	978	2528	604	605	598
ATSus_1_4G28400	At4g21280	98.7	7.90e-140	387	993	223	225	224
ATSus_1_4G10660	At4g00490	99.8	0.0	1128	2917	542	543	542
ATSus_1_4G34240	At4g27070	98.9	0.0	924	2389	475	476	475
ATSus_1_4G34240	At5g54810	90.4	1.92e-311	842	2174	475	471	478
ATSus_1_4G37130	At4g29890	99.5	0.0	869	2245	422	423	422
ATSus_1_4G40780	At4g33510	100	0.0	1012	2616	507	508	507
ATSus_1_4G40780	At1g22410	85.0	3.40e-288	786	2031	507	528	448
ATSus_1_4G18730	At4g11570	100	6.64e-273	736	1899	373	374	373
ATSus_1_4G46080	At4g38880	99.8	0.0	1035	2676	532	533	532
ATSus_1_4G13570	At4g03280	99.6	3.76e-168	459	1180	229	230	229
ATSus_1_4G41700	At4g34350	100	0.0	939	2426	466	467	466
ATSus_1_4G25640	At4g18350	99.7	0.0	1164	3010	583	584	583
ATSus_1_4G13070	At4g02770	100	1.17e-147	405	1041	208	209	208
ATSus_1_4G13070	At1g03130	93.3	6.50e-135	373	957	208	205	208
ATSus_1_4G32810	At4g25700	97.8	9.49e-222	601	1550	315	311	315
ATSus_1_4G31720	At4g24620	100	0.0	1215	3144	613	614	613
ATSus_1_4G42090	At4g34740	99.6	0.0	1092	2823	561	562	561
ATSus_1_4G42090	At2g16570	84.4	0.0	911	2354	561	567	571
ATSus_1_4G25800	At4g18480	100	1.43e-302	815	2105	424	425	424
ATSus_1_4G25800	At5g45930	83.0	7.55e-246	671	1732	424	419	424
ATSus_1_4G25800	GRMZM2G419806_T01.CDS	82.2	3.72e-212	586	1511	424	423	370
ATSus_1_4G14730	At4g04610	99.8	0.0	916	2367	465	466	465
ATSus_1_4G14730	At4g21990	82.8	2.05e-282	767	1981	465	459	466
ATSus_1_4G34670	At4g27440	99.8	4.41e-283	764	1972	401	402	401
ATSus_1_4G34670	At5g54190	86.9	6.27e-245	667	1722	401	406	405
ATSus_1_4G34170	At4g27030	99.7	4.79e-218	593	1528	323	324	323
ATSus_1_4G40970	At4g33680	99.8	0.0	926	2392	461	462	461
ATSus_1_4G11900	At4g01690	99.8	0.0	1060	2742	537	538	537
ATSus_1_4G34210	At4g27070	98.9	0.0	924	2389	475	476	475
ATSus_1_4G34210	At5g54810	90.4	1.92e-311	842	2174	475	471	478
ATSus_1_4G29450	At4g22260	99.7	1.93e-238	647	1668	351	352	351
ATSus_1_4G20400	At4g13430	99.8	0.0	1023	2646	509	510	509
ATSus_1_4G20400	GRMZM2G370852_T01.CDS	83.9	5.94e-298	810	2093	509	506	454
ATSus_1_4G20400	GRMZM2G370852_T03.CDS	83.7	2.41e-297	809	2089	509	506	454
ATSus_1_4G20400	GRMZM2G010044_T02.CDS	83.0	5.61e-293	798	2060	509	503	454
ATSus_1_4G20400	GRMZM2G010044_T03.CDS	83.0	6.04e-293	798	2060	509	505	454
ATSus_1_4G20400	GRMZM2G010044_T01.CDS	83.0	6.27e-293	798	2060	509	506	454
ATSus_1_4G26480	At4g19170	99.0	0.0	1173	3034	595	596	595
ATSus_1_4G10790	At4g00600	100	8.95e-53	164	415	114	311	86
ATSus_1_4G32180	At4g25080	100	3.59e-204	557	1436	312	327	292
ATSus_1_4G36070	At4g28750	98.6	4.86e-72	209	531	143	144	143
ATSus_1_4G14130	At4g05180	100	6.39e-156	428	1100	230	231	230
ATSus_1_5G44820	At5g45680	100	1.32e-153	420	1080	208	209	208
ATSus_1_5G29750	At5g23010	92.7	0.0	909	2349	503	535	508
ATSus_1_5G29750	At5g23020	84.5	1.06e-305	830	2143	503	504	503
ATSus_1_5G18440	At5g10160	99.5	2.53e-152	418	1074	219	220	219
ATSus_1_5G18440	At2g22230	80.0	3.24e-107	304	778	219	221	195
ATSus_1_5G29330	At5g22620	100	0.0	953	2463	482	483	482
ATSus_1_5G32600	At5g26030	99.8	0.0	912	2358	466	467	466
ATSus_1_5G21180	At5g13420	99.8	1.45e-309	834	2154	438	439	438
ATSus_1_5G20890	At5g13110	100	0.0	1176	3043	596	597	596
ATSus_1_5G20890	At1g24280	88.1	0.0	988	2554	596	600	572
ATSus_1_5G20890	GRMZM2G177077_T01.CDS	88.1	0.0	885	2286	596	599	488
ATSus_1_5G20890	At5g35790	82.7	7.35e-304	832	2149	596	577	486
ATSus_1_5G27600	At5g20070	99.8	7.96e-321	862	2227	438	439	438
ATSus_1_5G52260	At5g53460	99.8	0.0	4353	11289	2208	2209	2208
ATSus_1_5G37950	At5g38420	99.4	4.55e-134	369	946	181	182	181
ATSus_1_5G37950	At5g38430	98.3	5.32e-133	366	939	181	182	181
ATSus_1_5G37950	At5g38410	94.6	1.18e-128	355	911	181	187	186
ATSus_1_5G37950	At1g67090	92.2	1.25e-124	345	884	181	181	179
ATSus_1_5G31170	At5g24400	99.1	1.93e-234	634	1636	325	326	325
ATSus_1_5G17410	At5g08740	99.4	0.0	985	2546	519	520	519
ATSus_1_5G42900	At5g43780	98.7	0.0	933	2411	469	470	469
ATSus_1_5G48080	At5g49030	99.8	0.0	2189	5673	1093	1280	1093
ATSus_1_5G60010	At5g61410	100	1.72e-199	542	1397	281	282	281
ATSus_1_5G10210	At5g01220	99.8	0.0	999	2582	510	511	510
ATSus_1_5G49200	At5g50210	99.9	0.0	1393	3605	718	719	718
ATSus_1_5G24820	At5g17230	99.8	1.39e-308	830	2144	422	423	422
ATSus_1_5G24820	AT5G17230	96.3	2.25e-304	820	2118	422	438	437
ATSus_1_5G22520	At5g14760	100	0.0	1289	3336	651	652	651
ATSus_1_5G28400	At5g20980	99.8	0.0	1583	4098	812	813	812
ATSus_1_5G45410	At5g46290	96.7	0.0	922	2384	473	490	489
ATSus_1_5G47340	At5g48300	100	0.0	1010	2611	520	521	520
ATSus_1_5G56930	At5g58260	100	3.81e-158	432	1110	209	210	209
ATSus_1_5G46910	At5g47840	81.2	1.84e-171	473	1217	314	284	314
ATSus_1_5G55690	AT5G57030	99.8	0.0	1042	2694	539	525	523
ATSus_1_5G55690	At5g57030	99.8	0.0	1042	2694	539	524	523
ATSus_1_5G20200	At5g12040	100	2.03e-265	716	1849	369	370	369
ATSus_1_5G62050	At5g63570	99.8	0.0	930	2403	474	475	474
ATSus_1_5G61320	At5g62790	94.4	0.0	918	2373	476	498	497
ATSus_1_5G26210	At5g18660	100	2.76e-301	811	2095	417	418	417
ATSus_1_5G35520	At5g35170	99.8	0.0	1103	2854	588	589	588
ATSus_1_5G41790	At5g42650	99.6	0.0	1035	2676	518	519	518
ATSus_1_5G23130	GRMZM2G162968_T01.CDS	84.2	0.0	1429	3699	968	975	897
ATSus_1_5G23130	GRMZM2G130121_T01.CDS	81.8	0.0	969	2505	968	654	636
ATSus_1_5G13400	At5g04590	100	0.0	1281	3315	642	643	642
ATSus_1_5G43640	At5g44520	100	9.62e-193	566	1460	1426	327	296
ATSus_1_5G21060	At5g13280	99.8	0.0	1088	2814	569	570	569
ATSus_1_5G20040	At5g11880	99.8	0.0	970	2508	489	490	489
ATSus_1_5G20040	At3g14390	94.1	0.0	897	2317	489	485	493
ATSus_1_5G65130	At5g66570	100	1.27e-238	645	1665	332	333	332
ATSus_1_5G65130	At3g50820	90.7	4.38e-216	588	1517	332	332	332
ATSus_1_5G51710	At5g52920	100	0.0	1118	2892	579	580	579
ATSus_1_5G29740	At5g23010	95.5	0.0	939	2427	506	535	506
ATSus_1_5G20900	At5g13120	99.2	3.20e-184	502	1292	259	260	259
ATSus_1_5G24090	At5g16440	97.9	1.60e-206	561	1445	288	292	291
ATSus_1_5G19150	At5g10920	100	0.0	1016	2627	517	518	517
ATSus_1_5G48980	At5g49970	100	0.0	1081	2796	530	531	530
ATSus_1_5G14340	At1g07780	99.3	3.96e-199	541	1394	281	276	274
ATSus_1_5G14340	At5g05590	98.9	1.13e-198	540	1391	281	276	274
ATSus_1_5G14340	At1g29410	91.5	1.67e-126	356	914	281	245	199
ATSus_1_5G29510	At5g22800	99.3	0.0	1746	4521	978	1004	956
ATSus_1_5G65640	At5g67030	98.8	0.0	1284	3323	668	668	668
ATSus_1_5G57020	At5g58330	99.8	0.0	887	2291	443	444	443
ATSus_1_5G37940	At5g38410	97.3	1.05e-131	363	931	181	187	186
ATSus_1_5G37940	At5g38430	96.7	1.03e-130	360	924	181	182	181
ATSus_1_5G37940	At5g38420	96.7	2.08e-130	359	922	181	182	181
ATSus_1_5G37940	At1g67090	91.6	2.95e-123	341	875	181	181	179
ATSus_1_5G45070	At5g45930	99.5	2.35e-298	804	2076	418	419	418
ATSus_1_5G45070	At4g18480	82.5	1.50e-245	671	1730	418	425	424
ATSus_1_5G45070	GRMZM2G419806_T01.CDS	80.5	3.61e-213	588	1517	418	423	385
ATSus_1_5G35820	At5g35630	100	0.0	883	2281	430	431	430
ATSus_1_5G22420	At5g14660	99.6	1.16e-193	527	1357	273	274	273
ATSus_1_5G25540	At5g17990	100	2.12e-305	824	2128	444	445	444
ATSus_1_5G12450	At5g03555	99.8	0.0	1140	2949	599	600	599
ATSus_1_5G26780	At5g19220	99.6	0.0	1016	2626	522	523	522
ATSus_1_5G64770	At5g66190	99.7	1.95e-263	711	1834	360	361	360
ATSus_1_5G64770	Potri.005G112900	85.0	4.03e-227	619	1596	360	364	367
ATSus_1_5G64770	Potri.007G057200	83.9	5.22e-223	608	1569	360	364	367
ATSus_1_5G24360	At5g16715	99.9	0.0	1943	5034	1246	975	974
ATSus_1_5G24360	At5g16710	100	1.10e-177	520	1339	1246	259	257
ATSus_1_5G35960	At5g35790	100	0.0	1150	2974	576	577	576
ATSus_1_5G35960	GRMZM2G177077_T01.CDS	84.0	1.21e-307	842	2174	576	599	486
ATSus_1_5G35960	At5g13110	82.4	4.31e-305	835	2157	576	597	488
ATSus_1_5G35960	At1g24280	81.2	1.36e-297	816	2108	576	600	485
ATSus_1_5G23910	At5g16240	99.0	2.22e-291	784	2025	395	395	395
ATSus_1_5G23910	At3g02630	85.5	4.06e-251	682	1761	395	397	400
ATSus_1_5G23910	At2g43710	80.5	9.31e-212	583	1503	395	402	349
ATSus_1_5G13010	At5g04140	98.4	0.0	3171	8222	1622	1649	1648
ATSus_1_5G13010	At2g41220	80.8	0.0	2627	6809	1622	1630	1613
ATSus_1_5G29340	At5g22630	100	1.38e-305	823	2125	425	426	425
ATSus_1_5G29340	At3g44720	80.1	3.81e-229	629	1623	425	425	422
ATSus_1_5G51370	At5g52570	99.7	3.06e-188	516	1328	303	304	303
ATSus_1_5G56550	At5g57890	99.6	2.66e-199	541	1394	273	274	273
ATSus_1_5G56550	At1g25220	88.9	9.33e-181	495	1274	273	290	288
ATSus_1_5G56550	At1g24909	94.1	1.72e-151	418	1075	273	223	221
ATSus_1_5G56550	At1g24807	88.9	1.24e-147	409	1051	273	236	234
ATSus_1_5G21390	At5g13630	100	0.0	2704	7008	1381	1382	1381
ATSus_1_5G31030	At5g24300	99.5	0.0	1330	3441	652	653	652
ATSus_1_5G24050	At5g16390	98.2	6.57e-158	438	1126	299	281	273
ATSus_1_5G10590	At5g01600	100	2.94e-178	486	1252	255	256	255
ATSus_1_5G33640	At5g27380	97.4	0.0	1028	2657	544	540	544
ATSus_1_5G36550	At5g36790	100	2.03e-266	718	1854	362	363	362
ATSus_1_5G36550	At5g36700	100	2.03e-266	718	1854	362	363	362
ATSus_1_5G62530	At5g64040	100	1.85e-94	268	685	171	182	142
ATSus_1_5G35610	At5g35360	100	0.0	1026	2654	564	556	522
ATSus_1_5G50630	At5g51820	98.6	0.0	1216	3147	623	624	623
ATSus_1_5G63390	At5g64860	99.8	0.0	1174	3037	576	577	576
ATSus_1_5G60180	At5g61580	100	0.0	1052	2720	530	531	530
ATSus_1_5G65010	At5g66450	98.3	6.51e-159	441	1134	286	309	239
ATSus_1_5G52390	At5g53580	99.7	1.19e-271	732	1889	365	366	365
ATSus_1_5G61830	At5g63310	100	3.22e-170	464	1194	231	232	231
ATSus_1_5G23900	At5g16230	99.5	3.44e-296	797	2058	401	402	401
ATSus_1_5G23900	At3g02610	83.3	1.70e-244	667	1720	401	414	413
ATSus_1_5G13700	At5g04900	99.1	1.01e-243	670	1729	593	349	347
ATSus_1_5G14330	At5g05580	100	0.0	933	2412	435	436	435
ATSus_1_5G14330	At3g11170	80.5	1.57e-273	743	1918	435	447	446
ATSus_1_5G64700	At5g66120	100	3.15e-320	861	2225	442	443	442
ATSus_1_5G53530	At5g54810	100	0.0	925	2391	470	471	470
ATSus_1_5G53530	At4g27070	90.2	3.29e-312	843	2179	470	476	478
ATSus_1_5G17920	At5g09650	100	6.69e-227	613	1581	300	301	300
ATSus_1_5G52970	At5g54190	100	5.39e-286	771	1992	405	406	405
ATSus_1_5G52970	At4g27440	87.2	1.56e-245	669	1726	405	402	405
ATSus_1_5G62790	At5g64300	99.8	0.0	1040	2689	543	544	543
ATSus_1_5G56510	At5g57850	99.5	2.32e-273	737	1902	373	374	373
ATSus_1_5G35470	At5g35100	100	3.58e-185	506	1304	281	291	248
ATSus_1_5G16930	At5g08280	100	4.88e-275	742	1915	382	383	382
ATSus_1_5G29230	At5g22510	98.5	0.0	1236	3197	618	618	618
ATSus_1_5G23210	At5g15530	92.4	2.60e-143	399	1025	276	256	276
ATSus_1_5G49980	At5g51110	99.5	1.08e-158	434	1116	220	221	220
ATSus_1_5G51290	At5g52520	99.6	0.0	1086	2808	543	544	543
ATSus_1_5G49790	GRMZM2G123922_T01.CDS	89.7	0.0	1485	3844	929	922	868
ATSus_1_5G49790	GRMZM2G009443_T01.CDS	87.0	0.0	1461	3783	929	922	891
ATSus_1_5G49790	GRMZM2G001084_T01.CDS	84.5	0.0	1147	2966	929	897	724
ATSus_1_5G37960	At5g38430	98.3	2.64e-133	367	941	181	182	181
ATSus_1_5G37960	At5g38420	97.2	6.22e-132	363	932	181	182	181
ATSus_1_5G37960	At5g38410	94.6	8.32e-129	355	912	181	187	186
ATSus_1_5G37960	At1g67090	92.7	3.08e-125	346	888	181	181	179
ATSus_1_CG10320	AtCg00490	100	0.0	986	2550	486	480	479
ATSus_1_CG10320	GRMZM2G360821_T01.CDS	92.5	0.0	931	2405	486	484	483
ATSus_1_CG10320	GRMZM2G385635_T01.CDS	92.5	0.0	931	2405	486	484	483
ATSus_1_CG10320	GRMZM2G448344_T01.CDS	92.5	0.0	931	2405	486	484	483
ATSus_1_CG10320	GRMZM5G815453_T01.CDS	92.5	0.0	931	2405	486	484	483
ATSus_1_CG10120	AtCg00340	100	0.0	1533	3969	734	735	734
ATSus_1_CG10730	AtCg00890	100	1.89e-93	271	694	140	390	136
ATSus_1_CG10410	AtCg00710	86.9	8.57e-31	105	263	251	74	61
ATSus_1_CG10520	AtCg00680	89.3	8.58e-319	862	2226	472	509	478
ATSus_1_CG10130	AtCg00350	100	0.0	1545	4001	750	751	750
ATSus_1_CG10200	AtCg00440	100	1.29e-81	231	589	120	121	120
ATSus_1_CG10330	AtCg00500	99.6	6.24e-161	451	1159	233	489	233
ATSus_1_CG10140	AtCg00280	100	0.0	989	2558	790	474	473
ATSus_1_CG10140	AtCg00270	100	1.37e-220	619	1597	790	354	300
ATSus_1_CG10530	AtCg00710	100	3.86e-29	103	256	315	74	51
ATSus_1_CG10480	AtCg00680	100	0.0	1061	2744	508	509	508
ATSus_1_CG10020	AtCg00020	100	9.64e-265	713	1841	353	354	353
ATSus_1_CG10400	AtCg00680	100	0.0	1061	2744	508	509	508
ATSus_1_CG10590	AtCg00890	100	1.89e-93	271	694	140	390	136
ATSus_1_CG10190	AtCg00430	100	4.59e-167	456	1172	225	226	225
ATSus_1_CG10190	GRMZM2G448142_T03.CDS	83.7	9.22e-135	375	963	225	255	227
ATSus_1_CG10370	AtCg00500	99.6	6.24e-161	451	1159	233	489	233
ATSus_1_CG10170	AtCg00350	100	0.0	1545	4001	750	751	750
ATSus_1_CG10280	AtCg00430	100	4.59e-167	456	1172	225	226	225
ATSus_1_CG10280	GRMZM2G448142_T03.CDS	83.7	9.22e-135	375	963	225	255	227
ATSus_1_CG10040	AtCg00150	100	6.46e-179	488	1255	249	250	249
ATSus_1_CG10030	AtCg00120	100	0.0	946	2446	507	508	507
ATSus_1_CG10210	AtCg00470	100	9.95e-44	134	336	73	133	73
ATSus_1_CG10310	AtCg00480	100	0.0	955	2469	498	499	498
ATSus_1_CG10310	GRMZM2G385622_T01.CDS	91.0	0.0	877	2267	498	499	498
ATSus_1_CG10310	GRMZM5G808402_T01.CDS	91.0	0.0	877	2267	498	499	498
ATSus_1_CG10310	GRMZM2G448389_T01.CDS	90.8	0.0	876	2263	498	499	498
ATSus_1_CG10310	GRMZM2G062854_T01.CDS	90.7	1.91e-265	724	1868	498	410	409
ATSus_1_CG10310	GRMZM2G448142_T02.CDS	94.8	1.72e-245	675	1741	498	449	368
ATSus_1_CG10310	GRMZM2G448142_T01.CDS	94.8	1.72e-245	675	1741	498	449	368
ATSus_1_CG10810	AtCg01110	100	2.02e-300	807	2085	402	394	393
ATSus_1_CG10290	AtCg00440	100	1.29e-81	231	589	120	121	120
ATSus_1_CG10270	AtCg00420	100	6.21e-123	338	868	158	159	158
ATSus_1_CG10360	AtCg00490	100	1.56e-170	474	1221	230	480	230
ATSus_1_CG10360	GRMZM2G360821_T01.CDS	89.9	2.42e-151	426	1095	230	484	227
ATSus_1_CG10360	GRMZM2G385635_T01.CDS	89.9	2.42e-151	426	1095	230	484	227
ATSus_1_CG10360	GRMZM2G448344_T01.CDS	89.9	2.42e-151	426	1095	230	484	227
ATSus_1_CG10360	GRMZM5G815453_T01.CDS	89.9	2.42e-151	426	1095	230	484	227
ATSus_1_CG10160	AtCg00340	100	0.0	1533	3969	734	735	734
ATSus_1_CG10180	AtCg00420	100	6.21e-123	338	868	158	159	158
ATSus_1_CG10300	AtCg00470	100	9.95e-44	134	336	73	133	73
ATSus_1_CG10230	AtCg00490	100	0.0	986	2550	486	480	479
ATSus_1_CG10230	GRMZM2G360821_T01.CDS	92.5	0.0	931	2405	486	484	483
ATSus_1_CG10230	GRMZM2G385635_T01.CDS	92.5	0.0	931	2405	486	484	483
ATSus_1_CG10230	GRMZM2G448344_T01.CDS	92.5	0.0	931	2405	486	484	483
ATSus_1_CG10230	GRMZM5G815453_T01.CDS	92.5	0.0	931	2405	486	484	483
ATSus_1_CG10100	AtCg00280	100	0.0	989	2558	790	474	473
ATSus_1_CG10100	AtCg00270	100	1.37e-220	619	1597	790	354	300
ATSus_1_CG10240	AtCg00500	99.6	6.24e-161	451	1159	233	489	233
ATSus_1_CG10490	AtCg00710	86.9	8.57e-31	105	263	251	74	61
ATSus_1_CG10640	AtCg00710	86.9	8.57e-31	105	263	251	74	61
ATSus_1_CG10630	AtCg00680	100	1.03e-278	763	1970	537	509	371
ATSus_1_CG10220	AtCg00480	100	0.0	955	2469	498	499	498
ATSus_1_CG10220	GRMZM2G385622_T01.CDS	91.0	0.0	877	2267	498	499	498
ATSus_1_CG10220	GRMZM5G808402_T01.CDS	91.0	0.0	877	2267	498	499	498
ATSus_1_CG10220	GRMZM2G448389_T01.CDS	90.8	0.0	876	2263	498	499	498
ATSus_1_CG10220	GRMZM2G062854_T01.CDS	90.7	1.91e-265	724	1868	498	410	409
ATSus_1_CG10220	GRMZM2G448142_T02.CDS	94.8	1.72e-245	675	1741	498	449	368
ATSus_1_CG10220	GRMZM2G448142_T01.CDS	94.8	1.72e-245	675	1741	498	449	368
ATSus_1_CG10700	AtCg00890	100	1.89e-93	271	694	140	390	136
