ATTaz_0_1G66580	At1g75330	100	3.53e-269	726	1875	375	376	375
ATTaz_0_1G50320	At1g54570	100	0.0	1393	3606	704	705	704
ATTaz_0_1G19500	At1g10700	99.3	2.16e-295	796	2055	411	412	411
ATTaz_0_1G49540	At1g55670	99.4	2.71e-109	304	779	160	161	160
ATTaz_0_1G37480	At1g31190	96.5	1.13e-263	712	1838	371	372	371
ATTaz_0_1G17140	At1g08380	100	3.09e-103	287	735	140	141	140
ATTaz_0_1G70160	GRMZM2G016602_T04.CDS	86.1	2.42e-210	582	1500	439	416	345
ATTaz_0_1G70160	GRMZM2G016602_T01.CDS	86.1	2.42e-210	582	1500	439	416	345
ATTaz_0_1G70160	GRMZM2G016602_T02.CDS	81.8	8.36e-206	571	1472	439	434	363
ATTaz_0_1G70160	GRMZM2G016602_T03.CDS	86.6	5.56e-151	426	1094	439	267	247
ATTaz_0_1G36220	At1g29900	99.9	0.0	2314	5996	1187	1188	1187
ATTaz_0_1G40080	At1g34430	100	1.51e-311	841	2173	465	466	465
ATTaz_0_1G68230	At1g77060	100	1.43e-243	659	1699	339	340	339
ATTaz_0_1G24780	At1g16300	100	4.25e-302	813	2101	420	421	420
ATTaz_0_1G24780	At1g79530	86.9	3.31e-256	697	1800	420	423	421
ATTaz_0_1G51780	At1g58290	99.1	0.0	1021	2640	543	544	543
ATTaz_0_1G51780	At1g09940	81.5	1.04e-299	817	2111	543	531	542
ATTaz_0_1G69490	At1g78390	99.7	0.0	1213	3139	607	658	607
ATTaz_0_1G65350	At1g74030	99.2	0.0	932	2408	477	478	477
ATTaz_0_1G30460	At1g22410	100	0.0	1042	2695	527	528	527
ATTaz_0_1G30460	At4g39980	85.7	3.78e-292	797	2059	527	526	453
ATTaz_0_1G30460	At4g33510	85.0	2.14e-289	790	2039	527	508	448
ATTaz_0_1G18150	At1g09420	97.8	0.0	1235	3195	625	636	635
ATTaz_0_1G60040	At1g68280	98.3	1.15e-127	353	905	180	193	180
ATTaz_0_1G60040	At1g68260	82.2	5.04e-101	285	730	180	191	180
ATTaz_0_1G48770	At1g54130	99.4	0.0	1394	3607	715	716	715
ATTaz_0_1G12470	At1g03630	100	4.81e-287	774	1998	401	402	401
ATTaz_0_1G32570	At1g25220	91.8	5.59e-191	521	1342	281	290	294
ATTaz_0_1G32570	At5g57890	90.0	3.97e-178	488	1256	281	274	280
ATTaz_0_1G32570	At1g24909	97.7	1.20e-160	442	1136	281	223	222
ATTaz_0_1G32570	At1g24807	92.3	8.69e-157	432	1112	281	236	235
ATTaz_0_1G18550	At1g09795	98.8	6.11e-291	785	2026	411	414	413
ATTaz_0_1G18550	At1g58080	82.9	1.59e-235	644	1662	411	412	398
ATTaz_0_1G36660	At1g30380	100	2.62e-88	249	635	130	131	130
ATTaz_0_1G70800	At1g79750	99.7	0.0	1257	3252	1305	647	643
ATTaz_0_1G69180	At1g78050	100	8.91e-239	646	1666	332	333	332
ATTaz_0_1G41430	At1g42970	99.8	0.0	876	2263	447	448	447
ATTaz_0_1G32780	At1g25410	98.5	2.80e-247	668	1724	342	343	342
ATTaz_0_1G54340	At1g62180	99.8	0.0	890	2301	454	455	454
ATTaz_0_1G17290	At1g08520	99.7	0.0	1336	3457	762	761	762
ATTaz_0_1G17290	GRMZM2G043453_T01.CDS	83.3	0.0	1055	2727	762	756	741
ATTaz_0_1G17290	GRMZM2G043453_T02.CDS	82.3	0.0	936	2419	762	693	673
ATTaz_0_1G29660	At1g21640	98.4	0.0	1931	5002	985	1000	999
ATTaz_0_1G38560	At1g32440	99.6	0.0	1092	2825	571	572	571
ATTaz_0_1G40910	At1g36280	99.6	0.0	1019	2635	529	528	529
ATTaz_0_1G40910	At4g18440	87.9	0.0	906	2341	529	537	536
ATTaz_0_1G45330	At1g50170	99.6	1.87e-166	454	1168	225	226	225
ATTaz_0_1G38180	At1g32070	99.2	1.33e-173	475	1222	257	259	258
ATTaz_0_1G24510	At1g15980	99.8	0.0	921	2381	461	462	461
ATTaz_0_1G27010	At1g18640	100	8.56e-216	585	1509	312	296	295
ATTaz_0_1G38890	At1g32900	98.7	0.0	1196	3093	610	611	610
ATTaz_0_1G50120	At1g54350	97.5	0.0	1341	3471	714	707	715
ATTaz_0_1G71630	At1g80600	100	0.0	886	2290	457	458	457
ATTaz_0_1G31680	At1g23740	98.2	1.13e-266	721	1861	386	387	386
ATTaz_0_1G65600	At1g74260	99.8	0.0	2778	7202	1407	1408	1407
ATTaz_0_1G10090	At1g01090	100	1.25e-314	846	2185	428	429	428
ATTaz_0_1G26170	At1g17745	95.5	0.0	1153	2983	624	652	651
ATTaz_0_1G27100	At1g18730	98.9	7.33e-128	352	904	175	176	175
ATTaz_0_1G63960	At1g72520	99.2	0.0	1831	4742	926	927	926
ATTaz_0_1G63960	At1g17420	83.2	0.0	1548	4009	926	920	927
ATTaz_0_1G31360	At1g23360	95.2	4.99e-187	509	1312	271	262	271
ATTaz_0_1G66000	At1g74710	99.8	0.0	1060	2741	569	623	552
ATTaz_0_1G38170	At1g32060	100	2.40e-293	789	2038	395	396	395
ATTaz_0_1G38170	GRMZM2G162529_T02.CDS	89.5	1.59e-234	641	1653	395	406	351
ATTaz_0_1G38170	GRMZM2G026024_T02.CDS	90.1	1.18e-227	630	1626	395	583	343
ATTaz_0_1G38170	GRMZM2G463280_T02.CDS	80.4	8.19e-208	572	1475	395	382	347
ATTaz_0_1G38170	GRMZM2G162529_T01.CDS	84.6	2.61e-25	94.0	232	395	61	52
ATTaz_0_1G19630	At1g10830	99.5	2.57e-267	721	1861	367	368	367
ATTaz_0_1G44180	At1g48850	100	4.05e-315	848	2190	436	437	436
ATTaz_0_1G44180	At1g48860	84.4	2.74e-11	61.2	147	436	522	45
ATTaz_0_1G54770	At1g62640	99.8	8.78e-296	796	2056	404	405	404
ATTaz_0_1G21580	At1g12900	99.7	5.73e-286	773	1995	399	442	399
ATTaz_0_1G21580	At3g26650	89.8	8.10e-259	702	1812	399	397	400
ATTaz_0_1G28230	At1g20020	100	5.91e-274	738	1905	369	370	369
ATTaz_0_1G56020	At1g63970	99.1	3.72e-160	439	1128	231	232	231
ATTaz_0_1G37500	At1g31220	97.9	1.22e-209	569	1466	292	293	292
ATTaz_0_1G29490	At1g77060	82.2	6.49e-198	543	1399	336	340	338
ATTaz_0_1G57040	At1g64970	99.4	1.82e-246	667	1720	348	349	348
ATTaz_0_1G66160	At1g74880	98.1	5.28e-106	296	757	158	159	158
ATTaz_0_1G62360	At1g70760	100	8.09e-142	389	999	191	192	191
ATTaz_0_1G38310	At1g32200	99.3	0.0	889	2297	459	460	459
ATTaz_0_1G71590	At1g80560	100	8.20e-287	780	2013	544	406	405
ATTaz_0_1G71590	At1g31180	85.4	2.93e-246	677	1748	544	420	404
ATTaz_0_1G71590	At5g14200	84.8	3.33e-245	674	1740	544	410	409
ATTaz_0_1G18610	At1g09830	98.9	0.0	980	2534	532	533	532
ATTaz_0_1G32270	At1g24360	100	3.67e-220	598	1541	319	320	319
ATTaz_0_1G32270	GRMZM2G043602_T02.CDS	80.1	6.12e-120	340	873	319	226	216
ATTaz_0_1G14930	At1g06130	99.1	3.81e-244	659	1701	331	332	331
ATTaz_0_1G21910	At1g13280	99.2	1.49e-174	492	1266	618	255	254
ATTaz_0_1G58320	At1g66430	100	5.70e-275	742	1915	384	385	384
ATTaz_0_1G25610	At1g17160	99.2	2.29e-267	722	1864	379	380	379
ATTaz_0_1G38500	At1g32380	100	7.37e-286	771	1990	400	401	400
ATTaz_0_1G38500	At2g35390	86.8	3.19e-251	683	1763	400	404	403
ATTaz_0_1G38500	At2g44530	81.7	2.63e-206	569	1467	400	395	350
ATTaz_0_1G64210	At1g72810	100	0.0	1035	2677	516	517	516
ATTaz_0_1G64210	At4g29840	81.8	4.21e-298	812	2097	516	527	500
ATTaz_0_1G61470	At1g69830	99.7	0.0	1806	4678	887	888	887
ATTaz_0_1G32190	At1g24280	100	0.0	1182	3058	599	600	599
ATTaz_0_1G32190	At5g13110	88.1	0.0	990	2559	599	597	572
ATTaz_0_1G32190	GRMZM2G177077_T01.CDS	87.3	0.0	878	2268	599	599	488
ATTaz_0_1G24240	At1g15710	100	3.20e-260	702	1812	354	359	349
ATTaz_0_1G70600	At1g79530	100	1.73e-302	815	2104	422	423	422
ATTaz_0_1G70600	At1g16300	86.9	6.70e-256	697	1798	422	421	421
ATTaz_0_1G71420	At1g80380	99.8	0.0	920	2377	456	457	456
ATTaz_0_1G59320	At1g67560	100	0.0	1840	4767	917	918	917
ATTaz_0_1G17280	At1g08510	100	1.28e-308	829	2142	412	413	412
ATTaz_0_1G35820	At1g07780	82.4	7.86e-155	432	1110	342	276	279
ATTaz_0_1G35820	At5g05590	82.1	2.25e-154	431	1107	342	276	279
ATTaz_0_1G35820	At1g29410	99.1	3.84e-150	419	1076	342	245	217
ATTaz_0_1G30250	At1g22170	99.4	4.95e-237	642	1655	334	335	334
ATTaz_0_1G30250	At1g78050	83.8	1.05e-166	464	1193	334	333	284
ATTaz_0_1G57400	At1g65410	99.0	9.45e-205	561	1447	358	346	289
ATTaz_0_1G57400	GRMZM5G868168_T02.CDS	84.1	1.76e-122	348	893	358	218	207
ATTaz_0_1G17320	At1g08550	99.8	0.0	883	2281	462	463	462
ATTaz_0_1G65360	At1g74040	99.4	0.0	1212	3136	631	632	631
ATTaz_0_1G65360	At1g18500	86.1	0.0	1051	2717	631	632	634
ATTaz_0_1G15460	At1g06680	100	5.93e-182	496	1278	263	264	263
ATTaz_0_1G42060	At1g44575	100	2.74e-188	513	1320	265	266	265
ATTaz_0_1G70150	At1g79040	100	2.26e-96	270	690	140	141	140
ATTaz_0_1G55990	At1g63940	99.8	0.0	951	2458	486	494	486
ATTaz_0_1G65800	At1g74470	99.8	0.0	919	2375	467	468	467
ATTaz_0_1G26870	At1g18500	99.8	0.0	1223	3165	631	632	631
ATTaz_0_1G26870	At1g74040	86.1	0.0	1051	2719	631	632	634
ATTaz_0_1G59500	At1g67740	100	2.83e-100	284	726	189	190	189
ATTaz_0_1G58910	At1g67090	100	5.13e-135	371	952	180	181	180
ATTaz_0_1G58910	At5g38430	93.3	3.72e-126	348	894	180	182	179
ATTaz_0_1G58910	At5g38420	91.6	2.51e-124	344	882	180	182	179
ATTaz_0_1G58910	At5g38410	89.1	3.36e-121	336	862	180	187	184
ATTaz_0_1G42040	At1g44446	100	0.0	1098	2841	536	537	536
ATTaz_0_1G50050	At1g56190	97.3	0.0	867	2240	467	479	478
ATTaz_0_1G50050	At3g12780	87.5	2.99e-288	783	2022	467	482	481
ATTaz_0_1G61390	At1g69740	99.8	5.47e-310	834	2155	430	431	430
ATTaz_0_1G37610	At1g31330	100	1.36e-157	431	1109	221	222	221
ATTaz_0_1G40400	At1g35250	97.1	2.75e-125	347	889	180	189	173
ATTaz_0_1G60020	At1g68260	99.5	5.07e-140	384	987	190	191	190
ATTaz_0_1G60020	At1g68280	81.3	8.27e-110	308	789	190	193	192
ATTaz_0_1G53950	At1g61680	98.2	0.0	1108	2865	569	570	569
ATTaz_0_1G59060	At1g67280	98.3	9.64e-262	706	1821	353	351	353
ATTaz_0_1G59060	GRMZM2G076006_T02.CDS	84.9	1.80e-185	513	1320	353	348	284
ATTaz_0_1G59060	GRMZM2G076006_T03.CDS	80.4	2.93e-95	280	716	353	249	158
ATTaz_0_1G59060	GRMZM2G076006_T01.CDS	88.0	8.48e-55	171	433	353	94	92
ATTaz_0_1G17010	At1g08250	100	1.52e-296	799	2063	413	414	413
ATTaz_0_1G17010	At2g27820	84.4	2.77e-228	627	1616	413	425	391
ATTaz_0_1G41750	At1g43800	99.0	1.81e-286	771	1992	391	392	391
ATTaz_0_1G17260	At1g08490	98.7	0.0	899	2323	463	464	463
ATTaz_0_1G45400	GRMZM2G126361_T01.CDS	91.1	0.0	1075	2779	716	689	605
ATTaz_0_1G45400	GRMZM2G126361_T02.CDS	91.1	0.0	1075	2779	716	689	605
ATTaz_0_1G45400	GRMZM2G126361_T03.CDS	85.7	3.20e-152	443	1140	716	379	265
ATTaz_0_1G68650	At1g77490	99.5	4.66e-309	832	2148	426	427	426
ATTaz_0_1G37510	At1g31230	99.6	0.0	1763	4565	911	912	911
ATTaz_0_1G37510	At4g19710	81.0	0.0	1379	3570	911	917	849
ATTaz_0_1G28040	At1g19800	99.7	6.92e-252	681	1756	350	351	350
ATTaz_0_1G12340	At1g03475	100	1.51e-296	796	2057	386	387	386
ATTaz_0_1G51600	At1g58080	100	7.52e-296	797	2058	411	412	411
ATTaz_0_1G51600	At1g09795	83.1	1.89e-232	637	1642	411	414	391
ATTaz_0_1G12020	At1g03130	100	5.83e-146	400	1029	204	205	204
ATTaz_0_1G12020	At4g02770	93.3	7.76e-136	375	963	204	209	208
ATTaz_0_1G14420	At1g05610	98.3	0.0	923	2385	476	483	482
ATTaz_0_1G36440	At1g30120	99.5	3.74e-298	802	2072	406	407	406
ATTaz_0_1G36440	At2g34590	91.7	1.37e-268	728	1878	406	407	411
ATTaz_0_1G38040	At1g31860	99.3	8.54e-200	543	1399	281	282	281
ATTaz_0_1G63380	AT1G71920	100	3.27e-309	831	2147	417	418	417
ATTaz_0_1G63380	At1g71920	100	3.27e-309	831	2147	417	418	417
ATTaz_0_1G63380	AT5G10330	100	3.27e-309	831	2147	417	418	417
ATTaz_0_1G63380	At5g10330	100	3.27e-309	831	2147	417	418	417
ATTaz_0_1G47090	At1g52230	100	1.83e-102	286	731	145	146	145
ATTaz_0_1G47090	At3g16140	91.7	1.82e-93	263	672	145	146	145
ATTaz_0_1G44190	At1g48860	99.8	0.0	1004	2596	521	522	521
ATTaz_0_1G44190	At2g45300	91.7	0.0	889	2298	521	521	505
ATTaz_0_1G44190	At1g48850	86.4	1.06e-11	62.8	151	521	437	44
ATTaz_0_1G22720	At1g14150	98.9	1.34e-135	373	958	190	191	190
ATTaz_0_1G26300	A0A7G2DUG9	98.5	0.0	955	2469	573	963	521
ATTaz_0_2G44350	At2g45440	99.7	5.48e-277	745	1924	365	366	365
ATTaz_0_2G44350	At3g60880	87.4	2.77e-245	665	1716	365	366	365
ATTaz_0_2G16180	At2g15620	99.8	0.0	1162	3006	586	587	586
ATTaz_0_2G11430	At2g02500	94.2	5.12e-202	551	1419	309	303	309
ATTaz_0_2G40550	At2g41680	100	0.0	984	2545	529	530	529
ATTaz_0_2G29310	At2g30200	99.7	4.61e-249	676	1744	367	394	367
ATTaz_0_2G36570	At2g37690	99.7	0.0	1251	3238	642	643	642
ATTaz_0_2G22600	At2g22890	100	5.25e-218	589	1518	279	280	279
ATTaz_0_2G42990	At2g44050	97.7	3.91e-135	399	1024	883	228	217
ATTaz_0_2G30240	At2g31170	99.8	0.0	1119	2895	563	564	563
ATTaz_0_2G18770	GRMZM5G809546_T01.CDS	82.9	6.54e-278	763	1971	551	554	479
ATTaz_0_2G34000	At2g35040	99.7	0.0	1174	3037	596	597	596
ATTaz_0_2G42640	At2g43750	99.7	2.15e-274	741	1913	392	393	392
ATTaz_0_2G42640	GRMZM2G082185_T01.CDS	81.4	1.09e-192	535	1377	392	399	333
ATTaz_0_2G42980	At2g44040	97.7	9.32e-244	660	1702	347	348	347
ATTaz_0_2G42980	At3g59890	84.0	2.48e-205	563	1450	347	350	350
ATTaz_0_2G22020	At2g22250	99.8	0.0	902	2330	475	476	475
ATTaz_0_2G22020	AT2G22250	99.8	0.0	902	2330	475	476	475
ATTaz_0_2G42030	At2g43090	100	7.23e-177	483	1242	251	252	251
ATTaz_0_2G13570	At2g05710	99.4	0.0	1949	5048	987	991	990
ATTaz_0_2G13570	GRMZM2G020801_T01.CDS	88.7	0.0	1443	3736	987	798	793
ATTaz_0_2G44230	At2g45300	99.6	0.0	1001	2587	520	521	520
ATTaz_0_2G44230	At1g48860	96.2	0.0	885	2288	520	522	473
ATTaz_0_2G22220	At2g22480	100	0.0	1081	2796	537	538	537
ATTaz_0_2G20580	At2g20690	98.1	1.91e-190	518	1335	267	272	266
ATTaz_0_2G38310	At2g39470	99.6	7.60e-177	481	1239	238	239	238
ATTaz_0_2G42040	At2g43100	99.6	2.33e-180	492	1266	256	257	256
ATTaz_0_2G21240	At2g21330	99.2	4.80e-286	771	1991	399	400	399
ATTaz_0_2G21240	At4g38970	89.9	2.78e-255	693	1789	399	399	397
ATTaz_0_2G17380	At2g17265	99.2	1.55e-249	676	1745	370	371	370
ATTaz_0_2G21080	At2g21170	100	3.06e-226	613	1580	315	316	315
ATTaz_0_2G16740	At2g16570	99.1	0.0	1105	2858	566	567	566
ATTaz_0_2G16740	At4g34740	84.4	0.0	909	2348	566	562	571
ATTaz_0_2G40960	At2g42070	99.6	3.13e-206	559	1441	280	281	280
ATTaz_0_2G10170	At2g01140	100	8.58e-285	767	1981	391	392	391
ATTaz_0_2G10170	At2g21330	80.1	1.82e-205	567	1461	391	400	351
ATTaz_0_2G19890	At2g19940	99.3	5.26e-293	789	2037	401	401	401
ATTaz_0_2G15630	At2g14750	100	6.30e-204	553	1425	276	277	276
ATTaz_0_2G25970	At2g26670	100	6.78e-202	548	1413	282	283	282
ATTaz_0_2G25970	At1g69720	85.2	3.67e-140	392	1008	282	286	230
ATTaz_0_2G33570	At2g34590	100	7.23e-296	796	2057	406	407	406
ATTaz_0_2G33570	At1g30120	91.7	1.60e-267	725	1871	406	407	411
ATTaz_0_2G22000	At2g22230	100	1.65e-153	421	1082	220	221	220
ATTaz_0_2G22000	At5g10160	80.0	5.37e-106	301	770	220	220	195
ATTaz_0_2G45700	At2g46820	98.3	2.35e-113	316	809	177	175	177
ATTaz_0_2G28040	GRMZM2G110063_T02.CDS	84.6	8.94e-144	409	1052	462	298	240
ATTaz_0_2G30430	At1g06130	83.6	1.71e-204	559	1440	324	332	329
ATTaz_0_2G18970	At2g18950	99.7	2.18e-268	726	1873	386	394	381
ATTaz_0_2G44090	At2g45150	99.2	6.46e-285	769	1986	391	431	391
ATTaz_0_2G25220	At2g25840	98.8	1.70e-296	798	2062	408	413	412
ATTaz_0_2G44220	At2g45290	99.7	0.0	1473	3813	741	742	741
ATTaz_0_2G44220	At3g60750	88.5	0.0	1323	3425	741	742	741
ATTaz_0_2G46580	At2g47730	98.9	3.68e-178	487	1253	262	264	263
ATTaz_0_2G38120	At2g39290	100	2.78e-192	525	1353	296	297	296
ATTaz_0_2G17740	At2g17630	99.3	9.36e-307	825	2132	422	423	422
ATTaz_0_2G17740	At4g35630	85.4	2.71e-269	731	1887	422	431	432
ATTaz_0_2G26210	At2g26930	100	4.04e-279	752	1942	383	384	383
ATTaz_0_2G28800	At2g29630	99.8	0.0	1319	3414	644	645	644
ATTaz_0_2G27090	At2g27820	99.5	3.75e-298	804	2076	424	425	424
ATTaz_0_2G27090	At1g08250	85.3	3.66e-224	616	1589	424	414	388
ATTaz_0_2G29660	At2g30570	100	4.47e-86	243	621	133	134	133
ATTaz_0_2G13910	At2g06520	100	2.76e-72	207	527	116	117	116
ATTaz_0_2G36920	At2g38040	99.9	0.0	1309	3388	769	770	769
ATTaz_0_2G25850	At2g26540	100	2.27e-215	586	1510	321	322	321
ATTaz_0_2G37940	At2g39080	93.2	1.08e-249	676	1744	370	352	370
ATTaz_0_2G29860	At1g06680	85.6	5.67e-162	446	1147	264	264	264
ATTaz_0_2G27430	At2g28190	92.6	2.59e-139	385	988	216	217	216
ATTaz_0_2G39400	At2g40490	100	1.27e-283	764	1974	394	395	394
ATTaz_0_2G20160	At2g20260	97.2	1.42e-81	233	594	145	146	145
ATTaz_0_2G42610	At2g43710	99.5	1.85e-300	808	2086	401	402	401
ATTaz_0_2G42610	At3g02630	80.5	9.32e-217	596	1536	401	397	354
ATTaz_0_2G42610	At5g16240	80.5	1.29e-211	583	1502	401	395	349
ATTaz_0_2G34350	At2g35390	100	4.31e-291	784	2025	403	404	403
ATTaz_0_2G34350	At1g32380	86.8	7.89e-252	685	1767	403	401	403
ATTaz_0_2G40130	At2g41220	99.9	0.0	3206	8312	1629	1630	1629
ATTaz_0_2G28860	At2g29690	99.8	0.0	1233	3191	621	622	621
ATTaz_0_2G43470	At2g44530	99.7	3.39e-288	776	2004	394	395	394
ATTaz_0_2G43470	At1g32380	81.7	3.17e-207	572	1473	394	401	350
ATTaz_0_2G39160	At2g40300	99.2	2.31e-177	484	1247	259	260	259
ATTaz_0_2G24480	At2g25080	99.6	4.73e-170	464	1194	236	237	236
ATTaz_0_2G28120	At2g28880	99.5	0.0	1840	4767	917	920	917
ATTaz_0_2G30010	GRMZM2G087598_T02.CDS	86.6	0.0	1064	2751	695	678	641
ATTaz_0_2G30010	GRMZM2G087598_T01.CDS	86.6	0.0	1064	2751	695	678	641
ATTaz_0_2G30010	GRMZM2G110408_T01.CDS	86.6	0.0	1063	2748	695	678	641
ATTaz_0_2G30010	GRMZM2G110408_T02.CDS	86.6	0.0	1063	2748	695	678	641
ATTaz_0_2G30010	GRMZM2G110408_T03.CDS	86.6	0.0	1063	2748	695	678	641
ATTaz_0_2G30010	GRMZM2G087598_T03.CDS	85.2	4.67e-09	48.9	115	695	47	27
ATTaz_0_3G30840	At3g21500	97.6	0.0	1286	3329	665	678	665
ATTaz_0_3G10530	At3g01440	100	1.60e-160	439	1128	220	221	220
ATTaz_0_3G23680	At3g14440	99.3	0.0	1197	3098	599	600	599
ATTaz_0_3G28780	At3g19480	100	0.0	1061	2744	588	589	588
ATTaz_0_3G28780	At4g34200	81.0	6.31e-312	853	2204	588	604	543
ATTaz_0_3G52090	At3g56700	86.6	0.0	921	2380	518	549	561
ATTaz_0_3G52970	At3g57610	100	0.0	975	2521	490	491	490
ATTaz_0_3G10130	At3g01120	100	0.0	1004	2596	563	564	563
ATTaz_0_3G17060	At3g07630	99.5	4.32e-273	737	1902	381	382	381
ATTaz_0_3G43150	At3g47450	98.0	0.0	1077	2786	561	562	561
ATTaz_0_3G27100	At3g17810	98.8	9.41e-309	831	2146	426	427	426
ATTaz_0_3G25530	At3g16250	99.5	3.97e-153	419	1076	204	205	204
ATTaz_0_3G43220	At3g47520	99.8	2.24e-277	749	1935	403	404	403
ATTaz_0_3G46510	At3g50920	98.9	1.14e-187	512	1319	279	280	279
ATTaz_0_3G20080	At3g11050	97.2	2.32e-174	476	1226	253	254	253
ATTaz_0_3G57190	At3g62030	100	3.18e-188	514	1324	260	314	260
ATTaz_0_3G50510	At3g55010	99.2	2.52e-276	746	1925	389	390	389
ATTaz_0_3G34760	At3g25780	99.6	3.60e-185	504	1298	258	259	258
ATTaz_0_3G33090	At3g23940	100	0.0	1207	3122	608	609	608
ATTaz_0_3G10570	At3g01480	98.9	1.03e-313	844	2181	437	438	437
ATTaz_0_3G55560	At3g60370	91.0	5.78e-149	412	1059	234	272	244
ATTaz_0_3G23770	At3g14550	98.9	1.06e-251	681	1757	360	361	360
ATTaz_0_3G23770	At3g14530	94.4	6.41e-237	644	1660	360	361	360
ATTaz_0_3G23770	At3g29430	87.8	2.11e-216	592	1525	360	358	360
ATTaz_0_3G23770	At3g32040	85.3	2.61e-213	584	1505	360	361	360
ATTaz_0_3G23770	At3g14510	93.1	2.06e-180	498	1281	360	285	277
ATTaz_0_3G41330	At3g45140	99.3	0.0	1808	4682	896	897	896
ATTaz_0_3G35880	At3g26840	97.6	0.0	1353	3502	701	702	701
ATTaz_0_3G32100	At3g22890	99.8	0.0	936	2419	463	464	463
ATTaz_0_3G32100	At4g14680	87.1	3.96e-269	736	1899	463	511	428
ATTaz_0_3G31680	At3g22425	97.8	1.57e-183	501	1290	271	271	271
ATTaz_0_3G31680	At4g14910	81.5	4.62e-141	395	1015	271	309	260
ATTaz_0_3G35680	At3g26650	100	9.32e-287	773	1995	396	397	396
ATTaz_0_3G35680	At1g12900	90.0	4.02e-260	707	1825	396	442	400
ATTaz_0_3G35680	At1g42970	80.5	6.64e-195	542	1397	396	448	344
ATTaz_0_3G41110	At3g44880	97.8	0.0	1092	2824	537	538	537
ATTaz_0_3G46400	At3g50820	99.7	2.76e-237	642	1656	331	332	331
ATTaz_0_3G46400	At5g66570	90.7	8.81e-216	588	1515	331	333	332
ATTaz_0_3G43760	At3g48110	99.8	0.0	2076	5380	1067	1068	1067
ATTaz_0_3G29640	At3g20320	99.7	1.76e-272	735	1898	381	382	381
ATTaz_0_3G34160	At3g25110	99.4	1.01e-266	719	1856	362	363	362
ATTaz_0_3G20180	At3g11170	99.8	0.0	943	2437	446	447	446
ATTaz_0_3G20180	At5g05580	80.3	2.78e-274	745	1923	446	436	446
ATTaz_0_3G11770	At3g02660	99.8	0.0	993	2566	511	512	511
ATTaz_0_3G33070	At3g23920	100	0.0	1184	3063	575	576	575
ATTaz_0_3G10590	At3g01500	100	3.63e-241	653	1685	347	348	347
ATTaz_0_3G51340	At3g55870	87.2	0.0	999	2582	569	592	603
ATTaz_0_3G11890	At5g16440	81.4	4.15e-169	466	1199	284	292	291
ATTaz_0_3G48650	At3g53130	99.4	0.0	1041	2691	539	540	539
ATTaz_0_3G29870	At3g20540	98.4	0.0	2026	5249	1034	1050	1049
ATTaz_0_3G23740	At3g14530	90.8	1.26e-227	620	1599	360	361	360
ATTaz_0_3G23740	At3g14550	87.8	1.42e-217	595	1533	360	361	360
ATTaz_0_3G23740	At3g29430	87.8	4.94e-215	588	1516	360	358	360
ATTaz_0_3G23740	At3g32040	85.6	1.24e-211	580	1494	360	361	360
ATTaz_0_3G23740	At3g14510	97.1	5.02e-188	517	1331	360	285	277
ATTaz_0_3G38320	At3g29430	99.7	1.19e-251	681	1756	357	358	357
ATTaz_0_3G38320	At3g32040	91.1	1.30e-226	617	1592	357	361	360
ATTaz_0_3G38320	At3g14550	87.5	2.43e-215	589	1518	357	361	360
ATTaz_0_3G38320	At3g14530	86.9	3.83e-212	581	1497	357	361	360
ATTaz_0_3G38320	At3g14510	91.3	1.17e-176	488	1256	357	285	277
ATTaz_0_3G55900	At3g60750	100	0.0	1471	3807	741	742	741
ATTaz_0_3G55900	At2g45290	88.8	0.0	1321	3418	741	742	741
ATTaz_0_3G11730	At3g02630	99.7	6.95e-298	801	2068	396	397	396
ATTaz_0_3G11730	At5g16240	85.2	7.91e-251	682	1759	396	395	399
ATTaz_0_3G50150	At3g54660	99.8	0.0	1111	2874	565	566	565
ATTaz_0_3G23240	At3g14050	99.6	0.0	1397	3615	709	710	709
ATTaz_0_3G20980	At3g11980	100	0.0	1217	3149	616	617	616
ATTaz_0_3G34750	At3g25770	100	4.54e-181	493	1270	253	254	253
ATTaz_0_3G34750	At3g25760	89.0	1.03e-159	439	1130	253	255	254
ATTaz_0_3G12720	At3g03630	99.7	2.55e-248	675	1742	382	405	376
ATTaz_0_3G55800	At3g60620	100	9.04e-291	783	2022	399	400	399
ATTaz_0_3G20940	AT3G11945	93.9	5.11e-251	682	1759	386	394	393
ATTaz_0_3G26230	GRMZM2G145595_T01.CDS	83.0	6.19e-315	858	2217	566	563	529
ATTaz_0_3G26230	GRMZM2G152958_T01.CDS	81.5	1.46e-309	845	2182	566	566	531
ATTaz_0_3G26230	GRMZM2G073774_T01.CDS	81.5	1.46e-309	845	2182	566	566	531
ATTaz_0_3G26230	GRMZM2G152958_T02.CDS	80.8	1.98e-284	780	2013	566	530	494
ATTaz_0_3G26230	GRMZM2G145595_T02.CDS	87.7	2.29e-170	480	1236	566	281	268
ATTaz_0_3G45320	At3g49680	99.5	1.36e-299	806	2083	413	414	413
ATTaz_0_3G50130	At3g54640	99.7	2.90e-218	592	1527	312	313	312
ATTaz_0_3G34840	At3g25860	99.8	5.48e-301	816	2107	480	481	480
ATTaz_0_3G51280	At3g55800	99.5	2.88e-284	766	1978	393	394	393
ATTaz_0_3G52920	At3g57560	100	1.96e-245	664	1713	347	348	347
ATTaz_0_3G52330	At3g56940	100	2.40e-291	785	2028	409	410	409
ATTaz_0_3G54110	At3g58830	98.0	1.12e-241	654	1688	343	349	343
ATTaz_0_3G53890	At3g58610	100	0.0	1136	2939	591	592	591
ATTaz_0_3G53890	GRMZM2G004382_T02.CDS	90.4	0.0	922	2384	591	580	512
ATTaz_0_3G53890	GRMZM2G004382_T01.CDS	88.6	1.56e-257	710	1833	591	475	403
ATTaz_0_3G13950	At3g04790	100	8.48e-193	525	1352	276	277	276
ATTaz_0_3G54250	At3g58990	100	5.53e-182	496	1276	253	254	253
ATTaz_0_3G38100	At3g29200	100	6.87e-247	667	1721	340	341	340
ATTaz_0_3G48480	At3g52960	99.6	1.83e-157	432	1111	234	235	234
ATTaz_0_3G11110	At3g02020	100	0.0	1074	2778	559	560	559
ATTaz_0_3G11110	At5g14060	83.0	3.09e-318	865	2236	559	545	542
ATTaz_0_3G24130	At3g14930	99.5	3.85e-313	841	2173	418	419	418
ATTaz_0_3G44370	At5g63570	90.1	9.82e-312	842	2176	472	475	474
ATTaz_0_3G49580	At3g54050	100	1.20e-295	797	2058	417	418	417
ATTaz_0_3G58480	At3g63410	100	9.90e-257	692	1785	338	338	338
ATTaz_0_3G58480	AT3G63410	100	1.03e-256	692	1785	338	339	338
ATTaz_0_3G49140	At3g53580	100	5.43e-271	730	1884	362	363	362
ATTaz_0_3G10200	At3g01180	99.6	0.0	1555	4027	792	793	792
ATTaz_0_3G30420	At3g21110	99.8	1.88e-305	821	2121	411	412	411
ATTaz_0_3G55090	At3g59890	98.6	8.71e-250	675	1742	349	350	349
ATTaz_0_3G55090	At2g44040	84.6	2.61e-207	568	1463	349	348	350
ATTaz_0_3G25120	At3g15850	100	6.79e-290	778	2010	371	372	371
ATTaz_0_3G44060	Potri.015G088500	84.2	3.08e-161	449	1155	319	329	279
ATTaz_0_3G44210	At3g48560	100	0.0	1258	3256	670	671	670
ATTaz_0_3G52650	At3g57280	100	4.38e-161	441	1133	226	227	226
ATTaz_0_3G21760	At3g12780	100	0.0	900	2325	481	482	481
ATTaz_0_3G21760	At1g56190	90.2	1.07e-300	815	2105	481	479	481
ATTaz_0_3G50880	At3g55400	99.7	0.0	1234	3194	616	617	616
ATTaz_0_3G25410	At3g16140	99.3	8.73e-101	281	720	145	146	145
ATTaz_0_3G25410	At1g52230	91.0	2.13e-92	260	665	145	146	145
ATTaz_0_3G11720	At3g02620	98.3	2.38e-290	782	2020	399	407	406
ATTaz_0_3G11720	At3g02610	90.0	4.50e-267	724	1868	399	414	411
ATTaz_0_3G23620	At3g14390	100	0.0	963	2489	484	485	484
ATTaz_0_3G23620	At5g11880	94.3	0.0	898	2321	484	490	493
ATTaz_0_3G51470	At3g56040	99.8	0.0	1775	4598	883	884	883
ATTaz_0_3G30370	At3g21055	100	6.61e-64	186	473	103	144	103
ATTaz_0_3G47370	At3g51820	97.6	1.23e-271	735	1898	424	388	376
ATTaz_0_3G44500	GRMZM2G123922_T01.CDS	86.1	0.0	1414	3661	952	922	866
ATTaz_0_3G44500	GRMZM2G009443_T01.CDS	88.3	0.0	1411	3652	952	922	837
ATTaz_0_3G44500	GRMZM2G001084_T01.CDS	81.1	0.0	1102	2850	952	897	725
ATTaz_0_3G50540	At3g55040	99.7	6.79e-207	562	1448	292	293	292
ATTaz_0_3G36810	At3g27740	92.5	1.08e-316	853	2203	465	431	465
ATTaz_0_3G18100	At3g09150	99.7	8.00e-245	661	1705	329	330	329
ATTaz_0_3G27970	At3g18680	90.9	7.75e-224	610	1573	339	373	372
ATTaz_0_3G19000	At3g10050	92.0	0.0	1056	2730	591	593	598
ATTaz_0_3G11710	At3g02610	98.5	1.12e-298	804	2077	413	414	413
ATTaz_0_3G11710	At3g02620	92.9	2.26e-278	753	1943	413	407	411
ATTaz_0_3G11710	At5g16230	81.4	5.31e-239	653	1684	413	402	413
ATTaz_0_3G34740	At3g25760	98.4	1.41e-180	492	1267	254	255	254
ATTaz_0_3G34740	At3g25770	89.0	1.46e-159	439	1129	254	254	254
ATTaz_0_3G15650	At3g06350	99.8	0.0	1171	3030	603	604	603
ATTaz_0_3G32170	At3g22960	99.8	0.0	1118	2893	596	597	596
ATTaz_0_4G24720	At4g17300	100	0.0	1128	2917	567	588	567
ATTaz_0_4G18640	At4g11570	99.7	5.45e-272	733	1893	373	374	373
ATTaz_0_4G43860	At4g36810	100	7.79e-255	690	1780	371	372	371
ATTaz_0_4G43860	At2g18620	82.6	5.31e-173	482	1240	371	348	298
ATTaz_0_4G37650	At4g30580	100	1.73e-226	630	1626	686	357	318
ATTaz_0_4G40800	At4g33680	100	0.0	927	2395	461	462	461
ATTaz_0_4G29240	At4g21990	99.8	0.0	894	2309	458	459	458
ATTaz_0_4G29240	At4g04610	83.0	4.74e-281	764	1972	458	466	466
ATTaz_0_4G30310	At4g23100	99.8	0.0	1054	2726	533	523	522
ATTaz_0_4G11980	At4g01690	100	0.0	1061	2745	537	538	537
ATTaz_0_4G26590	At4g19170	99.2	0.0	1175	3040	595	596	595
ATTaz_0_4G19740	At4g12800	100	9.95e-153	421	1083	219	282	219
ATTaz_0_4G34520	At4g27440	99.8	4.41e-283	764	1972	401	402	401
ATTaz_0_4G34520	At5g54190	86.9	6.27e-245	667	1722	401	406	405
ATTaz_0_4G21790	At4g14680	98.4	4.76e-310	839	2168	465	511	428
ATTaz_0_4G21790	At3g22890	87.6	3.07e-299	810	2092	465	464	466
ATTaz_0_4G10870	At4g00600	98.8	7.14e-52	162	409	114	311	86
ATTaz_0_4G36940	At4g29840	100	0.0	1066	2756	526	527	526
ATTaz_0_4G36940	At1g72810	81.8	1.35e-301	821	2120	526	517	500
ATTaz_0_4G41520	At4g34350	99.8	0.0	937	2421	466	467	466
ATTaz_0_4G13180	At4g02770	100	1.17e-147	405	1041	208	209	208
ATTaz_0_4G13180	At1g03130	93.3	6.50e-135	373	957	208	205	208
ATTaz_0_4G36990	At4g29890	99.1	0.0	864	2233	422	423	422
ATTaz_0_4G22820	At4g15560	91.9	1.36e-09	54.7	130	287	718	37
ATTaz_0_4G27950	At4g20960	99.8	7.72e-308	828	2140	426	427	426
ATTaz_0_4G34150	At4g27030	100	8.28e-219	595	1533	323	324	323
ATTaz_0_4G43460	At4g36390	99.7	0.0	1251	3238	640	641	640
ATTaz_0_4G34020	At4g26900	100	0.0	1149	2971	592	593	592
ATTaz_0_4G41920	At4g34740	100	0.0	1095	2831	561	562	561
ATTaz_0_4G41920	At2g16570	84.4	0.0	910	2353	561	567	571
ATTaz_0_4G10740	At4g00490	99.8	0.0	1130	2922	542	543	542
ATTaz_0_4G46960	At4g39980	99.8	0.0	1035	2675	525	526	525
ATTaz_0_4G13190	At4g02780	99.8	0.0	1608	4164	802	803	802
ATTaz_0_4G25740	At4g18350	99.1	0.0	1160	3001	583	584	583
ATTaz_0_4G40610	At4g33510	100	0.0	1012	2616	507	508	507
ATTaz_0_4G40610	At1g22410	85.0	3.40e-288	786	2031	507	528	448
ATTaz_0_4G39600	At4g32520	100	0.0	1050	2714	529	530	529
ATTaz_0_4G27040	At4g19710	99.8	0.0	1799	4660	916	917	916
ATTaz_0_4G27040	At1g31230	80.9	0.0	1383	3579	916	912	849
ATTaz_0_4G41350	At4g34200	100	0.0	1120	2897	603	604	603
ATTaz_0_4G41350	At3g19480	81.0	1.51e-310	850	2195	603	589	543
ATTaz_0_4G25900	At4g18480	99.8	2.36e-301	812	2097	424	425	424
ATTaz_0_4G25900	At5g45930	83.0	5.31e-246	672	1733	424	419	424
ATTaz_0_4G25900	GRMZM2G419806_T01.CDS	82.2	3.72e-212	586	1511	424	423	370
ATTaz_0_4G25900	GRMZM2G419806_T02.CDS	82.2	7.94e-212	586	1511	424	444	370
ATTaz_0_4G25900	GRMZM2G419806_T03.CDS	82.2	1.41e-211	586	1511	424	460	370
ATTaz_0_4G21210	At4g14210	100	0.0	1135	2937	566	567	566
ATTaz_0_4G20340	At4g13430	99.8	0.0	1023	2646	509	510	509
ATTaz_0_4G20340	GRMZM2G370852_T01.CDS	83.9	5.94e-298	810	2093	509	506	454
ATTaz_0_4G20340	GRMZM2G370852_T03.CDS	83.7	2.41e-297	809	2089	509	506	454
ATTaz_0_4G20340	GRMZM2G010044_T02.CDS	83.0	5.61e-293	798	2060	509	503	454
ATTaz_0_4G20340	GRMZM2G010044_T03.CDS	83.0	6.04e-293	798	2060	509	505	454
ATTaz_0_4G20340	GRMZM2G010044_T01.CDS	83.0	6.27e-293	798	2060	509	506	454
ATTaz_0_4G25850	At4g18440	99.6	0.0	1045	2701	536	537	536
ATTaz_0_4G25850	At1g36280	87.7	0.0	899	2323	536	528	536
ATTaz_0_4G39900	At4g32810	99.1	0.0	1170	3026	570	571	570
ATTaz_0_4G39900	AT4G32810	94.8	0.0	1155	2989	570	597	596
ATTaz_0_4G31700	At4g24620	100	0.0	1215	3144	613	614	613
ATTaz_0_4G44710	At4g37670	100	0.0	1221	3160	613	614	613
ATTaz_0_4G46680	At4g39710	99.1	1.12e-154	424	1089	217	218	217
ATTaz_0_4G14890	At4g04610	100	0.0	917	2371	465	466	465
ATTaz_0_4G14890	At4g21990	83.0	5.04e-283	769	1985	465	459	466
ATTaz_0_4G19000	At4g11980	97.4	4.19e-210	571	1472	302	310	304
ATTaz_0_4G38050	At4g30950	100	0.0	935	2416	448	449	448
ATTaz_0_4G32780	At4g25700	98.1	7.50e-223	604	1557	313	311	313
ATTaz_0_4G28460	At4g21280	99.6	3.36e-141	390	1002	223	225	224
ATTaz_0_4G31920	At4g24830	100	0.0	961	2484	494	495	494
ATTaz_0_4G22880	At4g15560	100	0.0	1419	3672	717	718	717
ATTaz_0_4G38910	At4g31870	99.6	2.17e-169	462	1189	233	234	233
ATTaz_0_4G38000	At4g30910	96.2	0.0	1090	2818	581	605	604
ATTaz_0_4G38000	At4g30920	91.1	0.0	1005	2599	581	584	582
ATTaz_0_4G34190	At4g27070	99.8	0.0	930	2403	475	476	475
ATTaz_0_4G34190	At5g54810	90.2	5.50e-311	840	2171	475	471	478
ATTaz_0_4G25620	At4g18240	99.9	0.0	1755	4545	1040	1041	1040
ATTaz_0_4G38010	At4g30920	99.5	0.0	1080	2792	596	584	571
ATTaz_0_4G38010	At4g30910	87.0	0.0	964	2492	596	605	594
ATTaz_0_4G29500	At4g22260	99.7	1.93e-238	647	1668	351	352	351
ATTaz_0_4G40130	At4g33030	99.8	0.0	951	2458	476	478	477
ATTaz_0_4G14310	At4g05180	100	6.39e-156	428	1100	230	231	230
ATTaz_0_4G31020	At4g23900	99.6	1.47e-169	463	1191	237	238	237
ATTaz_0_4G31020	At4g11010	87.4	2.44e-150	414	1065	237	239	238
ATTaz_0_4G13720	At4g03280	99.6	3.76e-168	459	1180	229	230	229
ATTaz_0_4G44960	At4g37925	100	6.76e-156	427	1097	217	218	217
ATTaz_0_4G13650	At1g03475	84.7	8.93e-224	611	1576	356	387	360
ATTaz_0_4G16120	At4g08390	100	1.47e-239	652	1682	390	373	368
ATTaz_0_4G45970	At4g38970	100	6.58e-288	776	2003	398	399	398
ATTaz_0_4G45970	At2g21330	89.7	5.86e-257	697	1800	398	400	398
ATTaz_0_4G23500	GRMZM2G145595_T01.CDS	80.3	1.66e-303	829	2142	567	563	529
ATTaz_0_4G23500	GRMZM2G145595_T02.CDS	86.3	7.79e-169	476	1226	567	281	271
ATTaz_0_4G39860	At4g32770	99.8	0.0	1024	2648	488	489	488
ATTaz_0_4G22090	At4g14910	100	7.79e-191	521	1342	272	309	263
ATTaz_0_4G22090	At3g22425	82.2	3.59e-148	412	1058	272	271	269
ATTaz_0_4G39050	AT4G31990	100	0.0	919	2375	462	463	462
ATTaz_0_4G39050	At4g31990	100	0.0	896	2315	462	454	451
ATTaz_0_4G42750	At4g35630	99.8	1.25e-315	848	2192	430	431	430
ATTaz_0_4G42750	At2g17630	85.4	1.18e-270	734	1896	430	423	432
ATTaz_0_4G35950	At4g28750	98.6	4.86e-72	209	531	143	144	143
ATTaz_0_4G45870	At4g38880	99.2	0.0	1028	2658	532	533	532
ATTaz_0_4G32140	At4g25080	99.7	7.24e-204	556	1434	312	327	292
ATTaz_0_4G45490	At4g38460	100	1.13e-238	645	1664	326	327	326
ATTaz_0_5G24080	At5g16230	99.5	3.44e-296	797	2058	401	402	401
ATTaz_0_5G24080	At3g02610	83.3	1.70e-244	667	1720	401	414	413
ATTaz_0_5G26910	At5g19220	99.6	0.0	1012	2617	521	523	522
ATTaz_0_5G59840	At5g61410	100	1.72e-199	542	1397	281	282	281
ATTaz_0_5G47220	At5g48300	100	0.0	1010	2611	520	521	520
ATTaz_0_5G24970	At5g17230	99.8	1.39e-308	830	2144	422	423	422
ATTaz_0_5G24970	AT5G17230	96.3	2.25e-304	820	2118	422	438	437
ATTaz_0_5G42810	At5g43750	100	4.10e-159	434	1117	212	213	212
ATTaz_0_5G49070	At5g50210	99.7	0.0	1389	3594	718	719	718
ATTaz_0_5G24530	At5g16715	98.8	0.0	1924	4983	1262	975	977
ATTaz_0_5G24530	At5g16710	98.4	1.36e-175	515	1326	1262	259	257
ATTaz_0_5G29460	At5g22630	99.3	1.61e-304	820	2118	425	426	425
ATTaz_0_5G29460	At3g44720	80.1	9.39e-230	631	1627	425	425	422
ATTaz_0_5G13060	At5g04140	98.4	0.0	3171	8222	1622	1649	1648
ATTaz_0_5G13060	At2g41220	80.8	0.0	2627	6809	1622	1630	1613
ATTaz_0_5G51270	At5g52570	99.7	3.06e-188	516	1328	303	304	303
ATTaz_0_5G21010	At5g13120	99.6	4.73e-186	506	1304	259	260	259
ATTaz_0_5G52260	At5g53580	99.7	1.19e-271	732	1889	365	366	365
ATTaz_0_5G10600	At5g01600	100	2.94e-178	486	1252	255	256	255
ATTaz_0_5G43570	At5g44520	100	9.62e-193	566	1460	1426	327	296
ATTaz_0_5G35450	At5g35170	99.7	0.0	1088	2814	580	589	580
ATTaz_0_5G55540	AT5G57030	99.6	0.0	1041	2691	524	525	524
ATTaz_0_5G55540	At5g57030	99.6	0.0	1041	2691	524	524	524
ATTaz_0_5G64520	At5g66120	100	3.15e-320	861	2225	442	443	442
ATTaz_0_5G63230	At5g64860	99.1	0.0	1162	3005	574	577	576
ATTaz_0_5G56350	At5g57850	99.2	3.29e-273	736	1901	373	374	373
ATTaz_0_5G51190	At5g52520	99.6	0.0	1086	2808	543	544	543
ATTaz_0_5G37890	At5g38420	99.4	4.55e-134	369	946	181	182	181
ATTaz_0_5G37890	At5g38430	98.3	5.32e-133	366	939	181	182	181
ATTaz_0_5G37890	At5g38410	94.6	1.18e-128	355	911	181	187	186
ATTaz_0_5G37890	At1g67090	92.2	1.25e-124	345	884	181	181	179
ATTaz_0_5G44720	At5g45680	98.6	1.81e-151	415	1066	208	209	208
ATTaz_0_5G35560	At5g35360	99.8	0.0	1026	2654	537	556	522
ATTaz_0_5G23400	At5g15530	92.4	2.60e-143	399	1025	276	256	276
ATTaz_0_5G35920	At5g35790	99.7	0.0	1146	2964	576	577	576
ATTaz_0_5G35920	GRMZM2G177077_T01.CDS	83.7	4.89e-307	840	2170	576	599	486
ATTaz_0_5G35920	At5g13110	82.2	1.75e-304	833	2153	576	597	488
ATTaz_0_5G35920	At1g24280	81.0	5.52e-297	815	2104	576	600	485
ATTaz_0_5G50540	At5g51820	99.8	0.0	1233	3190	623	624	623
ATTaz_0_5G35770	At5g35630	100	0.0	883	2281	430	431	430
ATTaz_0_5G41750	At5g42650	100	0.0	1040	2688	518	519	518
ATTaz_0_5G64940	At5g66570	99.1	1.21e-236	640	1652	332	333	332
ATTaz_0_5G64940	At3g50820	90.7	3.08e-216	589	1518	332	332	332
ATTaz_0_5G52130	At5g53460	100.0	0.0	4358	11304	2208	2209	2208
ATTaz_0_5G64590	At5g66190	99.7	1.95e-263	711	1834	360	361	360
ATTaz_0_5G64590	Potri.005G112900	85.0	4.03e-227	619	1596	360	364	367
ATTaz_0_5G64590	Potri.007G057200	83.9	5.22e-223	608	1569	360	364	367
ATTaz_0_5G53420	At5g54810	100	0.0	925	2391	470	471	470
ATTaz_0_5G53420	At4g27070	90.2	3.29e-312	843	2179	470	476	478
ATTaz_0_5G22520	At5g14660	100	2.01e-194	529	1362	273	274	273
ATTaz_0_5G29350	At5g22510	99.8	0.0	1251	3238	617	618	617
ATTaz_0_5G19230	At5g10920	99.8	0.0	1013	2620	517	518	517
ATTaz_0_5G44970	At5g45930	98.8	9.55e-298	802	2072	418	419	418
ATTaz_0_5G44970	At4g18480	82.8	2.60e-246	672	1735	418	425	424
ATTaz_0_5G44970	GRMZM2G419806_T01.CDS	80.3	1.03e-212	587	1514	418	423	385
ATTaz_0_5G22620	At5g14760	99.8	0.0	1287	3331	651	652	651
ATTaz_0_5G20290	At5g12040	99.5	2.76e-263	711	1835	369	370	369
ATTaz_0_5G29590	At5g22800	99.4	0.0	1741	4510	976	1004	953
ATTaz_0_5G37900	At5g38430	98.3	2.64e-133	367	941	181	182	181
ATTaz_0_5G37900	At5g38420	97.2	6.22e-132	363	932	181	182	181
ATTaz_0_5G37900	At5g38410	94.6	8.32e-129	355	912	181	187	186
ATTaz_0_5G37900	At1g67090	92.7	3.08e-125	346	888	181	181	179
ATTaz_0_5G56390	At5g57890	100	2.28e-200	544	1401	273	274	273
ATTaz_0_5G56390	At1g25220	89.2	8.00e-182	498	1281	273	290	288
ATTaz_0_5G56390	At1g24909	94.6	1.48e-152	421	1082	273	223	221
ATTaz_0_5G56390	At1g24807	89.3	1.07e-148	412	1058	273	236	234
ATTaz_0_5G32620	At5g26030	98.9	0.0	901	2329	466	467	466
ATTaz_0_5G42840	At5g43780	98.7	0.0	933	2411	469	470	469
ATTaz_0_5G31080	At5g24300	99.8	0.0	1332	3448	652	653	652
ATTaz_0_5G14420	At1g07780	98.9	6.26e-199	540	1392	275	276	275
ATTaz_0_5G14420	At5g05590	98.5	1.80e-198	539	1389	275	276	275
ATTaz_0_5G14420	At1g29410	91.0	1.32e-126	356	914	275	245	200
ATTaz_0_5G49860	At5g51110	100	3.76e-159	435	1119	220	221	220
ATTaz_0_5G62630	At5g64300	99.8	0.0	1039	2686	543	544	543
ATTaz_0_5G24260	At5g16440	99.3	9.31e-209	566	1460	291	292	291
ATTaz_0_5G61140	At5g62790	94.2	0.0	916	2367	476	498	497
ATTaz_0_5G61890	At5g63570	99.8	0.0	930	2403	474	475	474
ATTaz_0_5G45320	At5g46290	96.7	0.0	922	2384	473	490	489
ATTaz_0_5G65470	At5g67030	99.3	0.0	1293	3347	667	668	667
ATTaz_0_5G21000	At5g13110	100	0.0	1176	3043	596	597	596
ATTaz_0_5G21000	At1g24280	88.1	0.0	988	2554	596	600	572
ATTaz_0_5G21000	GRMZM2G177077_T01.CDS	88.1	0.0	885	2286	596	599	488
ATTaz_0_5G21000	At5g35790	82.7	7.35e-304	832	2149	596	577	486
ATTaz_0_5G56830	At5g58330	100	0.0	889	2298	443	444	443
ATTaz_0_5G24090	At5g16240	99.7	6.65e-295	793	2048	394	395	394
ATTaz_0_5G24090	At3g02630	85.7	2.75e-251	683	1762	394	397	399
ATTaz_0_5G24090	At2g43710	80.2	1.80e-211	582	1501	394	402	349
ATTaz_0_5G29800	At5g23010	95.7	0.0	942	2435	506	535	506
ATTaz_0_5G35390	At5g35100	100	3.58e-185	506	1304	281	291	248
ATTaz_0_5G37880	At5g38410	97.3	1.05e-131	363	931	181	187	186
ATTaz_0_5G37880	At5g38430	96.7	1.03e-130	360	924	181	182	181
ATTaz_0_5G37880	At5g38420	96.7	2.08e-130	359	922	181	182	181
ATTaz_0_5G37880	At1g67090	91.6	2.95e-123	341	875	181	181	179
ATTaz_0_5G26340	At5g18660	99.8	2.27e-300	809	2089	417	418	417
ATTaz_0_5G52850	At5g54190	100	5.39e-286	771	1992	405	406	405
ATTaz_0_5G52850	At4g27440	87.2	1.56e-245	669	1726	405	402	405
ATTaz_0_5G64820	At5g66450	99.6	4.82e-161	446	1148	286	309	239
ATTaz_0_5G18010	At5g09650	100	6.69e-227	613	1581	300	301	300
ATTaz_0_5G13450	At5g04590	100	0.0	1281	3315	642	643	642
ATTaz_0_5G29450	At5g22620	94.9	0.0	912	2358	489	483	489
ATTaz_0_5G49670	GRMZM2G123922_T01.CDS	89.7	0.0	1485	3844	929	922	868
ATTaz_0_5G49670	GRMZM2G009443_T01.CDS	87.0	0.0	1461	3783	929	922	891
ATTaz_0_5G49670	GRMZM2G001084_T01.CDS	84.5	0.0	1147	2966	929	897	724
ATTaz_0_5G31200	At5g24400	99.1	3.90e-234	634	1634	325	326	325
ATTaz_0_5G10220	At5g01220	99.4	0.0	988	2555	509	511	510
ATTaz_0_5G62370	At5g64040	100	1.85e-94	268	685	171	182	142
ATTaz_0_5G18550	At5g10160	100	1.25e-152	419	1076	219	220	219
ATTaz_0_5G18550	At2g22230	80.0	3.24e-107	304	778	219	221	195
ATTaz_0_5G25720	At5g17990	97.7	1.30e-296	801	2070	441	445	444
ATTaz_0_5G56770	At5g58260	98.6	1.81e-156	427	1099	209	210	209
ATTaz_0_5G61670	At5g63310	100	3.22e-170	464	1194	231	232	231
ATTaz_0_5G51610	At5g52920	100	0.0	1118	2892	579	580	579
ATTaz_0_5G21290	At5g13420	100	7.51e-312	840	2169	438	439	438
ATTaz_0_5G47980	At5g49030	100	0.0	2196	5689	1093	1280	1093
ATTaz_0_5G21490	At5g13630	100	0.0	2704	7008	1381	1382	1381
ATTaz_0_5G60010	At5g61580	99.6	0.0	1049	2712	530	531	530
ATTaz_0_5G17020	At5g08280	100	4.88e-275	742	1915	382	383	382
ATTaz_0_5G21170	At5g13280	100	0.0	1091	2822	569	570	569
ATTaz_0_5G20130	At5g11880	99.8	0.0	972	2513	489	490	489
ATTaz_0_5G20130	At3g14390	94.1	0.0	899	2322	489	485	493
ATTaz_0_5G14410	At5g05580	99.8	0.0	932	2408	435	436	435
ATTaz_0_5G14410	At3g11170	80.3	6.38e-273	741	1914	435	447	446
ATTaz_0_5G28540	At5g20980	100	0.0	1585	4103	812	813	812
ATTaz_0_5G24220	At5g16390	98.9	2.22e-155	439	1129	484	281	273
ATTaz_0_5G33690	At5g27380	96.5	0.0	1018	2633	544	540	543
ATTaz_0_5G17510	At5g08740	99.0	0.0	981	2536	519	520	519
ATTaz_0_5G48850	At5g49970	100	0.0	1081	2796	530	531	530
ATTaz_0_5G13780	At5g04900	99.1	1.01e-243	670	1729	593	349	347
ATTaz_0_5G36570	At5g36790	100	2.03e-266	718	1854	362	363	362
ATTaz_0_5G36570	At5g36700	100	2.03e-266	718	1854	362	363	362
ATTaz_0_5G12500	At5g03555	100	0.0	1144	2959	599	600	599
ATTaz_0_5G23320	GRMZM2G162968_T01.CDS	84.1	0.0	1429	3698	968	975	897
ATTaz_0_5G23320	GRMZM2G130121_T01.CDS	81.8	0.0	969	2505	968	654	636
ATTaz_0_CG11420	AtCg01090	100	5.75e-116	322	825	169	173	169
ATTaz_0_CG10460	AtCg00350	100	0.0	1545	4001	750	751	750
ATTaz_0_CG10630	AtCg00430	100	4.59e-167	456	1172	225	226	225
ATTaz_0_CG10630	GRMZM2G448142_T03.CDS	83.7	9.22e-135	375	963	225	255	227
ATTaz_0_CG11590	AtCg00890	87.4	9.89e-208	575	1481	447	390	350
ATTaz_0_CG10510	AtCg00490	99.5	7.34e-147	414	1063	212	480	202
ATTaz_0_CG10510	GRMZM2G360821_T01.CDS	94.3	7.84e-145	409	1050	212	484	209
ATTaz_0_CG10510	GRMZM2G385635_T01.CDS	94.3	7.84e-145	409	1050	212	484	209
ATTaz_0_CG10510	GRMZM2G448344_T01.CDS	94.3	7.84e-145	409	1050	212	484	209
ATTaz_0_CG10510	GRMZM5G815453_T01.CDS	94.3	7.84e-145	409	1050	212	484	209
ATTaz_0_CG11080	AtCg00710	82.5	3.16e-32	104	259	103	74	63
ATTaz_0_CG10270	AtCg00150	100	6.46e-179	488	1255	249	250	249
ATTaz_0_CG10770	AtCg00500	100	7.67e-162	453	1165	233	489	233
ATTaz_0_CG10700	AtCg00680	100	0.0	1061	2744	508	509	508
ATTaz_0_CG10200	AtCg00120	100	0.0	946	2446	507	508	507
ATTaz_0_CG11470	AtCg00890	87.4	9.89e-208	575	1481	447	390	350
ATTaz_0_CG10380	AtCg00340	100	0.0	1533	3969	734	735	734
ATTaz_0_CG10560	AtCg00680	100	0.0	1061	2744	508	509	508
ATTaz_0_CG10410	AtCg00420	100	6.21e-123	338	868	158	159	158
ATTaz_0_CG10850	AtCg00680	100	0.0	1061	2744	508	509	508
ATTaz_0_CG10260	AtCg00120	100	0.0	946	2446	507	508	507
ATTaz_0_CG10650	AtCg00480	100	0.0	955	2469	498	499	498
ATTaz_0_CG10650	GRMZM2G385622_T01.CDS	91.0	0.0	877	2267	498	499	498
ATTaz_0_CG10650	GRMZM5G808402_T01.CDS	91.0	0.0	877	2267	498	499	498
ATTaz_0_CG10650	GRMZM2G448389_T01.CDS	90.8	0.0	876	2263	498	499	498
ATTaz_0_CG10650	GRMZM2G062854_T01.CDS	90.7	1.91e-265	724	1868	498	410	409
ATTaz_0_CG10650	GRMZM2G448142_T02.CDS	94.8	1.72e-245	675	1741	498	449	368
ATTaz_0_CG10650	GRMZM2G448142_T01.CDS	94.8	1.72e-245	675	1741	498	449	368
ATTaz_0_CG10760	AtCg00490	100	0.0	986	2550	486	480	479
ATTaz_0_CG10760	GRMZM2G360821_T01.CDS	92.5	0.0	931	2405	486	484	483
ATTaz_0_CG10760	GRMZM2G385635_T01.CDS	92.5	0.0	931	2405	486	484	483
ATTaz_0_CG10760	GRMZM2G448344_T01.CDS	92.5	0.0	931	2405	486	484	483
ATTaz_0_CG10760	GRMZM5G815453_T01.CDS	92.5	0.0	931	2405	486	484	483
ATTaz_0_CG10420	AtCg00430	100	4.59e-167	456	1172	225	226	225
ATTaz_0_CG10420	GRMZM2G448142_T03.CDS	83.7	9.22e-135	375	963	225	255	227
ATTaz_0_CG10130	AtCg00150	100	6.46e-179	488	1255	249	250	249
ATTaz_0_CG10500	AtCg00480	100	0.0	955	2469	498	499	498
ATTaz_0_CG10500	GRMZM2G385622_T01.CDS	91.0	0.0	877	2267	498	499	498
ATTaz_0_CG10500	GRMZM5G808402_T01.CDS	91.0	0.0	877	2267	498	499	498
ATTaz_0_CG10500	GRMZM2G448389_T01.CDS	90.8	0.0	876	2263	498	499	498
ATTaz_0_CG10500	GRMZM2G062854_T01.CDS	90.7	1.91e-265	724	1868	498	410	409
ATTaz_0_CG10500	GRMZM2G448142_T02.CDS	94.8	1.72e-245	675	1741	498	449	368
ATTaz_0_CG10500	GRMZM2G448142_T01.CDS	94.8	1.72e-245	675	1741	498	449	368
ATTaz_0_CG10950	AtCg00890	100	1.89e-93	271	694	140	390	136
ATTaz_0_CG11180	AtCg00890	100	1.89e-93	271	694	140	390	136
ATTaz_0_CG10570	AtCg00710	82.5	3.16e-32	104	259	103	74	63
ATTaz_0_CG10640	AtCg00440	97.7	1.56e-56	167	423	107	121	86
ATTaz_0_CG10710	AtCg00710	82.5	3.16e-32	104	259	103	74	63
ATTaz_0_CG11290	AtCg00890	97.5	8.90e-78	231	590	138	390	118
ATTaz_0_CG10210	AtCg00150	100	6.46e-179	488	1255	249	250	249
ATTaz_0_CG11410	AtCg01050	100	2.34e-53	170	430	104	507	84
ATTaz_0_CG11410	GRMZM5G800096_T01.CDS	81.0	1.53e-41	139	349	104	516	84
ATTaz_0_CG10490	AtCg00440	97.7	1.56e-56	167	423	107	121	86
ATTaz_0_CG11380	AtCg01090	100	5.75e-116	322	825	169	173	169
ATTaz_0_CG10520	AtCg00490	100	1.56e-170	474	1221	230	480	230
ATTaz_0_CG10520	GRMZM2G360821_T01.CDS	89.9	2.42e-151	426	1095	230	484	227
ATTaz_0_CG10520	GRMZM2G385635_T01.CDS	89.9	2.42e-151	426	1095	230	484	227
ATTaz_0_CG10520	GRMZM2G448344_T01.CDS	89.9	2.42e-151	426	1095	230	484	227
ATTaz_0_CG10520	GRMZM5G815453_T01.CDS	89.9	2.42e-151	426	1095	230	484	227
ATTaz_0_CG10050	AtCg00020	100	9.64e-265	713	1841	353	354	353
ATTaz_0_CG11200	AtCg00020	100	9.64e-265	713	1841	353	354	353
ATTaz_0_CG10470	AtCg00420	100	6.21e-123	338	868	158	159	158
ATTaz_0_CG10190	AtCg00020	93.5	6.28e-239	647	1669	330	354	353
ATTaz_0_CG10060	AtCg00120	100	0.0	946	2446	507	508	507
ATTaz_0_CG10530	AtCg00500	100	7.67e-162	453	1165	233	489	233
ATTaz_0_CG10810	AtCg00490	100	0.0	986	2550	486	480	479
ATTaz_0_CG10810	GRMZM2G360821_T01.CDS	92.5	0.0	931	2405	486	484	483
ATTaz_0_CG10810	GRMZM2G385635_T01.CDS	92.5	0.0	931	2405	486	484	483
ATTaz_0_CG10810	GRMZM2G448344_T01.CDS	92.5	0.0	931	2405	486	484	483
ATTaz_0_CG10810	GRMZM5G815453_T01.CDS	92.5	0.0	931	2405	486	484	483
ATTaz_0_CG10320	AtCg00150	100	6.46e-179	488	1255	249	250	249
ATTaz_0_CG10740	AtCg00440	97.7	1.56e-56	167	423	107	121	86
ATTaz_0_CG10390	AtCg00350	100	0.0	1545	4001	750	751	750
ATTaz_0_CG10120	AtCg00120	100	0.0	946	2446	507	508	507
ATTaz_0_CG10430	AtCg00440	97.7	1.56e-56	167	423	107	121	86
ATTaz_0_CG11230	AtCg00890	97.5	8.90e-78	231	590	138	390	118
ATTaz_0_CG10860	AtCg00710	82.5	3.16e-32	104	259	103	74	63
ATTaz_0_CG10660	AtCg00490	100	0.0	986	2550	486	480	479
ATTaz_0_CG10660	GRMZM2G360821_T01.CDS	92.5	0.0	931	2405	486	484	483
ATTaz_0_CG10660	GRMZM2G385635_T01.CDS	92.5	0.0	931	2405	486	484	483
ATTaz_0_CG10660	GRMZM2G448344_T01.CDS	92.5	0.0	931	2405	486	484	483
ATTaz_0_CG10660	GRMZM5G815453_T01.CDS	92.5	0.0	931	2405	486	484	483
ATTaz_0_CG10250	AtCg00270	100	3.58e-197	538	1387	261	354	259
ATTaz_0_CG10750	AtCg00480	100	0.0	955	2469	498	499	498
ATTaz_0_CG10750	GRMZM2G385622_T01.CDS	91.0	0.0	877	2267	498	499	498
ATTaz_0_CG10750	GRMZM5G808402_T01.CDS	91.0	0.0	877	2267	498	499	498
ATTaz_0_CG10750	GRMZM2G448389_T01.CDS	90.8	0.0	876	2263	498	499	498
ATTaz_0_CG10750	GRMZM2G062854_T01.CDS	90.7	1.91e-265	724	1868	498	410	409
ATTaz_0_CG10750	GRMZM2G448142_T02.CDS	94.8	1.72e-245	675	1741	498	449	368
ATTaz_0_CG10750	GRMZM2G448142_T01.CDS	94.8	1.72e-245	675	1741	498	449	368
ATTaz_0_CG11000	AtCg00710	82.5	3.16e-32	104	259	103	74	63
ATTaz_0_CG11170	AtCg00890	97.5	8.90e-78	231	590	138	390	118
ATTaz_0_CG10020	AtCg00890	87.4	9.89e-208	575	1481	447	390	350
ATTaz_0_CG10670	AtCg00500	100	7.67e-162	453	1165	233	489	233
ATTaz_0_CG10110	AtCg00020	100	9.64e-265	713	1841	353	354	353
ATTaz_0_CG10360	AtCg00280	100	0.0	989	2558	790	474	473
ATTaz_0_CG10360	AtCg00270	100	1.37e-220	619	1597	790	354	300
ATTaz_0_CG10990	AtCg00680	100	0.0	1061	2744	508	509	508
ATTaz_0_CG10800	AtCg00480	100	0.0	955	2469	498	499	498
ATTaz_0_CG10800	GRMZM2G385622_T01.CDS	91.0	0.0	877	2267	498	499	498
ATTaz_0_CG10800	GRMZM5G808402_T01.CDS	91.0	0.0	877	2267	498	499	498
ATTaz_0_CG10800	GRMZM2G448389_T01.CDS	90.8	0.0	876	2263	498	499	498
ATTaz_0_CG10800	GRMZM2G062854_T01.CDS	90.7	1.91e-265	724	1868	498	410	409
ATTaz_0_CG10800	GRMZM2G448142_T02.CDS	94.8	1.72e-245	675	1741	498	449	368
ATTaz_0_CG10800	GRMZM2G448142_T01.CDS	94.8	1.72e-245	675	1741	498	449	368
ATTaz_0_CG10070	AtCg00150	88.8	1.63e-151	417	1072	221	250	249
ATTaz_0_CG10450	AtCg00490	100	0.0	986	2550	486	480	479
ATTaz_0_CG10450	GRMZM2G360821_T01.CDS	92.5	0.0	931	2405	486	484	483
ATTaz_0_CG10450	GRMZM2G385635_T01.CDS	92.5	0.0	931	2405	486	484	483
ATTaz_0_CG10450	GRMZM2G448344_T01.CDS	92.5	0.0	931	2405	486	484	483
ATTaz_0_CG10450	GRMZM5G815453_T01.CDS	92.5	0.0	931	2405	486	484	483
ATTaz_0_CG10480	AtCg00430	100	4.59e-167	456	1172	225	226	225
ATTaz_0_CG10480	GRMZM2G448142_T03.CDS	83.7	9.22e-135	375	963	225	255	227
ATTaz_0_CG11430	AtCg01110	100	2.02e-300	807	2085	402	394	393
ATTaz_0_CG11300	AtCg00890	100	1.89e-93	271	694	140	390	136
ATTaz_0_CG11370	AtCg01050	100	2.34e-53	170	430	104	507	84
ATTaz_0_CG11370	GRMZM5G800096_T01.CDS	81.0	1.53e-41	139	349	104	516	84
ATTaz_0_CG10820	AtCg00500	100	7.67e-162	453	1165	233	489	233
ATTaz_0_CG11240	AtCg00890	100	1.89e-93	271	694	140	390	136
ATTaz_0_CG11390	AtCg01110	100	2.02e-300	807	2085	402	394	393
ATTaz_0_CG10310	AtCg00270	100	3.93e-257	693	1789	335	354	335
ATTaz_0_CG10440	AtCg00480	100	0.0	955	2469	498	499	498
ATTaz_0_CG10440	GRMZM2G385622_T01.CDS	91.0	0.0	877	2267	498	499	498
ATTaz_0_CG10440	GRMZM5G808402_T01.CDS	91.0	0.0	877	2267	498	499	498
ATTaz_0_CG10440	GRMZM2G448389_T01.CDS	90.8	0.0	876	2263	498	499	498
ATTaz_0_CG10440	GRMZM2G062854_T01.CDS	90.7	1.91e-265	724	1868	498	410	409
ATTaz_0_CG10440	GRMZM2G448142_T02.CDS	94.8	1.72e-245	675	1741	498	449	368
ATTaz_0_CG10440	GRMZM2G448142_T01.CDS	94.8	1.72e-245	675	1741	498	449	368
ATTaz_0_CG10620	AtCg00420	100	6.21e-123	338	868	158	159	158
