ATws_4_1G65320	At1g72520	98.8	0.0	1827	4732	926	927	926
ATws_4_1G65320	At1g17420	83.3	0.0	1547	4006	926	920	927
ATws_4_1G55480	At1g62180	97.8	0.0	873	2256	455	455	455
ATws_4_1G58260	At1g64970	99.7	2.21e-247	669	1726	348	349	348
ATws_4_1G55490	At1g62190	99.0	7.22e-224	605	1560	295	296	295
ATws_4_1G45230	At1g48850	99.5	1.07e-312	842	2174	435	437	434
ATws_4_1G45230	At1g48860	87.2	9.53e-14	68.9	167	435	522	47
ATws_4_1G60320	At1g67280	100	3.78e-265	714	1843	350	351	350
ATws_4_1G60320	GRMZM2G076006_T02.CDS	83.4	1.13e-185	513	1321	350	348	289
ATws_4_1G60320	GRMZM2G076006_T01.CDS	88.0	7.81e-55	171	433	350	94	92
ATws_4_1G65580	At1g72810	99.8	0.0	1035	2676	516	517	516
ATws_4_1G65580	At4g29840	81.6	5.97e-298	811	2096	516	527	500
ATws_4_1G57200	At1g63940	100	0.0	953	2464	486	494	486
ATws_4_1G30110	At1g21640	98.5	0.0	1934	5009	985	1000	999
ATws_4_1G15590	At1g06680	100	5.93e-182	496	1278	263	264	263
ATws_4_1G55920	At1g62640	99.5	5.08e-295	794	2051	404	405	404
ATws_4_1G28450	At1g19800	100	3.43e-252	681	1758	350	351	350
ATws_4_1G73030	At1g80600	99.3	0.0	882	2280	457	458	457
ATws_4_1G40690	At1g34430	95.3	3.38e-294	797	2059	464	466	465
ATws_4_1G12560	At1g03630	100	4.81e-287	774	1998	401	402	401
ATws_4_1G39060	At1g32380	100	7.37e-286	771	1990	400	401	400
ATws_4_1G39060	At2g35390	86.8	3.19e-251	683	1763	400	404	403
ATws_4_1G39060	At2g44530	81.7	2.63e-206	569	1467	400	395	350
ATws_4_1G51910	At1g56190	100	0.0	900	2327	478	479	478
ATws_4_1G51910	At3g12780	90.2	2.61e-301	816	2109	478	482	481
ATws_4_1G38870	At1g32200	100	0.0	891	2302	459	460	459
ATws_4_1G52820	At1g58080	100	7.52e-296	797	2058	411	412	411
ATws_4_1G52820	At1g09795	83.1	1.89e-232	637	1642	411	414	391
ATws_4_1G22250	At1g13280	99.2	1.49e-174	492	1266	618	255	254
ATws_4_1G32660	At1g24280	99.8	0.0	1180	3052	599	600	599
ATws_4_1G32660	At5g13110	87.9	0.0	988	2553	599	597	572
ATws_4_1G32660	GRMZM2G177077_T01.CDS	87.1	1.17e-320	875	2262	599	599	488
ATws_4_1G60580	At1g67560	99.0	0.0	1828	4734	917	918	917
ATws_4_1G30680	At1g22170	99.4	4.95e-237	642	1655	334	335	334
ATws_4_1G30680	At1g78050	83.8	1.05e-166	464	1193	334	333	284
ATws_4_1G42450	At1g42970	100	0.0	877	2265	447	448	447
ATws_4_1G33240	At1g25410	100	4.47e-124	352	902	230	343	178
ATws_4_1G25970	At1g17160	98.9	2.57e-266	719	1857	378	380	379
ATws_4_1G17440	At1g08510	99.8	5.20e-308	828	2138	412	413	412
ATws_4_1G49920	At1g54130	100	0.0	1395	3612	715	716	715
ATws_4_1G63690	At1g70760	100	8.09e-142	389	999	191	192	191
ATws_4_1G32150	At1g23740	98.2	1.61e-266	721	1860	386	387	386
ATws_4_1G37990	At1g31190	99.7	2.81e-273	736	1901	371	372	371
ATws_4_1G61280	At1g68260	100	2.51e-140	385	989	190	191	190
ATws_4_1G61280	At1g68280	81.8	4.10e-110	309	791	190	193	192
ATws_4_1G38740	At1g32070	99.6	2.30e-174	477	1227	257	259	258
ATws_4_1G66770	At1g74040	99.8	0.0	1218	3151	631	632	631
ATws_4_1G66770	At1g18500	86.4	0.0	1053	2724	631	632	634
ATws_4_1G24850	At1g15980	100	0.0	924	2387	461	462	461
ATws_4_1G70580	At1g78050	100	8.91e-239	646	1666	332	333	332
ATws_4_1G14510	At1g05610	98.3	0.0	923	2385	476	483	482
ATws_4_1G38020	At1g31230	99.9	0.0	1766	4574	911	912	911
ATws_4_1G38020	At4g19710	80.9	0.0	1376	3561	911	917	849
ATws_4_1G57230	At1g63970	99.6	9.52e-163	445	1145	231	232	231
ATws_4_1G19850	At1g10830	99.7	6.32e-268	723	1865	367	368	367
ATws_4_1G26530	At1g17745	95.5	0.0	1153	2983	624	652	651
ATws_4_1G70040	At1g77490	100	5.68e-310	834	2154	426	427	426
ATws_4_1G41570	At1g36280	98.7	0.0	1009	2609	529	528	529
ATws_4_1G41570	At4g18440	88.1	0.0	908	2347	529	537	536
ATws_4_1G39480	At1g32900	100	0.0	1214	3140	610	611	610
ATws_4_1G46410	GRMZM2G126361_T01.CDS	91.1	0.0	1075	2779	716	689	605
ATws_4_1G46410	GRMZM2G126361_T02.CDS	91.1	0.0	1075	2779	716	689	605
ATws_4_1G46410	GRMZM2G126361_T03.CDS	85.7	3.20e-152	443	1140	716	379	265
ATws_4_1G28640	At1g20020	100	5.91e-274	738	1905	369	370	369
ATws_4_1G36340	At1g07780	82.1	3.19e-154	430	1106	342	276	279
ATws_4_1G36340	At5g05590	81.7	9.12e-154	429	1103	342	276	279
ATws_4_1G36340	At1g29410	99.1	3.84e-150	419	1076	342	245	217
ATws_4_1G18330	At1g09420	98.0	0.0	1236	3199	625	636	635
ATws_4_1G60170	At1g67090	100	5.13e-135	371	952	180	181	180
ATws_4_1G60170	At5g38430	93.3	3.72e-126	348	894	180	182	179
ATws_4_1G60170	At5g38420	91.6	2.51e-124	344	882	180	182	179
ATws_4_1G60170	At5g38410	89.1	3.36e-121	336	862	180	187	184
ATws_4_1G23050	At1g14150	100	6.91e-138	379	973	190	191	190
ATws_4_1G39120	At1g32440	100	0.0	1095	2832	571	572	571
ATws_4_1G26660	A0A7G2DUG9	98.5	0.0	955	2469	573	963	521
ATws_4_1G59590	At1g66430	98.7	2.29e-269	728	1878	382	385	384
ATws_4_1G17300	At1g08380	100	3.09e-103	287	735	140	141	140
ATws_4_1G25140	At1g16300	99.8	1.73e-301	812	2097	420	421	420
ATws_4_1G25140	At1g79530	86.7	1.34e-255	696	1796	420	423	421
ATws_4_1G67210	At1g74470	100	0.0	923	2385	467	468	467
ATws_4_1G36770	At1g29900	100	0.0	2316	6001	1187	1188	1187
ATws_4_1G50340	At1g54570	100	0.0	1393	3606	704	705	704
ATws_4_1G43070	At1g44575	100	2.74e-188	513	1320	265	266	265
ATws_4_1G17450	At1g08520	100	0.0	1342	3472	760	761	760
ATws_4_1G17450	GRMZM2G043453_T01.CDS	83.5	0.0	1055	2729	760	756	739
ATws_4_1G17450	GRMZM2G043453_T02.CDS	82.6	0.0	937	2421	760	693	671
ATws_4_1G62700	At1g69740	100	3.30e-311	837	2163	430	431	430
ATws_4_1G21900	At1g12900	100	8.51e-288	777	2007	399	442	399
ATws_4_1G21900	At3g26650	90.0	1.20e-260	707	1824	399	397	400
ATws_4_1G30930	At1g22410	100	0.0	1042	2695	527	528	527
ATws_4_1G30930	At4g39980	85.7	3.78e-292	797	2059	527	526	453
ATws_4_1G30930	At4g33510	85.0	2.14e-289	790	2039	527	508	448
ATws_4_1G18740	At1g09795	99.8	6.92e-293	790	2039	413	414	413
ATws_4_1G18740	At1g58080	83.4	2.00e-234	642	1655	413	412	391
ATws_4_1G29930	At1g77060	82.2	6.49e-198	543	1399	336	340	338
ATws_4_1G66760	At1g74030	99.8	0.0	934	2415	477	478	477
ATws_4_1G37200	At1g30380	100	2.62e-88	249	635	130	131	130
ATws_4_1G38730	At1g32060	100	2.40e-293	789	2038	395	396	395
ATws_4_1G38730	GRMZM2G162529_T02.CDS	89.5	1.59e-234	641	1653	395	406	351
ATws_4_1G38730	GRMZM2G026024_T02.CDS	90.1	1.18e-227	630	1626	395	583	343
ATws_4_1G38730	GRMZM2G463280_T02.CDS	80.4	8.19e-208	572	1475	395	382	347
ATws_4_1G38730	GRMZM2G162529_T01.CDS	84.6	2.61e-25	94.0	232	395	61	52
ATws_4_1G53010	At1g58290	100	0.0	1031	2666	543	544	543
ATws_4_1G53010	At1g09940	81.0	6.95e-298	813	2099	543	531	542
ATws_4_1G27610	At1g18870	98.9	0.0	1098	2840	562	563	562
ATws_4_1G67010	At1g74260	99.9	0.0	2779	7204	1407	1408	1407
ATws_4_1G41030	At1g35250	95.2	5.17e-132	363	933	179	189	188
ATws_4_1G71970	At1g79530	100	1.73e-302	815	2104	422	423	422
ATws_4_1G71970	At1g16300	86.9	6.70e-256	697	1798	422	421	421
ATws_4_1G18800	At1g09830	98.9	0.0	980	2534	532	533	532
ATws_4_1G12430	At1g03475	100	1.51e-296	796	2057	386	387	386
ATws_4_1G38550	At1g31860	100	7.32e-201	546	1406	281	282	281
ATws_4_1G17420	At1g08490	100	0.0	908	2346	463	464	463
ATws_4_1G17180	At1g08250	100	1.52e-296	799	2063	413	414	413
ATws_4_1G17180	At2g27820	84.4	2.77e-228	627	1616	413	425	391
ATws_4_1G17480	At1g08550	99.8	0.0	884	2283	462	463	462
ATws_4_1G27470	At1g18730	100	1.87e-130	359	921	175	176	175
ATws_4_1G43050	At1g44446	100	0.0	1098	2841	536	537	536
ATws_4_1G46350	At1g50170	98.7	5.14e-164	448	1152	225	226	225
ATws_4_1G67420	At1g74710	98.7	0.0	1057	2734	567	623	552
ATws_4_1G72810	At1g80380	100	0.0	921	2380	456	457	456
ATws_4_1G38010	At1g31220	99.0	6.33e-212	575	1481	292	293	292
ATws_4_1G36990	At1g30120	99.8	6.46e-299	804	2077	406	407	406
ATws_4_1G36990	At2g34590	92.0	2.37e-269	729	1883	406	407	411
ATws_4_1G48170	At1g52230	100	1.83e-102	286	731	145	146	145
ATws_4_1G48170	At3g16140	91.7	1.82e-93	263	672	145	146	145
ATws_4_1G42760	At1g43800	99.2	1.55e-287	774	1999	391	392	391
ATws_4_1G15360	GRMZM2G110408_T01.CDS	83.2	0.0	1059	2738	685	678	677
ATws_4_1G15360	GRMZM2G110408_T02.CDS	83.2	0.0	1059	2738	685	678	677
ATws_4_1G15360	GRMZM2G110408_T03.CDS	83.2	0.0	1059	2738	685	678	677
ATws_4_1G15360	GRMZM2G087598_T02.CDS	85.6	0.0	1052	2721	685	678	648
ATws_4_1G15360	GRMZM2G087598_T01.CDS	85.6	0.0	1052	2721	685	678	648
ATws_4_1G27380	At1g18640	100	8.56e-216	585	1509	312	296	295
ATws_4_1G61300	At1g68280	97.2	1.91e-126	350	897	180	193	180
ATws_4_1G61300	At1g68260	82.8	1.06e-102	290	741	180	191	180
ATws_4_1G69640	At1g77060	100	1.43e-243	659	1699	339	340	339
ATws_4_1G72170	At1g79750	99.7	0.0	1257	3252	1305	647	643
ATws_4_1G24570	At1g15710	100	3.20e-260	702	1812	354	359	349
ATws_4_1G31820	At1g23360	99.2	2.41e-188	518	1333	381	262	261
ATws_4_1G71530	At1g79040	100	2.26e-96	270	690	140	141	140
ATws_4_1G15050	At1g06130	100	1.14e-245	663	1711	331	332	331
ATws_4_1G62780	At1g69830	95.1	0.0	1731	4484	900	888	900
ATws_4_1G19720	At1g10700	99.8	9.16e-297	799	2064	411	412	411
ATws_4_1G68000	At1g75330	100	3.53e-269	726	1875	375	376	375
ATws_4_1G60760	At1g67740	100	2.83e-100	284	726	189	190	189
ATws_4_1G38120	At1g31330	99.1	1.31e-155	426	1096	221	222	221
ATws_4_1G64730	AT1G71920	91.8	2.50e-275	744	1921	385	418	417
ATws_4_1G64730	At1g71920	91.8	2.50e-275	744	1921	385	418	417
ATws_4_1G64730	AT5G10330	91.8	2.50e-275	744	1921	385	418	417
ATws_4_1G64730	At5g10330	91.8	2.50e-275	744	1921	385	418	417
ATws_4_1G45240	At1g48860	100	0.0	1006	2601	521	522	521
ATws_4_1G45240	At2g45300	91.9	0.0	891	2303	521	521	505
ATws_4_1G45240	At1g48850	86.4	1.06e-11	62.8	151	521	437	44
ATws_4_1G51380	At1g55670	99.4	6.66e-110	306	783	160	161	160
ATws_4_1G12100	At1g03130	100	5.83e-146	400	1029	204	205	204
ATws_4_1G12100	At4g02770	93.3	7.76e-136	375	963	204	209	208
ATws_4_1G27240	At1g18500	99.8	0.0	1221	3159	631	632	631
ATws_4_1G27240	At1g74040	87.3	0.0	1046	2704	631	632	621
ATws_4_1G70890	At1g78390	99.5	0.0	1212	3136	607	658	607
ATws_4_1G50140	At1g54350	99.9	0.0	1376	3562	706	707	706
ATws_4_1G67580	At1g74880	97.5	3.06e-105	294	752	158	159	158
ATws_4_1G10090	At1g01090	100	1.25e-314	846	2185	428	429	428
ATws_4_1G58620	At1g65410	100	1.01e-214	586	1511	345	346	298
ATws_4_1G58620	GRMZM5G868168_T02.CDS	84.3	1.95e-130	368	944	345	218	216
ATws_4_1G72990	At1g80560	100	1.38e-288	778	2009	405	406	405
ATws_4_1G72990	At1g31180	85.6	7.82e-248	676	1743	405	420	403
ATws_4_1G72990	At5g14200	84.8	6.29e-247	673	1736	405	410	409
ATws_4_1G32740	At1g24360	100	3.67e-220	598	1541	319	320	319
ATws_4_1G32740	GRMZM2G043602_T02.CDS	80.1	6.12e-120	340	873	319	226	216
ATws_4_2G27860	GRMZM2G110063_T02.CDS	84.2	5.12e-143	407	1047	462	298	240
ATws_4_2G27280	At2g28190	99.5	4.67e-142	392	1006	216	217	216
ATws_4_2G33340	At2g34590	100	7.23e-296	796	2057	406	407	406
ATws_4_2G33340	At1g30120	91.7	1.60e-267	725	1871	406	407	411
ATws_4_2G21140	At2g21330	100	3.52e-288	776	2005	399	400	399
ATws_4_2G21140	At4g38970	89.9	3.39e-256	696	1795	399	399	397
ATws_4_2G14110	At2g06520	100	2.76e-72	207	527	116	117	116
ATws_4_2G21380	At2g21590	100	0.0	1046	2705	523	524	523
ATws_4_2G21380	At4g39210	84.3	0.0	884	2284	523	522	523
ATws_4_2G42310	At2g43750	100	7.49e-275	742	1916	392	393	392
ATws_4_2G42310	GRMZM2G082185_T01.CDS	81.7	3.81e-193	536	1380	392	399	333
ATws_4_2G37790	At2g39290	100	2.78e-192	525	1353	296	297	296
ATws_4_2G43840	At2g45300	99.6	0.0	1002	2590	520	521	520
ATws_4_2G43840	At1g48860	96.2	0.0	887	2291	520	522	473
ATws_4_2G40230	At2g41680	100	0.0	984	2545	529	530	529
ATws_4_2G29990	At2g31170	100	0.0	1122	2902	563	564	563
ATws_4_2G43090	At2g44530	100	8.32e-289	778	2008	394	395	394
ATws_4_2G43090	At1g32380	81.7	3.17e-207	572	1473	394	401	350
ATws_4_2G16230	At2g15620	99.5	0.0	1156	2990	587	587	587
ATws_4_2G38000	At2g39470	100	3.77e-177	482	1241	238	239	238
ATws_4_2G19800	At2g19940	99.8	1.84e-293	790	2040	401	401	401
ATws_4_2G45300	At2g46820	99.4	1.03e-113	317	811	174	175	174
ATws_4_2G18620	At2g18620	100	3.96e-245	663	1711	347	348	347
ATws_4_2G18620	At4g36810	82.6	5.76e-172	479	1233	347	372	298
ATws_4_2G38850	At2g40300	98.5	5.45e-176	481	1238	259	260	259
ATws_4_2G43700	At2g45150	99.0	3.73e-284	767	1981	391	431	391
ATws_4_2G28650	At2g29690	100	0.0	1233	3191	621	622	621
ATws_4_2G26090	At2g26930	100	4.04e-279	752	1942	383	384	383
ATws_4_2G17690	At2g17630	99.5	2.30e-307	827	2136	422	423	422
ATws_4_2G17690	At4g35630	85.6	6.67e-270	733	1891	422	431	432
ATws_4_2G26950	At2g27820	99.8	9.21e-299	805	2080	424	425	424
ATws_4_2G26950	At1g08250	85.1	7.37e-224	615	1587	424	414	388
ATws_4_2G13810	At2g05710	99.9	0.0	1963	5086	990	991	990
ATws_4_2G13810	GRMZM2G020801_T01.CDS	88.7	0.0	1443	3736	990	798	793
ATws_4_2G29430	At2g30570	100	4.47e-86	243	621	133	134	133
ATws_4_2G18700	GRMZM5G809546_T01.CDS	82.7	2.65e-277	762	1967	551	554	479
ATws_4_2G29080	At2g30200	99.5	1.88e-248	674	1740	367	394	367
ATws_4_2G21940	At2g22250	100	0.0	903	2334	475	476	475
ATws_4_2G21940	AT2G22250	100	0.0	903	2334	475	476	475
ATws_4_2G22500	At2g22890	95.3	4.88e-204	553	1425	267	280	279
ATws_4_2G30170	At1g06130	83.6	1.71e-204	559	1440	324	332	329
ATws_4_2G20060	At2g20260	100	1.22e-82	236	601	145	146	145
ATws_4_2G39060	At2g40490	100	1.27e-283	764	1974	394	395	394
ATws_4_2G46160	At2g47730	98.9	3.68e-178	487	1253	262	264	263
ATws_4_2G22130	At2g22480	100	0.0	1081	2796	537	538	537
ATws_4_2G34110	At2g35390	100	4.31e-291	784	2025	403	404	403
ATws_4_2G34110	At1g32380	86.8	7.89e-252	685	1767	403	401	403
ATws_4_2G20980	At2g21170	100	3.06e-226	613	1580	315	316	315
ATws_4_2G28590	At2g29630	100	0.0	1320	3417	644	645	644
ATws_4_2G25860	At2g26670	100	6.78e-202	548	1413	282	283	282
ATws_4_2G25860	At1g69720	85.2	3.67e-140	392	1008	282	286	230
ATws_4_2G41720	At2g43100	99.2	4.71e-180	491	1264	256	257	256
ATws_4_2G29770	GRMZM2G087598_T02.CDS	86.6	0.0	1064	2751	695	678	641
ATws_4_2G29770	GRMZM2G087598_T01.CDS	86.6	0.0	1064	2751	695	678	641
ATws_4_2G29770	GRMZM2G110408_T01.CDS	86.6	0.0	1063	2748	695	678	641
ATws_4_2G29770	GRMZM2G110408_T02.CDS	86.6	0.0	1063	2748	695	678	641
ATws_4_2G29770	GRMZM2G110408_T03.CDS	86.6	0.0	1063	2748	695	678	641
ATws_4_2G29770	GRMZM2G087598_T03.CDS	85.2	4.67e-09	48.9	115	695	47	27
ATws_4_2G41710	At2g43090	100	7.23e-177	483	1242	251	252	251
ATws_4_2G42280	At2g43710	99.8	6.47e-301	809	2089	401	402	401
ATws_4_2G42280	At3g02630	80.8	3.26e-217	597	1539	401	397	354
ATws_4_2G42280	At5g16240	80.2	5.25e-211	581	1498	401	395	349
ATws_4_2G39800	At2g41220	99.9	0.0	3206	8312	1629	1630	1629
ATws_4_2G40640	At2g42070	99.3	1.27e-205	558	1437	280	281	280
ATws_4_2G21920	At2g22230	100	1.65e-153	421	1082	220	221	220
ATws_4_2G21920	At5g10160	80.0	5.37e-106	301	770	220	220	195
ATws_4_2G36280	At2g37690	100	0.0	1253	3243	642	643	642
ATws_4_2G15650	At2g14750	100	6.30e-204	553	1425	276	277	276
ATws_4_2G43830	At2g45290	99.7	0.0	1474	3816	741	742	741
ATws_4_2G43830	At3g60750	88.7	0.0	1326	3432	741	742	741
ATws_4_2G42630	At2g44050	100	2.64e-143	410	1055	600	228	215
ATws_4_2G36630	At2g38040	99.9	0.0	1312	3395	769	770	769
ATws_4_2G24390	At2g25080	99.6	4.02e-168	459	1181	233	237	233
ATws_4_2G17400	At2g17265	99.2	1.55e-249	676	1745	370	371	370
ATws_4_2G18900	At2g18950	99.7	2.18e-268	726	1873	386	394	381
ATws_4_2G27940	At2g28880	98.1	0.0	1813	4696	916	920	917
ATws_4_2G33770	At2g35040	99.8	0.0	1174	3038	596	597	596
ATws_4_2G25120	At2g25840	99.0	1.20e-296	799	2063	408	413	412
ATws_4_2G16750	At2g16570	99.8	0.0	1110	2870	566	567	566
ATws_4_2G16750	At4g34740	84.4	0.0	908	2347	566	562	571
ATws_4_2G37610	At2g39080	94.3	1.68e-253	686	1769	370	352	370
ATws_4_2G43960	At2g45440	99.7	5.48e-277	745	1924	365	366	365
ATws_4_2G43960	At3g60880	87.4	2.77e-245	665	1716	365	366	365
ATws_4_2G20500	At2g20690	98.9	1.64e-191	521	1342	267	272	266
ATws_4_2G30060	At2g31250	99.8	0.0	996	2574	1151	525	523
ATws_4_2G42620	At2g44040	100	2.19e-245	664	1712	341	348	341
ATws_4_2G42620	At3g59890	84.9	1.31e-203	558	1438	341	350	344
ATws_4_2G10410	At2g01140	100	8.58e-285	767	1981	391	392	391
ATws_4_2G10410	At2g21330	80.1	1.82e-205	567	1461	391	400	351
ATws_4_2G25740	At2g26540	99.7	2.27e-215	586	1510	321	322	321
ATws_4_3G30250	At3g21110	100	2.29e-306	823	2127	411	412	411
ATws_4_3G10570	At3g01500	100	3.63e-241	653	1685	347	348	347
ATws_4_3G48870	At3g53580	100	5.43e-271	730	1884	362	363	362
ATws_4_3G45020	At3g49680	99.8	5.78e-301	810	2092	413	414	413
ATws_4_3G10510	At3g01440	99.5	1.31e-159	436	1122	220	221	220
ATws_4_3G11750	At3g02660	99.8	0.0	993	2566	511	512	511
ATws_4_3G51220	At3g56040	99.9	0.0	1776	4599	883	884	883
ATws_4_3G38820	At3g32040	99.4	2.23e-253	685	1768	360	361	360
ATws_4_3G38820	At3g29430	92.1	3.93e-228	621	1602	360	358	354
ATws_4_3G38820	At3g14550	84.4	1.75e-211	579	1493	360	361	360
ATws_4_3G38820	At3g14530	84.4	1.37e-208	572	1474	360	361	360
ATws_4_3G38820	At3g14510	88.1	3.77e-169	469	1207	360	285	277
ATws_4_3G43800	Potri.015G088500	84.2	3.08e-161	449	1155	319	329	279
ATws_4_3G30190	At3g21055	100	6.61e-64	186	473	103	144	103
ATws_4_3G50280	At3g55040	99.7	6.79e-207	562	1448	292	293	292
ATws_4_3G29680	At3g20540	98.5	0.0	2027	5251	1034	1050	1049
ATws_4_3G25400	At3g16250	100	1.38e-153	420	1079	204	205	204
ATws_4_3G48380	At3g53130	99.4	0.0	1041	2691	539	540	539
ATws_4_3G36590	At3g27740	92.5	1.08e-316	853	2203	465	431	465
ATws_4_3G47100	At3g51820	97.3	1.01e-270	733	1892	424	388	376
ATws_4_3G26950	At3g17810	100	8.70e-311	836	2159	423	427	423
ATws_4_3G24990	At3g15850	100	6.79e-290	778	2010	371	372	371
ATws_4_3G51270	At3g56090	100	6.92e-179	488	1257	259	260	259
ATws_4_3G34550	At3g25760	99.6	2.54e-183	499	1285	254	255	254
ATws_4_3G34550	At3g25770	89.0	5.11e-160	440	1132	254	254	254
ATws_4_3G51020	At3g55800	99.0	3.36e-283	763	1971	393	394	393
ATws_4_3G29450	At3g20320	100	1.06e-273	738	1906	381	382	381
ATws_4_3G43490	At3g48110	99.7	0.0	2075	5376	1067	1068	1067
ATws_4_3G31990	At3g22960	99.7	0.0	1112	2877	595	597	595
ATws_4_3G11870	At5g16440	81.1	1.19e-168	465	1196	284	292	291
ATws_4_3G18010	At3g09150	99.7	8.00e-245	661	1705	329	330	329
ATws_4_3G49320	At3g54050	99.0	1.15e-293	792	2045	417	418	417
ATws_4_3G35650	At3g26840	97.9	0.0	1358	3514	701	702	701
ATws_4_3G41050	At3g45140	99.1	0.0	1803	4671	896	897	896
ATws_4_3G51840	At3g56700	98.5	0.0	1056	2731	540	549	548
ATws_4_3G10550	At3g01480	100	2.26e-317	853	2205	437	438	437
ATws_4_3G10200	At3g01180	100	0.0	1560	4038	792	793	792
ATws_4_3G43950	At3g48560	99.7	0.0	1255	3248	670	671	670
ATws_4_3G31450	At3g22425	99.6	1.98e-182	500	1288	317	271	263
ATws_4_3G31450	At4g14910	81.6	2.35e-141	398	1022	317	309	261
ATws_4_3G49880	At3g54660	100	0.0	1113	2878	565	566	565
ATws_4_3G28620	At3g19480	100	0.0	1061	2744	588	589	588
ATws_4_3G28620	At4g34200	81.0	6.31e-312	853	2204	588	604	543
ATws_4_3G23600	At3g14550	93.3	4.51e-237	644	1661	360	361	360
ATws_4_3G23600	At3g14530	89.2	9.43e-223	608	1567	360	361	360
ATws_4_3G23600	At3g29430	87.2	9.97e-215	587	1514	360	358	360
ATws_4_3G23600	At3g32040	85.0	1.51e-212	582	1500	360	361	360
ATws_4_3G23600	At3g14510	99.3	5.52e-192	527	1357	360	285	277
ATws_4_3G38060	At3g29430	97.2	7.38e-246	666	1718	357	358	357
ATws_4_3G38060	At3g32040	90.0	7.19e-224	610	1574	357	361	360
ATws_4_3G38060	At3g14550	86.9	8.10e-214	585	1508	357	361	360
ATws_4_3G38060	At3g14530	85.8	1.05e-209	575	1481	357	361	360
ATws_4_3G38060	At3g14510	91.0	3.35e-176	487	1253	357	285	277
ATws_4_3G11710	At3g02630	100	1.71e-298	802	2072	396	397	396
ATws_4_3G11710	At5g16240	85.5	1.94e-251	683	1763	396	395	399
ATws_4_3G34570	At3g25780	99.2	8.48e-184	501	1289	258	259	258
ATws_4_3G20040	At3g11170	99.8	0.0	941	2433	446	447	446
ATws_4_3G20040	At5g05580	80.5	1.38e-274	746	1925	446	436	446
ATws_4_3G19930	At3g11050	97.2	2.32e-174	476	1226	253	254	253
ATws_4_3G35450	At3g26650	100	9.32e-287	773	1995	396	397	396
ATws_4_3G35450	At1g12900	90.0	4.02e-260	707	1825	396	442	400
ATws_4_3G35450	At1g42970	80.5	6.64e-195	542	1397	396	448	344
ATws_4_3G53980	At3g58990	100	5.53e-182	496	1276	253	254	253
ATws_4_3G50620	At3g55400	99.4	0.0	1233	3190	616	617	616
ATws_4_3G42900	At3g47450	99.3	0.0	1090	2818	561	562	561
ATws_4_3G46140	At3g50820	100	4.77e-238	644	1661	331	332	331
ATws_4_3G46140	At5g66570	90.7	8.81e-216	588	1515	331	333	332
ATws_4_3G58260	At3g63410	100	9.90e-257	692	1785	338	338	338
ATws_4_3G58260	AT3G63410	100	1.03e-256	692	1785	338	339	338
ATws_4_3G16930	At3g07630	99.7	1.06e-273	738	1906	381	382	381
ATws_4_3G50250	At3g55010	99.0	8.42e-275	742	1915	389	390	389
ATws_4_3G37830	At3g29200	100	6.87e-247	667	1721	340	341	340
ATws_4_3G56940	At3g62030	99.6	2.61e-187	512	1318	260	314	260
ATws_4_3G23540	At3g14440	99.2	0.0	1195	3092	599	600	599
ATws_4_3G26100	GRMZM2G145595_T01.CDS	82.6	2.06e-313	854	2207	566	563	528
ATws_4_3G26100	GRMZM2G152958_T01.CDS	82.1	2.95e-309	844	2180	566	566	531
ATws_4_3G26100	GRMZM2G073774_T01.CDS	82.1	2.95e-309	844	2180	566	566	531
ATws_4_3G26100	GRMZM2G152958_T02.CDS	81.4	3.98e-284	779	2011	566	530	494
ATws_4_3G26100	GRMZM2G145595_T02.CDS	87.7	2.29e-170	480	1236	566	281	268
ATws_4_3G48210	At3g52960	100	1.10e-158	435	1119	234	235	234
ATws_4_3G10130	At3g01120	99.8	0.0	1004	2596	563	564	563
ATws_4_3G11690	At3g02610	99.5	6.03e-303	815	2105	413	414	413
ATws_4_3G11690	At3g02620	92.0	7.23e-275	744	1920	413	407	411
ATws_4_3G11690	At5g16230	82.6	1.01e-243	665	1715	413	402	413
ATws_4_3G18870	At3g10050	99.8	0.0	1158	2995	592	593	592
ATws_4_3G40850	At3g44880	98.3	0.0	1100	2845	537	538	537
ATws_4_3G13970	At3g04790	99.6	3.45e-192	523	1348	276	277	276
ATws_4_3G49180	At3g53900	100	1.56e-214	582	1499	296	297	296
ATws_4_3G23650	At3g14550	99.2	9.09e-253	684	1764	360	361	360
ATws_4_3G23650	At3g14530	93.9	3.04e-235	639	1649	360	361	360
ATws_4_3G23650	At3g29430	86.9	5.75e-214	585	1509	360	358	360
ATws_4_3G23650	At3g32040	84.4	1.01e-210	577	1488	360	361	360
ATws_4_3G23650	At3g14510	92.8	1.19e-179	496	1276	360	285	277
ATws_4_3G15610	At3g06350	100	0.0	1173	3035	603	604	603
ATws_4_3G55640	At3g60750	100	0.0	1471	3807	741	742	741
ATws_4_3G55640	At2g45290	88.8	0.0	1321	3418	741	742	741
ATws_4_3G12750	At3g03630	100	4.42e-249	677	1747	382	405	376
ATws_4_3G11090	At3g02020	100	0.0	1074	2778	559	560	559
ATws_4_3G11090	At5g14060	83.0	3.09e-318	865	2236	559	545	542
ATws_4_3G20840	At3g11980	99.8	0.0	1216	3146	616	617	616
ATws_4_3G21630	At3g12780	100	0.0	900	2325	481	482	481
ATws_4_3G21630	At1g56190	90.2	1.07e-300	815	2105	481	479	481
ATws_4_3G23990	At3g14930	99.8	9.45e-314	843	2177	418	419	418
ATws_4_3G53660	At3g58610	100	0.0	1136	2939	591	592	591
ATws_4_3G53660	GRMZM2G004382_T02.CDS	90.4	0.0	922	2384	591	580	512
ATws_4_3G53660	GRMZM2G004382_T01.CDS	88.6	1.56e-257	710	1833	591	475	403
ATws_4_3G20800	AT3G11945	93.9	5.11e-251	682	1759	386	394	393
ATws_4_3G23090	At3g14050	100	0.0	1401	3626	709	710	709
ATws_4_3G49860	At3g54640	99.7	2.90e-218	592	1527	312	313	312
ATws_4_3G52680	At3g57560	100	1.96e-245	664	1713	347	348	347
ATws_4_3G55530	At3g60620	100	9.04e-291	783	2022	399	400	399
ATws_4_3G53880	At3g58830	100	7.89e-242	655	1689	343	349	343
ATws_4_3G34630	At3g25860	99.4	2.23e-300	814	2103	480	481	480
ATws_4_3G23630	At3g14530	99.7	8.71e-251	679	1751	360	361	360
ATws_4_3G23630	At3g14550	94.4	6.13e-235	639	1647	360	361	360
ATws_4_3G23630	At3g29430	87.5	3.87e-212	581	1497	360	358	360
ATws_4_3G23630	At3g32040	84.7	3.22e-207	568	1465	360	361	360
ATws_4_3G23630	At3g14510	91.3	1.87e-176	488	1255	360	285	277
ATws_4_3G11700	At3g02620	97.0	7.61e-287	773	1997	399	407	406
ATws_4_3G11700	At3g02610	89.8	4.50e-267	724	1868	399	414	411
ATws_4_3G54800	At3g59890	99.7	4.01e-247	671	1730	397	350	342
ATws_4_3G54800	At2g44040	84.3	1.80e-201	555	1430	397	348	343
ATws_4_3G52740	At3g57610	100	0.0	975	2521	490	491	490
ATws_4_3G27820	At3g18680	91.1	5.45e-224	610	1574	339	373	372
ATws_4_3G52410	At3g57280	100	4.38e-161	441	1133	226	227	226
ATws_4_3G44110	At5g63570	89.5	1.06e-311	842	2176	474	475	474
ATws_4_3G52080	At3g56940	100	2.40e-291	785	2028	409	410	409
ATws_4_3G42980	At3g47520	99.5	1.30e-276	748	1930	403	404	403
ATws_4_3G31900	At3g22890	99.8	0.0	937	2423	463	464	463
ATws_4_3G31900	At4g14680	87.1	1.96e-269	736	1901	463	511	428
ATws_4_3G32910	At3g23920	99.8	0.0	1182	3059	575	576	575
ATws_4_3G23480	At3g14390	100	0.0	963	2489	484	485	484
ATws_4_3G23480	At5g11880	94.3	0.0	898	2321	484	490	493
ATws_4_3G32930	At3g23940	100	0.0	1207	3122	608	609	608
ATws_4_3G44250	GRMZM2G123922_T01.CDS	86.3	0.0	1419	3673	952	922	866
ATws_4_3G44250	GRMZM2G009443_T01.CDS	88.3	0.0	1412	3655	952	922	837
ATws_4_3G44250	GRMZM2G001084_T01.CDS	81.1	0.0	1102	2850	952	897	725
ATws_4_3G25280	At3g16140	100	4.32e-101	282	722	145	146	145
ATws_4_3G25280	At1g52230	91.7	1.06e-92	261	667	145	146	145
ATws_4_3G34560	At3g25770	99.6	9.17e-181	493	1268	253	254	253
ATws_4_3G34560	At3g25760	89.4	1.52e-161	444	1142	253	255	254
ATws_4_4G46060	At4g38880	99.8	0.0	1035	2675	532	533	532
ATws_4_4G13370	At4g02770	100	1.17e-147	405	1041	208	209	208
ATws_4_4G13370	At1g03130	93.3	6.50e-135	373	957	208	205	208
ATws_4_4G46160	At4g38970	100	6.58e-288	776	2003	398	399	398
ATws_4_4G46160	At2g21330	89.7	5.86e-257	697	1800	398	400	398
ATws_4_4G45120	At4g37925	100	6.76e-156	427	1097	217	218	217
ATws_4_4G28450	At4g21280	99.6	3.36e-141	390	1002	223	225	224
ATws_4_4G13380	At4g02780	100	0.0	1612	4173	802	803	802
ATws_4_4G40080	At4g32810	100	0.0	1184	3062	570	571	570
ATws_4_4G40080	AT4G32810	95.6	0.0	1169	3025	570	597	596
ATws_4_4G38200	At4g30920	99.5	0.0	1080	2792	596	584	571
ATws_4_4G38200	At4g30910	87.0	0.0	964	2492	596	605	594
ATws_4_4G13890	At4g03280	100	1.31e-168	460	1183	229	230	229
ATws_4_4G34140	At4g26900	100	0.0	1149	2971	592	593	592
ATws_4_4G39100	At4g31870	99.6	2.17e-169	462	1189	233	234	233
ATws_4_4G29500	At4g22260	98.6	9.16e-237	642	1657	351	352	351
ATws_4_4G18990	At4g11570	100	6.64e-273	736	1899	373	374	373
ATws_4_4G42060	At4g34740	99.3	0.0	1083	2801	562	562	562
ATws_4_4G42060	At2g16570	84.1	0.0	906	2342	562	567	572
ATws_4_4G32240	At4g25080	100	3.59e-204	557	1436	312	327	292
ATws_4_4G44870	At4g37670	100	0.0	1221	3160	613	614	613
ATws_4_4G13810	At1g03475	84.7	3.12e-224	612	1579	356	387	360
ATws_4_4G34260	At4g27030	100	8.28e-219	595	1533	323	324	323
ATws_4_4G40950	At4g33680	100	0.0	927	2395	461	462	461
ATws_4_4G12190	At4g01690	100	0.0	1061	2745	537	538	537
ATws_4_4G41490	At4g34200	100	0.0	1120	2897	603	604	603
ATws_4_4G41490	At3g19480	81.0	1.51e-310	850	2195	603	589	543
ATws_4_4G40050	At4g32770	100	0.0	1025	2650	488	489	488
ATws_4_4G32880	At4g25700	99.0	4.00e-222	602	1552	311	311	311
ATws_4_4G14630	At4g04610	100	0.0	917	2371	465	466	465
ATws_4_4G14630	At4g21990	83.0	5.04e-283	769	1985	465	459	466
ATws_4_4G22270	At4g12800	100	9.95e-153	421	1083	219	282	219
ATws_4_4G42880	At4g35630	99.5	3.59e-315	847	2189	430	431	430
ATws_4_4G42880	At2g17630	85.2	3.37e-270	733	1893	430	423	432
ATws_4_4G40760	At4g33510	100	0.0	1012	2616	507	508	507
ATws_4_4G40760	At1g22410	85.0	3.40e-288	786	2031	507	528	448
ATws_4_4G26050	At4g18480	100	1.43e-302	815	2105	424	425	424
ATws_4_4G26050	At5g45930	83.0	7.55e-246	671	1732	424	419	424
ATws_4_4G26050	GRMZM2G419806_T01.CDS	82.2	3.72e-212	586	1511	424	423	370
ATws_4_4G20830	At4g14210	100	0.0	1135	2937	566	567	566
ATws_4_4G29230	At4g21990	100	0.0	894	2311	458	459	458
ATws_4_4G29230	At4g04610	83.0	4.74e-281	764	1972	458	466	466
ATws_4_4G34660	At4g27440	100	7.63e-284	766	1977	401	402	401
ATws_4_4G34660	At5g54190	87.2	1.09e-245	669	1727	401	406	405
ATws_4_4G25890	At4g18350	99.8	0.0	1166	3017	583	584	583
ATws_4_4G43620	At4g36390	100	0.0	1258	3255	640	641	640
ATws_4_4G20310	At4g14680	98.4	5.36e-310	839	2168	468	511	428
ATws_4_4G20310	At3g22890	87.3	1.41e-298	808	2088	468	464	466
ATws_4_4G19290	At4g15560	100	0.0	1419	3672	717	718	717
ATws_4_4G28120	At4g20960	100	3.83e-308	829	2142	426	427	426
ATws_4_4G40300	At4g33030	100	0.0	957	2473	477	478	477
ATws_4_4G47200	At4g39980	99.8	0.0	1035	2675	525	526	525
ATws_4_4G38240	At4g30950	100	0.0	935	2416	448	449	448
ATws_4_4G34300	At4g27070	100	0.0	930	2404	475	476	475
ATws_4_4G34300	At5g54810	90.2	7.81e-311	840	2170	475	471	478
ATws_4_4G45660	At4g38460	100	1.13e-238	645	1664	326	327	326
ATws_4_4G26000	At4g18440	99.8	0.0	1030	2664	529	537	529
ATws_4_4G26000	At1g36280	88.3	0.0	889	2296	529	528	523
ATws_4_4G37120	At4g29840	100	0.0	1066	2756	526	527	526
ATws_4_4G37120	At1g72810	81.8	1.35e-301	821	2120	526	517	500
ATws_4_4G32010	At4g24830	99.8	0.0	959	2479	494	495	494
ATws_4_4G20010	At4g14910	100	7.79e-191	521	1342	272	309	263
ATws_4_4G20010	At3g22425	82.2	3.59e-148	412	1058	272	271	269
ATws_4_4G36070	At4g28750	100	7.23e-74	213	543	143	144	143
ATws_4_4G26750	At4g19170	100	0.0	1187	3071	595	596	595
ATws_4_4G37170	At4g29890	99.8	0.0	870	2248	422	423	422
ATws_4_4G41660	At4g34350	100	0.0	939	2426	466	467	466
ATws_4_4G11090	At4g00600	91.7	1.05e-216	590	1520	342	311	338
ATws_4_4G27160	At4g19710	99.8	0.0	1799	4660	916	917	916
ATws_4_4G27160	At1g31230	80.9	0.0	1383	3579	916	912	849
ATws_4_4G19350	At4g15560	91.9	1.36e-09	54.7	130	287	718	37
ATws_4_4G21670	At4g13430	99.8	0.0	1023	2646	509	510	509
ATws_4_4G21670	GRMZM2G370852_T01.CDS	83.9	5.94e-298	810	2093	509	506	454
ATws_4_4G21670	GRMZM2G370852_T03.CDS	83.7	2.41e-297	809	2089	509	506	454
ATws_4_4G21670	GRMZM2G010044_T02.CDS	83.0	5.61e-293	798	2060	509	503	454
ATws_4_4G21670	GRMZM2G010044_T03.CDS	83.0	6.04e-293	798	2060	509	505	454
ATws_4_4G21670	GRMZM2G010044_T01.CDS	83.0	6.27e-293	798	2060	509	506	454
ATws_4_4G30320	At4g23100	100	0.0	1054	2726	533	523	522
ATws_4_4G39230	AT4G31990	100	0.0	919	2375	462	463	462
ATws_4_4G39230	At4g31990	100	0.0	896	2315	462	454	451
ATws_4_4G39800	At4g32520	100	0.0	1050	2714	529	530	529
ATws_4_4G32280	At4g25130	99.6	1.42e-191	520	1340	258	259	258
ATws_4_4G23020	At4g11980	100	4.15e-221	599	1545	309	310	309
ATws_4_4G25760	At4g18240	100	0.0	1758	4552	1040	1041	1040
ATws_4_4G15270	At4g05180	100	6.39e-156	428	1100	230	231	230
ATws_4_4G16310	At4g08390	99.5	4.91e-238	648	1672	390	373	368
ATws_4_4G24850	At4g17300	99.8	0.0	1125	2911	567	588	567
ATws_4_4G31790	At4g24620	100	0.0	1215	3144	613	614	613
ATws_4_4G10970	At4g00490	100	0.0	1130	2924	542	543	542
ATws_4_4G44030	At4g36810	100	7.79e-255	690	1780	371	372	371
ATws_4_4G44030	At2g18620	82.6	5.31e-173	482	1240	371	348	298
ATws_4_4G38190	At4g30910	96.0	0.0	1088	2815	581	605	604
ATws_4_4G38190	At4g30920	91.2	0.0	1006	2602	581	584	582
ATws_4_5G23190	At5g15530	100	1.86e-149	414	1063	255	256	255
ATws_4_5G55460	AT5G57030	99.4	0.0	1036	2680	530	525	523
ATws_4_5G55460	At5g57030	99.4	0.0	1036	2680	530	524	523
ATws_4_5G62380	At5g64040	100	1.85e-94	268	685	171	182	142
ATws_4_5G29640	At5g23020	99.4	0.0	967	2501	503	504	503
ATws_4_5G53330	At5g54810	100	0.0	925	2391	470	471	470
ATws_4_5G53330	At4g27070	90.2	3.29e-312	843	2179	470	476	478
ATws_4_5G62640	At5g64300	100	0.0	1042	2694	543	544	543
ATws_4_5G24060	At5g16440	99.7	1.61e-207	563	1452	292	292	292
ATws_4_5G56690	At5g58260	100	3.81e-158	432	1110	209	210	209
ATws_4_5G13010	At5g04140	98.4	0.0	3171	8222	1622	1649	1648
ATws_4_5G13010	At2g41220	80.8	0.0	2627	6809	1622	1630	1613
ATws_4_5G14330	At5g05580	100	0.0	933	2412	435	436	435
ATws_4_5G14330	At3g11170	80.5	1.57e-273	743	1918	435	447	446
ATws_4_5G21170	At5g13420	100	7.51e-312	840	2169	438	439	438
ATws_4_5G64550	At5g66120	100	3.15e-320	861	2225	442	443	442
ATws_4_5G24330	At5g16715	99.9	0.0	1943	5034	1246	975	974
ATws_4_5G24330	At5g16710	100	1.10e-177	520	1339	1246	259	257
ATws_4_5G16940	At5g08280	100	4.88e-275	742	1915	382	383	382
ATws_4_5G35350	At5g35170	99.8	0.0	1103	2854	588	589	588
ATws_4_5G49560	GRMZM2G123922_T01.CDS	89.7	0.0	1485	3844	929	922	868
ATws_4_5G49560	GRMZM2G009443_T01.CDS	87.0	0.0	1461	3783	929	922	891
ATws_4_5G49560	GRMZM2G001084_T01.CDS	84.5	0.0	1147	2966	929	897	724
ATws_4_5G56270	At5g57850	99.7	2.82e-274	739	1908	373	374	373
ATws_4_5G42630	At5g43750	98.1	6.54e-156	426	1096	212	213	212
ATws_4_5G37690	At5g38410	97.3	1.05e-131	363	931	181	187	186
ATws_4_5G37690	At5g38430	96.7	1.03e-130	360	924	181	182	181
ATws_4_5G37690	At5g38420	96.7	2.08e-130	359	922	181	182	181
ATws_4_5G37690	At1g67090	91.6	2.95e-123	341	875	181	181	179
ATws_4_5G60030	At5g61580	99.2	0.0	1043	2698	530	531	530
ATws_4_5G47110	At5g48300	99.0	0.0	999	2582	520	521	520
ATws_4_5G13700	At5g04900	99.1	1.01e-243	670	1729	593	349	347
ATws_4_5G18440	At5g10160	99.5	2.53e-152	418	1074	219	220	219
ATws_4_5G18440	At2g22230	80.0	3.24e-107	304	778	219	221	195
ATws_4_5G48970	At5g50210	100	0.0	1395	3610	718	719	718
ATws_4_5G20020	At5g11880	99.8	0.0	971	2510	489	490	489
ATws_4_5G20020	At3g14390	94.1	0.0	897	2319	489	485	493
ATws_4_5G44600	At5g45680	100	1.32e-153	420	1080	208	209	208
ATws_4_5G20880	At5g13110	100	0.0	1176	3043	596	597	596
ATws_4_5G20880	At1g24280	88.1	0.0	988	2554	596	600	572
ATws_4_5G20880	GRMZM2G177077_T01.CDS	88.1	0.0	885	2286	596	599	488
ATws_4_5G20880	At5g35790	82.7	7.35e-304	832	2149	596	577	486
ATws_4_5G10200	At5g01220	99.8	0.0	999	2582	510	511	510
ATws_4_5G36320	At5g36790	100	2.03e-266	718	1854	362	363	362
ATws_4_5G36320	At5g36700	100	2.03e-266	718	1854	362	363	362
ATws_4_5G17930	At5g09650	100	6.69e-227	613	1581	300	301	300
ATws_4_5G51490	At5g52920	100	0.0	1118	2892	579	580	579
ATws_4_5G29300	At5g22620	100	0.0	953	2463	482	483	482
ATws_4_5G44850	At5g45930	99.5	2.35e-298	804	2076	418	419	418
ATws_4_5G44850	At4g18480	82.5	1.50e-245	671	1730	418	425	424
ATws_4_5G44850	GRMZM2G419806_T01.CDS	80.5	3.61e-213	588	1517	418	423	385
ATws_4_5G22930	GRMZM2G087598_T03.CDS	81.5	4.61e-09	48.9	115	686	47	27
ATws_4_5G30930	At5g24300	99.8	0.0	1333	3451	652	653	652
ATws_4_5G20890	At5g13120	99.6	4.73e-186	506	1304	259	260	259
ATws_4_5G50410	At5g51820	98.6	0.0	1216	3147	623	624	623
ATws_4_5G21380	At5g13630	100	0.0	2704	7008	1381	1382	1381
ATws_4_5G17420	At5g08740	99.4	0.0	985	2546	519	520	519
ATws_4_5G12430	At5g03555	99.7	0.0	1144	2959	599	600	599
ATws_4_5G65460	At5g67030	100	0.0	1301	3368	667	668	667
ATws_4_5G64860	At5g66450	98.3	6.51e-159	441	1134	286	309	239
ATws_4_5G56310	At5g57890	99.6	9.28e-200	542	1397	273	274	273
ATws_4_5G56310	At1g25220	89.6	3.40e-183	501	1290	273	290	288
ATws_4_5G56310	At1g24909	94.6	1.48e-152	421	1082	273	223	221
ATws_4_5G56310	At1g24807	89.3	1.07e-148	412	1058	273	236	234
ATws_4_5G45190	At5g46290	96.7	0.0	922	2384	473	490	489
ATws_4_5G31070	At5g24400	98.8	2.26e-233	632	1629	325	326	325
ATws_4_5G19130	At5g10920	99.8	0.0	1013	2620	517	518	517
ATws_4_5G29190	At5g22510	98.5	0.0	1236	3197	618	618	618
ATws_4_5G52780	At5g54190	100	5.39e-286	771	1992	405	406	405
ATws_4_5G52780	At4g27440	87.2	1.56e-245	669	1726	405	402	405
ATws_4_5G64980	At5g66570	100	1.27e-238	645	1665	332	333	332
ATws_4_5G64980	At3g50820	90.7	4.38e-216	588	1517	332	332	332
ATws_4_5G28360	At5g20980	99.8	0.0	1582	4096	812	813	812
ATws_4_5G35430	At5g35360	100	0.0	1026	2654	537	556	522
ATws_4_5G47850	At5g49030	99.9	0.0	2162	5602	1076	1280	1076
ATws_4_5G29420	At5g22800	99.2	0.0	1743	4515	978	1004	956
ATws_4_5G51150	At5g52570	99.7	3.06e-188	516	1328	303	304	303
ATws_4_5G61910	At5g63570	99.6	0.0	928	2398	474	475	474
ATws_4_5G26730	At5g19220	99.6	0.0	1012	2617	521	523	522
ATws_4_5G35310	At5g35100	100	1.52e-186	510	1313	281	291	250
ATws_4_5G21050	At5g13280	100	0.0	1091	2822	569	570	569
ATws_4_5G29310	At5g22630	99.5	1.13e-304	820	2119	425	426	425
ATws_4_5G29310	At3g44720	80.1	6.61e-230	631	1628	425	425	422
ATws_4_5G13410	At5g04590	100	0.0	1281	3315	642	643	642
ATws_4_5G23110	GRMZM2G162968_T01.CDS	84.2	0.0	1429	3699	968	975	897
ATws_4_5G23110	GRMZM2G130121_T01.CDS	81.8	0.0	969	2505	968	654	636
ATws_4_5G37700	At5g38430	98.9	1.31e-133	367	943	181	182	181
ATws_4_5G37700	At5g38420	98.9	2.64e-133	367	941	181	182	181
ATws_4_5G37700	At5g38410	95.2	2.90e-129	357	915	181	187	186
ATws_4_5G37700	At1g67090	92.7	3.08e-125	346	888	181	181	179
ATws_4_5G48740	At5g49970	100	0.0	1081	2796	530	531	530
ATws_4_5G52030	At5g53460	100.0	0.0	4359	11305	2208	2209	2208
ATws_4_5G22510	At5g14760	100	0.0	1289	3336	651	652	651
ATws_4_5G46690	At5g47840	99.6	5.77e-199	541	1394	283	284	283
ATws_4_5G41530	At5g42650	100	0.0	1040	2688	518	519	518
ATws_4_5G61690	At5g63310	100	3.22e-170	464	1194	231	232	231
ATws_4_5G63220	At5g64860	99.7	0.0	1171	3030	576	577	576
ATws_4_5G33610	At5g27380	96.5	0.0	1018	2633	544	540	543
ATws_4_5G64620	At5g66190	100	1.67e-264	713	1841	360	361	360
ATws_4_5G64620	Potri.005G112900	85.0	5.72e-227	619	1595	360	364	367
ATws_4_5G64620	Potri.007G057200	83.7	1.74e-221	605	1559	360	364	367
ATws_4_5G24020	At5g16390	100	1.20e-160	445	1144	299	281	273
ATws_4_5G43420	At5g44520	100	9.62e-193	566	1460	1426	327	296
ATws_4_5G35650	At5g35630	100	0.0	883	2281	430	431	430
ATws_4_5G32550	At5g26030	100	0.0	914	2363	466	467	466
ATws_4_5G51070	At5g52520	99.6	0.0	1086	2808	543	544	543
ATws_4_5G18610	AT1G71920	100	3.27e-309	831	2147	417	418	417
ATws_4_5G18610	At1g71920	100	3.27e-309	831	2147	417	418	417
ATws_4_5G18610	AT5G10330	100	3.27e-309	831	2147	417	418	417
ATws_4_5G18610	At5g10330	100	3.27e-309	831	2147	417	418	417
ATws_4_5G35800	At5g35790	100	0.0	1150	2974	576	577	576
ATws_4_5G35800	GRMZM2G177077_T01.CDS	84.0	1.21e-307	842	2174	576	599	486
ATws_4_5G35800	At5g13110	82.4	4.31e-305	835	2157	576	597	488
ATws_4_5G35800	At1g24280	81.2	1.36e-297	816	2108	576	600	485
ATws_4_5G14340	At1g07780	99.6	9.72e-200	543	1398	281	276	274
ATws_4_5G14340	At5g05590	99.3	2.79e-199	541	1395	281	276	274
ATws_4_5G14340	At1g29410	91.5	1.67e-126	356	914	281	245	199
ATws_4_5G59850	At5g61410	100	1.72e-199	542	1397	281	282	281
ATws_4_5G52160	At5g53580	99.7	1.19e-271	732	1889	365	366	365
ATws_4_5G23890	At5g16240	99.0	2.22e-291	784	2025	395	395	395
ATws_4_5G23890	At3g02630	85.5	4.06e-251	682	1761	395	397	400
ATws_4_5G23890	At2g43710	80.5	9.31e-212	583	1503	395	402	349
ATws_4_5G10580	At5g01600	99.6	4.88e-177	483	1244	255	256	255
ATws_4_5G22410	At5g14660	99.6	1.16e-193	527	1357	273	274	273
ATws_4_5G49750	At5g51110	99.5	1.08e-158	434	1116	220	221	220
ATws_4_5G25520	At5g17990	97.7	1.30e-296	801	2070	441	445	444
ATws_4_5G26170	At5g18660	99.8	1.86e-299	806	2083	417	418	417
ATws_4_5G23880	At5g16230	100	5.95e-297	799	2063	401	402	401
ATws_4_5G23880	At3g02610	83.3	2.41e-244	666	1719	401	414	413
ATws_4_5G42660	At5g43780	99.1	0.0	936	2418	469	470	469
ATws_4_5G61160	At5g62790	95.6	0.0	926	2394	476	498	497
ATws_4_5G56780	At5g58330	100	0.0	889	2298	443	444	443
ATws_4_5G29630	At5g23010	95.6	0.0	938	2425	859	535	502
ATws_4_5G24800	At5g17230	99.8	1.39e-308	830	2144	422	423	422
ATws_4_5G24800	AT5G17230	96.3	2.25e-304	820	2118	422	438	437
ATws_4_CG10190	AtCg00120	100	0.0	946	2446	507	508	507
ATws_4_CG11190	AtCg01110	100	3.46e-167	463	1191	234	394	223
ATws_4_CG10120	AtCg00120	100	0.0	946	2446	507	508	507
ATws_4_CG10780	AtCg00890	100	1.89e-93	271	694	140	390	136
ATws_4_CG10110	AtCg00020	100	9.64e-265	713	1841	353	354	353
ATws_4_CG10270	AtCg00350	100	0.0	1545	4001	750	751	750
ATws_4_CG10960	AtCg00890	100	1.89e-93	271	694	140	390	136
ATws_4_CG10480	AtCg00490	93.9	0.0	917	2369	460	480	479
ATws_4_CG10480	GRMZM2G360821_T01.CDS	86.7	7.22e-320	863	2229	460	484	483
ATws_4_CG10480	GRMZM2G385635_T01.CDS	86.7	7.22e-320	863	2229	460	484	483
ATws_4_CG10480	GRMZM2G448344_T01.CDS	86.7	7.22e-320	863	2229	460	484	483
ATws_4_CG10480	GRMZM5G815453_T01.CDS	86.7	7.22e-320	863	2229	460	484	483
ATws_4_CG11270	AtCg00120	100	0.0	946	2446	507	508	507
ATws_4_CG10360	AtCg00480	100	0.0	955	2469	498	499	498
ATws_4_CG10360	GRMZM2G385622_T01.CDS	91.0	0.0	877	2267	498	499	498
ATws_4_CG10360	GRMZM5G808402_T01.CDS	91.0	0.0	877	2267	498	499	498
ATws_4_CG10360	GRMZM2G448389_T01.CDS	90.8	0.0	876	2263	498	499	498
ATws_4_CG10360	GRMZM2G062854_T01.CDS	90.7	1.91e-265	724	1868	498	410	409
ATws_4_CG10360	GRMZM2G448142_T02.CDS	94.8	1.72e-245	675	1741	498	449	368
ATws_4_CG10360	GRMZM2G448142_T01.CDS	94.8	1.72e-245	675	1741	498	449	368
ATws_4_CG10330	AtCg00420	100	6.21e-123	338	868	158	159	158
ATws_4_CG10240	AtCg00280	98.1	0.0	949	2452	758	474	464
ATws_4_CG10240	AtCg00270	97.5	5.71e-227	634	1636	758	354	317
ATws_4_CG10940	AtCg00890	100	1.89e-93	271	694	140	390	136
ATws_4_CG10050	AtCg00150	100	6.46e-179	488	1255	249	250	249
ATws_4_CG11230	AtCg00890	100	1.89e-93	271	694	140	390	136
ATws_4_CG11180	AtCg01110	100	2.02e-300	807	2085	402	394	393
ATws_4_CG11050	AtCg01110	100	2.02e-300	807	2085	402	394	393
ATws_4_CG10340	AtCg00430	100	4.59e-167	456	1172	225	226	225
ATws_4_CG10340	GRMZM2G448142_T03.CDS	83.7	9.22e-135	375	963	225	255	227
ATws_4_CG10710	AtCg00680	100	0.0	1061	2744	508	509	508
ATws_4_CG10180	AtCg00020	100	9.64e-265	713	1841	353	354	353
ATws_4_CG10720	AtCg00710	100	6.37e-32	103	257	103	74	51
ATws_4_CG10260	AtCg00340	100	0.0	1533	3969	734	735	734
ATws_4_CG11260	AtCg00020	100	9.64e-265	713	1841	353	354	353
ATws_4_CG10200	AtCg00150	100	6.46e-179	488	1255	249	250	249
ATws_4_CG10370	AtCg00490	100	0.0	986	2550	486	480	479
ATws_4_CG10370	GRMZM2G360821_T01.CDS	92.5	0.0	931	2405	486	484	483
ATws_4_CG10370	GRMZM2G385635_T01.CDS	92.5	0.0	931	2405	486	484	483
ATws_4_CG10370	GRMZM2G448344_T01.CDS	92.5	0.0	931	2405	486	484	483
ATws_4_CG10370	GRMZM5G815453_T01.CDS	92.5	0.0	931	2405	486	484	483
ATws_4_CG10490	AtCg00500	100	3.02e-157	442	1136	244	489	228
ATws_4_CG10420	AtCg00340	100	0.0	1533	3969	734	735	734
ATws_4_CG10590	AtCg00680	100	0.0	1061	2744	508	509	508
ATws_4_CG10040	AtCg00120	100	0.0	946	2446	507	508	507
ATws_4_CG10350	AtCg00470	100	9.95e-44	134	336	73	133	73
ATws_4_CG10510	AtCg00350	100	0.0	1545	4001	750	751	750
ATws_4_CG10520	AtCg00420	100	6.21e-123	338	868	158	159	158
ATws_4_CG10820	AtCg00680	100	0.0	1061	2744	508	509	508
ATws_4_CG10680	AtCg00500	100	7.67e-162	453	1165	233	489	233
ATws_4_CG11000	AtCg01110	100	2.02e-300	807	2085	402	394	393
ATws_4_CG10030	AtCg00020	100	9.64e-265	713	1841	353	354	353
ATws_4_CG10660	AtCg00480	100	0.0	955	2469	498	499	498
ATws_4_CG10660	GRMZM2G385622_T01.CDS	91.0	0.0	877	2267	498	499	498
ATws_4_CG10660	GRMZM5G808402_T01.CDS	91.0	0.0	877	2267	498	499	498
ATws_4_CG10660	GRMZM2G448389_T01.CDS	90.8	0.0	876	2263	498	499	498
ATws_4_CG10660	GRMZM2G062854_T01.CDS	90.7	1.91e-265	724	1868	498	410	409
ATws_4_CG10660	GRMZM2G448142_T02.CDS	94.8	1.72e-245	675	1741	498	449	368
ATws_4_CG10660	GRMZM2G448142_T01.CDS	94.8	1.72e-245	675	1741	498	449	368
ATws_4_CG10560	AtCg00500	100	7.67e-162	453	1165	233	489	233
ATws_4_CG10500	AtCg00340	100	2.10e-266	733	1891	350	735	347
ATws_4_CG10600	AtCg00710	86.9	8.57e-31	105	263	251	74	61
ATws_4_CG10530	AtCg00430	100	4.59e-167	456	1172	225	226	225
ATws_4_CG10530	GRMZM2G448142_T03.CDS	83.7	9.22e-135	375	963	225	255	227
ATws_4_CG10630	AtCg00420	100	6.21e-123	338	868	158	159	158
ATws_4_CG10830	AtCg00710	100	6.37e-32	103	257	103	74	51
ATws_4_CG10450	AtCg00430	100	4.59e-167	456	1172	225	226	225
ATws_4_CG10450	GRMZM2G448142_T03.CDS	83.7	9.22e-135	375	963	225	255	227
ATws_4_CG10540	AtCg00480	89.4	1.96e-307	832	2150	469	499	500
ATws_4_CG10540	GRMZM2G385622_T01.CDS	81.2	1.18e-278	759	1961	469	499	500
ATws_4_CG10540	GRMZM5G808402_T01.CDS	81.2	1.18e-278	759	1961	469	499	500
ATws_4_CG10540	GRMZM2G448389_T01.CDS	81.0	4.79e-278	758	1957	469	499	500
ATws_4_CG10540	GRMZM2G448142_T02.CDS	81.6	1.86e-199	557	1435	469	449	370
ATws_4_CG10540	GRMZM2G448142_T01.CDS	81.6	1.86e-199	557	1435	469	449	370
ATws_4_CG10640	AtCg00430	100	4.59e-167	456	1172	225	226	225
ATws_4_CG10640	GRMZM2G448142_T03.CDS	83.7	9.22e-135	375	963	225	255	227
ATws_4_CG11090	AtCg00890	100	1.89e-93	271	694	140	390	136
ATws_4_CG10670	AtCg00490	100	0.0	986	2550	486	480	479
ATws_4_CG10670	GRMZM2G360821_T01.CDS	92.5	0.0	931	2405	486	484	483
ATws_4_CG10670	GRMZM2G385635_T01.CDS	92.5	0.0	931	2405	486	484	483
ATws_4_CG10670	GRMZM2G448344_T01.CDS	92.5	0.0	931	2405	486	484	483
ATws_4_CG10670	GRMZM5G815453_T01.CDS	92.5	0.0	931	2405	486	484	483
ATws_4_CG11010	AtCg00890	100	1.89e-93	271	694	140	390	136
ATws_4_CG10440	AtCg00420	100	6.21e-123	338	868	158	159	158
ATws_4_CG11130	AtCg00890	100	1.89e-93	271	694	140	390	136
ATws_4_CG11280	AtCg00150	100	6.46e-179	488	1255	249	250	249
ATws_4_CG10470	AtCg00480	100	0.0	955	2469	498	499	498
ATws_4_CG10470	GRMZM2G385622_T01.CDS	91.0	0.0	877	2267	498	499	498
ATws_4_CG10470	GRMZM5G808402_T01.CDS	91.0	0.0	877	2267	498	499	498
ATws_4_CG10470	GRMZM2G448389_T01.CDS	90.8	0.0	876	2263	498	499	498
ATws_4_CG10470	GRMZM2G062854_T01.CDS	90.7	1.91e-265	724	1868	498	410	409
ATws_4_CG10470	GRMZM2G448142_T02.CDS	94.8	1.72e-245	675	1741	498	449	368
ATws_4_CG10470	GRMZM2G448142_T01.CDS	94.8	1.72e-245	675	1741	498	449	368
ATws_4_CG10130	AtCg00150	100	6.46e-179	488	1255	249	250	249
ATws_4_CG10550	AtCg00490	100	0.0	986	2550	486	480	479
ATws_4_CG10550	GRMZM2G360821_T01.CDS	92.5	0.0	931	2405	486	484	483
ATws_4_CG10550	GRMZM2G385635_T01.CDS	92.5	0.0	931	2405	486	484	483
ATws_4_CG10550	GRMZM2G448344_T01.CDS	92.5	0.0	931	2405	486	484	483
ATws_4_CG10550	GRMZM5G815453_T01.CDS	92.5	0.0	931	2405	486	484	483
ATws_4_CG10650	AtCg00470	100	9.95e-44	134	336	73	133	73
ATws_4_CG10310	AtCg00340	100	0.0	1533	3969	734	735	734
ATws_4_CG10320	AtCg00350	100	0.0	1545	4001	750	751	750
ATws_4_CG10290	AtCg00280	98.1	0.0	949	2452	758	474	464
ATws_4_CG10290	AtCg00270	97.5	5.71e-227	634	1636	758	354	317
ATws_4_CG10380	AtCg00500	100	7.67e-162	453	1165	233	489	233
ATws_4_CG10400	AtCg00280	98.1	0.0	949	2452	758	474	464
ATws_4_CG10400	AtCg00270	97.5	5.71e-227	634	1636	758	354	317
ATws_4_CG10460	AtCg00470	100	9.95e-44	134	336	73	133	73
ATws_4_CG10430	AtCg00350	100	0.0	1545	4001	750	751	750
