Bay-0_rxns,Bay-0_kcat
6PGL_h,3376.5
ABCAT_h1,835
ABCAT_h2,835
ABCAT_h3,835
ABCAT_h4,835
ABCAT_h5,835
ACoAC_h_EXP_1,301
ACoAC_h_EXP_2,30.1
AGNDA_h_EXP_1,6.1
AGNDA_h_EXP_2,6.1
AGNDA_h_EXP_3,6.1
AGNDA_h_EXP_4,6.1
AGPase_h_EXP_1,59.5
AGPase_h_EXP_2,59.5
AGPase_h_EXP_3,59.5
AGPase_h_EXP_4,59.5
AGPase_h_EXP_5,59.5
AGPase_h_EXP_6,59.5
AICARTf_h,13.0166166666667
ALS1_h,486
AOS_h_EXP_1,537.8
AOS_h_EXP_2,537.8
AOX4_h,0.0865
AOX_h_EXP_1,75
AOX_h_EXP_2,75
AOX_h_EXP_3,75
APSR_h_EXP_1,8.4
APSR_h_EXP_2,8.4
APSR_h_EXP_3,8.4
ATPSL_h_EXP_1,2.11
ATPSL_h_EXP_2,2.11
ATPSL_h_EXP_3,2.11
CBPS_h,9.4
CDPMEK_h,20.02
CDS_h_EXP_1,8.92
CDS_h_EXP_2,8.92
CPPGO_h,16
CTHS_h,121
ChlPLbR_h1,0.7399
ChlPLbR_h1_REV,4670
ChlPLbR_h2,1.3366
ChlPLbR_h2_REV,0.8593
ChlPLbR_h3,0.7399
ChlPLbR_h3_REV,4670
ChlPLbR_h4,1.3366
ChlPLbR_h4_REV,0.8593
ChlS_h1,2170
ChlS_h1_REV,2170
ChlS_h2,2170
ChlS_h2_REV,2170
DAPAT_h,19
DAPDC_h_EXP_1,15.65
DAPDC_h_EXP_2,15.65
DHDPS_h,465
DHLAcT_h_EXP_1,545.333333333333
DHLAcT_h_EXP_2,5.45333333333333
DHLAcT_h_REV_EXP_1,5.45333333333333
DHLAcT_h_REV_EXP_2,5.45333333333333
DPE11_h,580
DPE12_h,1.3
DPE13_h,1.3
DXPRI_h,4.4
DXPRI_h_REV,44
DXS_h_EXP_1,53
DXS_h_EXP_2,0.53
ENR_NADH_h1,91.13
ENR_NADH_h2,91.13
ENR_NADH_h3,91.13
ENR_NADH_h4,91.13
ENR_NADH_h5,91.13
ENR_NADH_h6,91.13
ENR_NADH_h7,91.13
ENR_NADH_h8,91.13
FAD4_EXP_1,0.17
FAD4_EXP_2,0.17
FAD4_EXP_3,0.17
FAD5_h1,1.7
FAD5_h2,1.7
FAD5_h3,17
FAD6_h1,1.30666666666667
FAD6_h10,0.130666666666667
FAD6_h11,0.130666666666667
FAD6_h12,13.0666666666667
FAD6_h13,0.130666666666667
FAD6_h14,0.130666666666667
FAD6_h15,0.130666666666667
FAD6_h2,1.30666666666667
FAD6_h3,13.0666666666667
FAD6_h4,0.130666666666667
FAD6_h5,13.0666666666667
FAD6_h6,0.130666666666667
FAD6_h7,0.130666666666667
FAD6_h8,0.130666666666667
FAD6_h9,0.130666666666667
FAD7_8_h10_EXP_1,0.17
FAD7_8_h10_EXP_2,0.17
FAD7_8_h11_EXP_1,0.17
FAD7_8_h11_EXP_2,0.17
FAD7_8_h12_EXP_1,0.17
FAD7_8_h12_EXP_2,1.7
FAD7_8_h13_EXP_1,0.17
FAD7_8_h13_EXP_2,0.17
FAD7_8_h14_EXP_1,0.17
FAD7_8_h14_EXP_2,0.17
FAD7_8_h15_EXP_1,0.17
FAD7_8_h15_EXP_2,0.17
FAD7_8_h16_EXP_1,0.17
FAD7_8_h16_EXP_2,0.17
FAD7_8_h17_EXP_1,0.17
FAD7_8_h17_EXP_2,0.17
FAD7_8_h18_EXP_1,0.17
FAD7_8_h18_EXP_2,0.17
FAD7_8_h19_EXP_1,0.17
FAD7_8_h19_EXP_2,0.17
FAD7_8_h1_EXP_1,0.17
FAD7_8_h1_EXP_2,0.17
FAD7_8_h2_EXP_1,0.17
FAD7_8_h2_EXP_2,0.17
FAD7_8_h3_EXP_1,0.17
FAD7_8_h3_EXP_2,1.7
FAD7_8_h4_EXP_1,0.17
FAD7_8_h4_EXP_2,0.17
FAD7_8_h5_EXP_1,0.17
FAD7_8_h5_EXP_2,1.7
FAD7_8_h6_EXP_1,0.17
FAD7_8_h6_EXP_2,0.17
FAD7_8_h7_EXP_1,0.17
FAD7_8_h7_EXP_2,0.17
FAD7_8_h8_EXP_1,0.17
FAD7_8_h8_EXP_2,0.17
FAD7_8_h9_EXP_1,0.17
FAD7_8_h9_EXP_2,0.17
FAT_h1_EXP_1,6.08
FAT_h1_EXP_2,6.08
FAT_h2_EXP_1,6.08
FAT_h2_EXP_2,6.08
FAT_h3_EXP_1,6.08
FAT_h3_EXP_2,6.08
FAX1_h1,25
FAX1_h2,25
FAX1_h3,25
FGAMAL_h,5
FPAL_h,4.00325
FPPS_h_EXP_1,0.49
FPPS_h_EXP_2,0.49
FPPS_h_EXP_3,0.49
FPPS_h_EXP_4,0.49
FPPS_h_EXP_5,4.9
GCEAK_h,354.9
GPAT_h1,11
GPAT_h2,11
GPPS_h_EXP_1,1.1
GPPS_h_EXP_2,1.1
GPPS_h_EXP_3,1.1
GPPS_h_EXP_4,1.1
GPPS_h_EXP_5,1.1
GPPS_h_EXP_6,1.1
GPPS_h_EXP_7,11
GPPS_h_REV_EXP_1,1.1
GPPS_h_REV_EXP_2,1.1
GPPS_h_REV_EXP_3,1.1
GPPS_h_REV_EXP_4,1.1
GPPS_h_REV_EXP_5,1.1
GPPS_h_REV_EXP_6,1.1
GPPS_h_REV_EXP_7,1.1
GlnS_h,7.1
HAD_h1_EXP_1,6.1
HAD_h1_EXP_2,61
HAD_h2_EXP_1,6.1
HAD_h2_EXP_2,61
HAD_h3_EXP_1,6.1
HAD_h3_EXP_2,61
HAD_h4_EXP_1,6.1
HAD_h4_EXP_2,61
HAD_h5_EXP_1,6.1
HAD_h5_EXP_2,61
HAD_h6_EXP_1,6.1
HAD_h6_EXP_2,61
HAD_h7_EXP_1,6.1
HAD_h7_EXP_2,61
HAD_h8_EXP_1,6.1
HAD_h8_EXP_2,6.1
HSerK_h,40.8
IMPAL_h,5.5
KAR_h1,344.7
KAR_h2,344.7
KAR_h3,344.7
KAR_h4,344.7
KAR_h5,344.7
KAR_h6,344.7
KAR_h7,344.7
KAR_h8,344.7
KASIII_h,28
KASI_h1,551
KASI_h2,551
KASI_h3,551
KASI_h4,551
KASI_h5,551
KASI_h6,551
LOX_h_EXP_1,64
LOX_h_EXP_2,64
LOX_h_EXP_3,64
LPAT_h1,39.6
LPAT_h2,39.6
MTHFT_h,40
MgPPL_h_EXP_1,0.03
MgPPL_h_EXP_2,30
MgPPL_h_REV_EXP_1,0.03
MgPPL_h_REV_EXP_2,0.03
MgPPOR_h1,8.962
MgPPOR_h2,8.962
MgPPOR_h3,8.962
NADK_h,390.5
NDC1_1_h,0.031
NDC1_2_h,0.031
NDH_h_EXP_1,1.6186
NDH_h_EXP_10,0.0357
NDH_h_EXP_11,97.3699
NDH_h_EXP_12,1.2719
NDH_h_EXP_13,0.7038
NDH_h_EXP_2,1.5004
NDH_h_EXP_3,2.1002
NDH_h_EXP_4,0.0064
NDH_h_EXP_5,0.0503
NDH_h_EXP_6,0.0657
NDH_h_EXP_7,1.4882
NDH_h_EXP_8,28.5449
NDH_h_EXP_9,0.4228
NO2R_h,200
O2redPSI_h_EXP_1,387
O2redPSI_h_EXP_2,387
O2redPSI_h_EXP_3,387
O2redPSI_h_EXP_4,387
O2redPSI_h_EXP_5,387
O2redPSI_h_EXP_6,387
O2redPSI_h_EXP_7,387
O2redPSI_h_EXP_8,387
PAP_h1,354
PAP_h2,354
PAP_h3,354
PAP_h4,354
PAP_h5,354
PES_pg100_EXP_1,39.6
PES_pg100_EXP_2,39.6
PES_pg101_EXP_1,39.6
PES_pg101_EXP_2,39.6
PES_pg102_EXP_1,39.6
PES_pg102_EXP_2,39.6
PES_pg103_EXP_1,39.6
PES_pg103_EXP_2,39.6
PES_pg104_EXP_1,39.6
PES_pg104_EXP_2,39.6
PES_pg105_EXP_1,39.6
PES_pg105_EXP_2,39.6
PES_pg106_EXP_1,39.6
PES_pg106_EXP_2,39.6
PES_pg107_EXP_1,39.6
PES_pg107_EXP_2,39.6
PES_pg108_EXP_1,39.6
PES_pg108_EXP_2,39.6
PES_pg109_EXP_1,39.6
PES_pg109_EXP_2,39.6
PES_pg10_EXP_1,39.6
PES_pg10_EXP_2,39.6
PES_pg110_EXP_1,39.6
PES_pg110_EXP_2,39.6
PES_pg111_EXP_1,39.6
PES_pg111_EXP_2,39.6
PES_pg112_EXP_1,39.6
PES_pg112_EXP_2,39.6
PES_pg113_EXP_1,39.6
PES_pg113_EXP_2,39.6
PES_pg114_EXP_1,39.6
PES_pg114_EXP_2,39.6
PES_pg115_EXP_1,39.6
PES_pg115_EXP_2,39.6
PES_pg116_EXP_1,39.6
PES_pg116_EXP_2,39.6
PES_pg117_EXP_1,39.6
PES_pg117_EXP_2,39.6
PES_pg118_EXP_1,39.6
PES_pg118_EXP_2,39.6
PES_pg119_EXP_1,39.6
PES_pg119_EXP_2,39.6
PES_pg11_EXP_1,39.6
PES_pg11_EXP_2,39.6
PES_pg120_EXP_1,39.6
PES_pg120_EXP_2,39.6
PES_pg121_EXP_1,39.6
PES_pg121_EXP_2,39.6
PES_pg122_EXP_1,39.6
PES_pg122_EXP_2,39.6
PES_pg123_EXP_1,39.6
PES_pg123_EXP_2,39.6
PES_pg124_EXP_1,39.6
PES_pg124_EXP_2,39.6
PES_pg125_EXP_1,39.6
PES_pg125_EXP_2,39.6
PES_pg126_EXP_1,39.6
PES_pg126_EXP_2,39.6
PES_pg127_EXP_1,39.6
PES_pg127_EXP_2,39.6
PES_pg128_EXP_1,39.6
PES_pg128_EXP_2,39.6
PES_pg129_EXP_1,39.6
PES_pg129_EXP_2,39.6
PES_pg12_EXP_1,39.6
PES_pg12_EXP_2,39.6
PES_pg130_EXP_1,39.6
PES_pg130_EXP_2,39.6
PES_pg131_EXP_1,39.6
PES_pg131_EXP_2,39.6
PES_pg132_EXP_1,39.6
PES_pg132_EXP_2,39.6
PES_pg133_EXP_1,39.6
PES_pg133_EXP_2,39.6
PES_pg134_EXP_1,39.6
PES_pg134_EXP_2,39.6
PES_pg135_EXP_1,39.6
PES_pg135_EXP_2,39.6
PES_pg136_EXP_1,39.6
PES_pg136_EXP_2,39.6
PES_pg137_EXP_1,39.6
PES_pg137_EXP_2,39.6
PES_pg138_EXP_1,39.6
PES_pg138_EXP_2,39.6
PES_pg139_EXP_1,39.6
PES_pg139_EXP_2,39.6
PES_pg13_EXP_1,39.6
PES_pg13_EXP_2,39.6
PES_pg140_EXP_1,39.6
PES_pg140_EXP_2,39.6
PES_pg141_EXP_1,39.6
PES_pg141_EXP_2,39.6
PES_pg142_EXP_1,39.6
PES_pg142_EXP_2,39.6
PES_pg143_EXP_1,39.6
PES_pg143_EXP_2,39.6
PES_pg144_EXP_1,39.6
PES_pg144_EXP_2,39.6
PES_pg145_EXP_1,39.6
PES_pg145_EXP_2,39.6
PES_pg146_EXP_1,39.6
PES_pg146_EXP_2,39.6
PES_pg147_EXP_1,39.6
PES_pg147_EXP_2,39.6
PES_pg148_EXP_1,39.6
PES_pg148_EXP_2,39.6
PES_pg149_EXP_1,39.6
PES_pg149_EXP_2,39.6
PES_pg14_EXP_1,39.6
PES_pg14_EXP_2,39.6
PES_pg150_EXP_1,39.6
PES_pg150_EXP_2,39.6
PES_pg151_EXP_1,39.6
PES_pg151_EXP_2,39.6
PES_pg152_EXP_1,39.6
PES_pg152_EXP_2,39.6
PES_pg15_EXP_1,39.6
PES_pg15_EXP_2,39.6
PES_pg16_EXP_1,39.6
PES_pg16_EXP_2,39.6
PES_pg17_EXP_1,39.6
PES_pg17_EXP_2,39.6
PES_pg18_EXP_1,39.6
PES_pg18_EXP_2,39.6
PES_pg19_EXP_1,39.6
PES_pg19_EXP_2,39.6
PES_pg1_EXP_1,39.6
PES_pg1_EXP_2,39.6
PES_pg20_EXP_1,39.6
PES_pg20_EXP_2,39.6
PES_pg21_EXP_1,39.6
PES_pg21_EXP_2,39.6
PES_pg22_EXP_1,39.6
PES_pg22_EXP_2,39.6
PES_pg23_EXP_1,39.6
PES_pg23_EXP_2,39.6
PES_pg24_EXP_1,39.6
PES_pg24_EXP_2,39.6
PES_pg25_EXP_1,39.6
PES_pg25_EXP_2,39.6
PES_pg26_EXP_1,39.6
PES_pg26_EXP_2,39.6
PES_pg27_EXP_1,39.6
PES_pg27_EXP_2,39.6
PES_pg28_EXP_1,39.6
PES_pg28_EXP_2,39.6
PES_pg29_EXP_1,39.6
PES_pg29_EXP_2,39.6
PES_pg2_EXP_1,39.6
PES_pg2_EXP_2,39.6
PES_pg30_EXP_1,39.6
PES_pg30_EXP_2,39.6
PES_pg31_EXP_1,39.6
PES_pg31_EXP_2,39.6
PES_pg32_EXP_1,39.6
PES_pg32_EXP_2,39.6
PES_pg33_EXP_1,39.6
PES_pg33_EXP_2,39.6
PES_pg34_EXP_1,39.6
PES_pg34_EXP_2,39.6
PES_pg35_EXP_1,39.6
PES_pg35_EXP_2,39.6
PES_pg36_EXP_1,39.6
PES_pg36_EXP_2,39.6
PES_pg37_EXP_1,39.6
PES_pg37_EXP_2,39.6
PES_pg38_EXP_1,39.6
PES_pg38_EXP_2,39.6
PES_pg39_EXP_1,39.6
PES_pg39_EXP_2,39.6
PES_pg3_EXP_1,39.6
PES_pg3_EXP_2,39.6
PES_pg40_EXP_1,39.6
PES_pg40_EXP_2,39.6
PES_pg41_EXP_1,39.6
PES_pg41_EXP_2,39.6
PES_pg42_EXP_1,39.6
PES_pg42_EXP_2,39.6
PES_pg43_EXP_1,39.6
PES_pg43_EXP_2,39.6
PES_pg44_EXP_1,39.6
PES_pg44_EXP_2,39.6
PES_pg45_EXP_1,39.6
PES_pg45_EXP_2,39.6
PES_pg46_EXP_1,39.6
PES_pg46_EXP_2,39.6
PES_pg47_EXP_1,39.6
PES_pg47_EXP_2,39.6
PES_pg48_EXP_1,39.6
PES_pg48_EXP_2,39.6
PES_pg49_EXP_1,39.6
PES_pg49_EXP_2,39.6
PES_pg4_EXP_1,39.6
PES_pg4_EXP_2,39.6
PES_pg50_EXP_1,39.6
PES_pg50_EXP_2,39.6
PES_pg51_EXP_1,39.6
PES_pg51_EXP_2,39.6
PES_pg52_EXP_1,39.6
PES_pg52_EXP_2,39.6
PES_pg53_EXP_1,39.6
PES_pg53_EXP_2,39.6
PES_pg54_EXP_1,39.6
PES_pg54_EXP_2,39.6
PES_pg55_EXP_1,39.6
PES_pg55_EXP_2,39.6
PES_pg56_EXP_1,39.6
PES_pg56_EXP_2,39.6
PES_pg57_EXP_1,39.6
PES_pg57_EXP_2,39.6
PES_pg58_EXP_1,39.6
PES_pg58_EXP_2,39.6
PES_pg59_EXP_1,39.6
PES_pg59_EXP_2,39.6
PES_pg5_EXP_1,39.6
PES_pg5_EXP_2,39.6
PES_pg60_EXP_1,39.6
PES_pg60_EXP_2,39.6
PES_pg61_EXP_1,39.6
PES_pg61_EXP_2,39.6
PES_pg62_EXP_1,39.6
PES_pg62_EXP_2,39.6
PES_pg63_EXP_1,39.6
PES_pg63_EXP_2,39.6
PES_pg64_EXP_1,39.6
PES_pg64_EXP_2,39.6
PES_pg65_EXP_1,39.6
PES_pg65_EXP_2,39.6
PES_pg66_EXP_1,39.6
PES_pg66_EXP_2,39.6
PES_pg67_EXP_1,39.6
PES_pg67_EXP_2,39.6
PES_pg68_EXP_1,39.6
PES_pg68_EXP_2,39.6
PES_pg69_EXP_1,39.6
PES_pg69_EXP_2,39.6
PES_pg6_EXP_1,39.6
PES_pg6_EXP_2,39.6
PES_pg70_EXP_1,39.6
PES_pg70_EXP_2,39.6
PES_pg71_EXP_1,39.6
PES_pg71_EXP_2,39.6
PES_pg72_EXP_1,39.6
PES_pg72_EXP_2,39.6
PES_pg73_EXP_1,39.6
PES_pg73_EXP_2,39.6
PES_pg74_EXP_1,39.6
PES_pg74_EXP_2,39.6
PES_pg75_EXP_1,39.6
PES_pg75_EXP_2,39.6
PES_pg76_EXP_1,39.6
PES_pg76_EXP_2,39.6
PES_pg77_EXP_1,39.6
PES_pg77_EXP_2,39.6
PES_pg78_EXP_1,39.6
PES_pg78_EXP_2,39.6
PES_pg79_EXP_1,39.6
PES_pg79_EXP_2,39.6
PES_pg7_EXP_1,39.6
PES_pg7_EXP_2,39.6
PES_pg80_EXP_1,39.6
PES_pg80_EXP_2,39.6
PES_pg81_EXP_1,39.6
PES_pg81_EXP_2,39.6
PES_pg82_EXP_1,39.6
PES_pg82_EXP_2,39.6
PES_pg83_EXP_1,39.6
PES_pg83_EXP_2,39.6
PES_pg84_EXP_1,39.6
PES_pg84_EXP_2,39.6
PES_pg85_EXP_1,39.6
PES_pg85_EXP_2,39.6
PES_pg86_EXP_1,39.6
PES_pg86_EXP_2,39.6
PES_pg87_EXP_1,39.6
PES_pg87_EXP_2,39.6
PES_pg88_EXP_1,39.6
PES_pg88_EXP_2,39.6
PES_pg89_EXP_1,39.6
PES_pg89_EXP_2,39.6
PES_pg8_EXP_1,39.6
PES_pg8_EXP_2,39.6
PES_pg90_EXP_1,39.6
PES_pg90_EXP_2,39.6
PES_pg91_EXP_1,39.6
PES_pg91_EXP_2,39.6
PES_pg92_EXP_1,39.6
PES_pg92_EXP_2,39.6
PES_pg93_EXP_1,39.6
PES_pg93_EXP_2,39.6
PES_pg94_EXP_1,39.6
PES_pg94_EXP_2,39.6
PES_pg95_EXP_1,39.6
PES_pg95_EXP_2,39.6
PES_pg96_EXP_1,39.6
PES_pg96_EXP_2,39.6
PES_pg97_EXP_1,39.6
PES_pg97_EXP_2,39.6
PES_pg98_EXP_1,39.6
PES_pg98_EXP_2,39.6
PES_pg99_EXP_1,39.6
PES_pg99_EXP_2,39.6
PES_pg9_EXP_1,39.6
PES_pg9_EXP_2,39.6
PGM_h,398
PGM_h_REV,135
PGPP_h,24
PGPS_h,73.3333333333333
PIMCARCL_h,77
PPBS_h,16.1
PPiase_h,121
PRAGL_h,7
PSII_h_EXP_1,761.176
PSII_h_EXP_2,761.176
PSII_h_EXP_3,761.176
PSII_h_EXP_4,761.176
PSI_h_EXP_1,387
PSI_h_EXP_2,387
PSI_h_EXP_3,387
PSI_h_EXP_4,387
PSI_h_EXP_5,38700
PSI_h_EXP_6,387
PSI_h_EXP_7,387
PSI_h_EXP_8,387
PyrDH2_h_EXP_1,486
PyrDH2_h_EXP_2,486
PyrDH2_h_EXP_3,486
PyrK_h_EXP_1,3204
PyrK_h_EXP_2,3204
QS_h,8
R00006,16.1
R00021_EXP_1,137
R00021_EXP_2,137
R00021_EXP_3,137
R00066,0.27
R00078_EXP_1,25
R00078_EXP_2,25
R00078_EXP_3,25
R00078_EXP_4,25
R00078_REV_EXP_1,25
R00078_REV_EXP_2,25
R00078_REV_EXP_3,25
R00078_REV_EXP_4,25
R00086,28.9333333333333
R00093,70
R00094,53.72
R00094_REV,50.14
R00095,200
R00111,12.956
R00114,41.9
R00115,50.14
R00118,1.4817
R00127,879.5
R00127_REV,879.5
R00149,13.1841
R00156,2085
R00158,1.2556
R00158_REV,2.5191
R00160,2333333.33333333
R00220,1786.66666666667
R00226,16.1
R00243,18.7434
R00243_REV,51.79
R00256_EXP_1,8.1
R00256_EXP_2,8.1
R00256_EXP_3,8.1
R00256_EXP_4,8.1
R00259,0.963
R00259_REV,0.9332
R00269,79.3785
R00274,30.3237
R00275,100000
R00275_REV,100000
R00277,0.0183
R00278,0.236
R00292,12.8333333333333
R00292_2,12.8333333333333
R00310_EXP_1,0.0987
R00310_EXP_2,0.4005
R00310_REV_EXP_1,25
R00310_REV_EXP_2,25
R00311,25
R00330,2085
R00331,2085
R00331_REV,2085
R00342,4729
R00342_REV,4553
R00343,1520
R00343_REV,1520
R00348,37.9952
R00355_EXP_1,574
R00355_EXP_2,574
R00355_REV_EXP_1,574
R00355_REV_EXP_2,574
R00357,10.6
R00400_EXP_1,128.4311
R00400_EXP_2,2607.9035
R00400_REV_EXP_1,69.8481
R00400_REV_EXP_2,1192.335
R00425,432
R00425_REV,432
R00429_EXP_1,1.3398
R00429_EXP_2,1.2026
R00430_EXP_1,3204
R00430_EXP_2,3204
R00480_EXP_1,0.333
R00480_EXP_2,0.333
R00480_EXP_3,0.333
R00480_EXP_4,0.333
R00481,10.6
R00497,2.9172
R00509,124.7182
R00557,17.0473
R00558,17.0473
R00570,2085
R00572_EXP_1,3204
R00572_EXP_2,3204
R00582,1.85
R00644_EXP_1,696
R00644_EXP_2,696
R00658,230
R00658_REV,34.07
R00659_EXP_1,3204
R00659_EXP_2,3204
R00674_EXP_1,0.007
R00674_EXP_2,0.007
R00691_EXP_1,0.4183
R00691_EXP_2,0.1276
R00691_EXP_3,1.042
R00694_EXP_1,574
R00694_EXP_2,574
R00694_REV_EXP_1,574
R00694_REV_EXP_2,574
R00722,2085
R00722_REV,2085
R00724_EXP_1,3204
R00724_EXP_2,3204
R00733,84.2
R00734_EXP_1,6.9708
R00734_EXP_2,30.7089
R00734_EXP_3,6.1674
R00734_EXP_4,468.9381
R00734_REV_EXP_1,8.5848
R00734_REV_EXP_2,48.0146
R00734_REV_EXP_3,8.5955
R00734_REV_EXP_4,923.3896
R00756_EXP_1,60
R00756_EXP_2,60
R00760,15.1962
R00762,2.5
R00767_EXP_1,60
R00767_EXP_2,60
R00769_EXP_1,60
R00769_EXP_2,60
R00770_EXP_1,60
R00770_EXP_2,60
R00771,2765
R00771_REV,650
R00802,36.4338
R00835_EXP_1,3500
R00835_EXP_2,3500
R00835_EXP_3,3500
R00835_EXP_4,3500
R00851,23.3181
R00851_REV,34.5967
R00867,15.1962
R00894,6.8
R00895_EXP_1,574
R00895_EXP_2,574
R00895_REV_EXP_1,574
R00895_REV_EXP_2,574
R00896_EXP_1,1.0213
R00896_EXP_2,293.3241
R00896_REV_EXP_1,288.7619
R00896_REV_EXP_2,3576.2069
R00897,232
R00899_EXP_1,60.0721
R00899_EXP_2,39.2676
R00945,5
R00945_REV,8.95
R00951,0.006
R00959,135
R00959_REV,398
R00966,25
R00966_REV,11.045
R00978,0.65
R00978_REV,0.6131
R00985,0.58
R00985_REV,0.58
R00986_EXP_1,0.58
R00986_EXP_2,0.58
R00994,8.6574
R00994_REV,6.0888
R00996,1786.66666666667
R01015,3372
R01015_REV,1080
R01054_EXP_1,5.0133
R01054_EXP_2,0.0101
R01056,52000
R01056_REV,3440
R01057,6.5797
R01057_REV,5.3377
R01061_EXP_1,120
R01061_EXP_2,120
R01061_REV_EXP_1,73.56
R01061_REV_EXP_2,73.56
R01063_EXP_1,4190
R01063_EXP_2,419
R01063_EXP_3,419
R01063_EXP_4,419
R01067_EXP_1,1066.66666666667
R01067_EXP_2,106.666666666667
R01067_REV_EXP_1,106.666666666667
R01067_REV_EXP_2,106.666666666667
R01068_EXP_1,64.5
R01068_EXP_2,64.5
R01068_EXP_3,64.5
R01068_REV_EXP_1,8
R01068_REV_EXP_2,8
R01068_REV_EXP_3,8
R01071_EXP_1,2.7
R01071_EXP_2,2.7
R01071_REV_EXP_1,2.7
R01071_REV_EXP_2,2.7
R01072_EXP_1,2080
R01072_EXP_2,2080
R01072_EXP_3,2080
R01072_REV_EXP_1,2080
R01072_REV_EXP_2,2080
R01072_REV_EXP_3,2080
R01073,4.4
R01073_REV,4.4
R01083_EXP_1,7.5
R01083_EXP_2,7.5
R01086,2930
R01086_REV,2930
R01090,121
R01090_REV,70
R01123_EXP_1,29900
R01123_EXP_2,29900
R01123_REV_EXP_1,29900
R01123_REV_EXP_2,29900
R01127,8.6
R01127_REV,8.6
R01137,2085
R01138_EXP_1,3204
R01138_EXP_2,3204
R01148,0.2667
R01148_REV,0.7024
R01159_EXP_1,48.8097
R01159_EXP_2,90.2469
R01159_EXP_3,7.3854
R01185,1.3956
R01186,1.3956
R01187,1.3956
R01195,6000
R01195_REV,75
R01209,25
R01209_REV,25
R01213_EXP_1,450
R01213_EXP_2,450
R01213_EXP_3,450
R01213_EXP_4,450
R01214,123
R01214_REV,174
R01220,136
R01220_REV,136
R01290,3.4779
R01290_REV,1.0823
R01324,53
R01324_REV,1.1
R01325,5.3
R01325_REV,5.2
R01334,292
R01373_EXP_1,0.16
R01373_EXP_2,0.16
R01373_EXP_3,0.16
R01373_EXP_4,0.16
R01373_REV_EXP_1,6.1
R01373_REV_EXP_2,6.1
R01373_REV_EXP_3,6.1
R01373_REV_EXP_4,6.1
R01395_EXP_1,9.4
R01395_EXP_2,9.4
R01395_REV_EXP_1,9.4
R01395_REV_EXP_2,9.4
R01398,750
R01398_REV,90
R01403,3.2475
R01403_REV,3.6305
R01415,0.65
R01415_REV,0.6131
R01466_EXP_1,3.5
R01466_EXP_2,3.5
R01512_EXP_1,847
R01512_EXP_2,84.7
R01512_REV_EXP_1,2633
R01512_REV_EXP_2,2633
R01513_EXP_1,147.4
R01513_EXP_2,147.4
R01513_EXP_3,147.4
R01513_REV_EXP_1,2461
R01513_REV_EXP_2,2461
R01513_REV_EXP_3,2461
R01518_EXP_1,3200
R01518_EXP_2,3200
R01518_REV_EXP_1,530
R01518_REV_EXP_2,530
R01520_EXP_1,21.3947
R01520_EXP_2,31.6192
R01520_EXP_3,29.8148
R01521_EXP_1,21.3947
R01521_EXP_2,31.6192
R01521_EXP_3,29.8148
R01529,7100
R01529_REV,7100
R01547,1.5791
R01547_REV,1.1393
R01626,1580
R01626_REV,1580
R01652,9.05
R01655,134
R01655_REV,134
R01699_EXP_1,486
R01699_EXP_2,486
R01699_EXP_3,486
R01708,2.9483
R01708_REV,14.558
R01714,0.87
R01715,366000
R01715_REV,94140
R01716,2.2
R01717_EXP_1,5.7508
R01717_EXP_2,31.4158
R01717_REV_EXP_1,18.1065
R01717_REV_EXP_2,172.2678
R01731,128.4311
R01731_REV,50.2192
R01736_EXP_1,20.5078
R01736_EXP_2,17.2492
R01736_REV_EXP_1,6.0753
R01736_REV_EXP_2,5.25
R01773_EXP_1,147.815
R01773_EXP_2,147.815
R01773_REV_EXP_1,147.815
R01773_REV_EXP_2,147.815
R01775_EXP_1,147.815
R01775_EXP_2,147.815
R01775_REV_EXP_1,147.815
R01775_REV_EXP_2,147.815
R01821_2,85.3
R01821_2_REV,131
R01826_EXP_1,122
R01826_EXP_2,122
R01826_EXP_3,122
R01826_REV_EXP_1,122
R01826_REV_EXP_2,122
R01826_REV_EXP_3,122
R01829_EXP_1,0.003
R01829_EXP_2,0.003
R01829_EXP_3,0.003
R01829_REV_EXP_1,800
R01829_REV_EXP_2,8
R01829_REV_EXP_3,8
R01843_EXP_1,357
R01843_EXP_2,357
R01845,420
R01857,52.1287
R01858_EXP_1,6.99
R01858_EXP_2,38.7283
R01885,0.0101
R01900,1.1
R01900_REV,5.2
R01933_EXP_1,0.7504
R01933_EXP_2,211.0256
R01933_EXP_3,23.8062
R01933_EXP_4,3.2637
R01933_EXP_5,115.6099
R01933_EXP_6,10.8559
R01933_EXP_7,4.3668
R01933_EXP_8,150.8194
R01954,17.252
R02016,3.5845
R02063,41.8567
R02065,0.0530416666666667
R02065_REV,0.0530416666666667
R02068,25
R02093,52.1287
R02093_REV,60.7851
R02199,174
R02199_REV,174
R02241,5.8467
R02272_EXP_1,0.95
R02272_EXP_2,95
R02283,1.55
R02283_REV,1.55
R02320_EXP_1,3204
R02320_EXP_2,3204
R02326,66.2923
R02326_REV,60.7851
R02330_EXP_1,0.5255
R02330_EXP_10,0.1285
R02330_EXP_11,1.5671
R02330_EXP_12,1.4416
R02330_EXP_2,3.0389
R02330_EXP_3,21.831
R02330_EXP_4,0.0786
R02330_EXP_5,0.0968
R02330_EXP_6,0.1341
R02330_EXP_7,0.1971
R02330_EXP_8,0.1668
R02330_EXP_9,0.1442
R02331,52.1287
R02331_REV,60.7851
R02340_EXP_1,0.0155
R02340_EXP_2,0.0155
R02340_REV_EXP_1,0.007
R02340_REV_EXP_2,0.007
R02413,329
R02433_EXP_1,74.5136
R02433_EXP_2,1106.326
R02433_REV_EXP_1,603.0619
R02433_REV_EXP_2,5046.8533
R02521,1.8
R02528_EXP_1,1.0243
R02528_EXP_2,120.8572
R02528_EXP_3,1.5752
R02530,414.1065
R02530_REV,281.5771
R02568_EXP_1,14.404
R02568_EXP_2,7.5822
R02568_EXP_3,3.3938
R02568_REV_EXP_1,11.3065
R02568_REV_EXP_2,7.6897
R02568_REV_EXP_3,4.473
R02611,4.5528
R02611_REV,10.3688
R02619_EXP_1,8.3702
R02619_EXP_2,116.9352
R02619_REV_EXP_1,88.9867
R02619_REV_EXP_2,774.0183
R02634_EXP_1,26.7651
R02634_EXP_2,8.2923
R02634_REV_EXP_1,31.3214
R02634_REV_EXP_2,9.1012
R02649,187.5
R02649_REV,187.5
R02722_EXP_1,0.06
R02722_EXP_2,0.6
R02735,128
R02735_REV,128
R02736_EXP_1,8000
R02736_EXP_2,8000
R02736_EXP_3,8000
R02736_EXP_4,8000
R02739,3330
R02739_REV,3330
R02740,3330
R02740_REV,650
R02750,22.795
R02767,4.1249
R02853,78.5512
R02853_REV,10.2213
R02864,0.0143
R02911,4.1493
R02912_EXP_1,109.4771
R02912_EXP_2,259.1139
R02912_EXP_3,9.0949
R02918,0.159
R03038,1.0512
R03050,14.8406666666667
R03050_REV,16.1
R03051,1.4
R03051_REV,4.5
R03083,25000
R03084,310
R03084_REV,310
R03132,8.1757
R03186_EXP_1,26.5
R03186_EXP_2,26.5
R03186_REV_EXP_1,696
R03186_REV_EXP_2,696
R03222,6
R03236_EXP_1,15.1657
R03236_EXP_2,15.7125
R03237_EXP_1,18.7435
R03237_EXP_2,19.9327
R03238_EXP_1,14.8988
R03238_EXP_2,15.2063
R03239_EXP_1,14.9067
R03239_EXP_2,15.727
R03243_EXP_1,426
R03243_EXP_2,4260
R03243_REV_EXP_1,3100
R03243_REV_EXP_2,3100
R03270_EXP_1,486
R03270_EXP_2,486
R03270_EXP_3,486
R03270_REV_EXP_1,486
R03270_REV_EXP_2,486
R03270_REV_EXP_3,486
R03321,3330
R03321_REV,650
R03344,2.0815
R03443,1.47715
R03443_REV,1.47715
R03457_EXP_1,1000
R03457_EXP_2,1000
R03458,6.4628
R03459,4.4072
R03460_EXP_1,100
R03460_EXP_2,100
R03460_REV_EXP_1,100
R03460_REV_EXP_2,100
R03472,16.659
R03472_REV,25.8087
R03509_EXP_1,130
R03509_EXP_2,130
R03530,52.1287
R03530_REV,60.7851
R03544_EXP_1,0.4123
R03544_EXP_2,52.9379
R03544_EXP_3,0.7936
R03545_EXP_1,0.4123
R03545_EXP_2,89.0275
R03545_EXP_3,0.8593
R03596,1.77
R03599,46
R03599_REV,46
R03600,9.1
R03600_REV,3.65
R03601,232
R03648,13.5766
R03650,1.3351
R03650_REV,3.269
R03654,10.1037
R03656,17.722
R03656_REV,16.3265
R03659,13.2457
R03659_REV,12.2953
R03661,51.7778
R03664,3.7388
R03664_REV,3.9372
R03665,3.6824
R03665_REV,3.7713
R03678,16.5583
R03845_EXP_1,0.058
R03845_EXP_2,0.058
R03845_REV_EXP_1,1.65
R03845_REV_EXP_2,0.165
R03896,36.7858
R03898,2879.8451
R03920,12.2607
R03920_REV,12.4791
R03921,36.5481
R03943_EXP_1,53.2274
R03943_EXP_2,103.3334
R03943_EXP_3,9.1109
R03968,79650
R03968_REV,79650
R04001,79650
R04001_REV,79650
R04014,25
R04014_REV,0.0754
R04035,525.666666666667
R04037,9.9
R04167,2.7307
R04167_REV,3.3973
R04173_EXP_1,14.5003333333333
R04173_EXP_2,14.5003333333333
R04173_REV_EXP_1,14.5003333333333
R04173_REV_EXP_2,14.5003333333333
R04198_EXP_1,21
R04198_EXP_2,21
R04198_REV_EXP_1,21
R04198_REV_EXP_2,21
R04199_EXP_1,21
R04199_EXP_2,21
R04199_REV_EXP_1,21
R04199_REV_EXP_2,21
R04209,77
R04209_REV,77
R04218,0.1707
R04218_REV,0.1629
R04237,1.4
R04237_REV,0.14
R04273_EXP_1,25
R04273_EXP_2,25
R04273_EXP_3,25
R04273_EXP_4,25
R04273_EXP_5,25
R04273_EXP_6,25
R04273_EXP_7,25
R04273_REV_EXP_1,25
R04273_REV_EXP_2,25
R04273_REV_EXP_3,25
R04273_REV_EXP_4,25
R04273_REV_EXP_5,25
R04273_REV_EXP_6,25
R04273_REV_EXP_7,25
R04304,4.6891
R04326,0.7224
R04355,83.8419
R04355_REV,25
R04405,0.6
R04425,10.0981
R04426,9.05
R04439,4.5
R04439_REV,1.4
R04440,4.5
R04440_REV,4.5
R04441,25
R04441_REV,25
R04558,8.1751
R04559_EXP_1,7.5
R04559_EXP_2,7.5
R04672,14.8406666666667
R04672_REV,16.1
R04673,3.3
R04673_REV,14.8406666666667
R04734,0.1831
R04786,44.304
R04786_REV,55.2857
R04787,55.2857
R04787_REV,69.6035
R04859,2.7405
R04859_REV,3.229
R04928,124.7182
R04929_EXP_1,2.0658
R04929_EXP_2,1.5324
R04929_EXP_3,1.9113
R04972_EXP_1,4.1069
R04972_EXP_2,8.1416
R04994,5.0205
R04994_REV,5.0452
R05052_EXP_1,17.7823
R05052_EXP_2,277.021
R05052_REV_EXP_1,31.5627
R05052_REV_EXP_2,627.1171
R05068,4.5
R05068_REV,4.5
R05069,4.5
R05069_REV,4.5
R05070,25
R05085_EXP_1,4.2969
R05085_EXP_2,2.8185
R05085_REV_EXP_1,9.5289
R05085_REV_EXP_2,6.4344
R05086_EXP_1,8.2271
R05086_EXP_2,11.148
R05086_REV_EXP_1,6.5755
R05086_REV_EXP_2,8.9459
R05165_EXP_1,0.9122
R05165_EXP_2,0.638
R05395_EXP_1,1.3955
R05395_EXP_2,5.4798
R05395_EXP_3,3.6778
R05395_EXP_4,17.8477
R05395_EXP_5,3.2475
R05395_EXP_6,0.7797
R05395_EXP_7,2.4702
R05395_EXP_8,4.1384
R05395_EXP_9,2.6418
R05396_EXP_1,1.3955
R05396_EXP_2,4.9685
R05396_EXP_3,3.6146
R05396_EXP_4,14.3367
R05396_EXP_5,2.995
R05396_EXP_6,0.65
R05396_EXP_7,2.1953
R05396_EXP_8,3.5357
R05396_EXP_9,2.6418
R05409_EXP_1,2.4309
R05409_EXP_2,6.8112
R05409_EXP_3,2.9186
R05409_EXP_4,5.3633
R05409_EXP_5,1.0045
R05409_EXP_6,13.2275
R05553_EXP_1,11.9412
R05553_EXP_2,11.9412
R05555_EXP_1,25
R05555_EXP_2,25
R05555_EXP_3,25
R05555_EXP_4,25
R05555_EXP_5,25
R05555_EXP_6,25
R05611_EXP_1,0.0418
R05611_EXP_2,0.3766
R05611_EXP_3,0.0146
R05611_EXP_4,0.2943
R05611_EXP_5,0.2769
R05611_EXP_6,0.4998
R05612_EXP_1,0.0398
R05612_EXP_2,0.3656
R05612_EXP_3,0.0141
R05612_EXP_4,0.2799
R05612_EXP_5,0.2618
R05612_EXP_6,0.4673
R05613_EXP_1,0.0384
R05613_EXP_2,0.3576
R05613_EXP_3,0.0138
R05613_EXP_4,0.2696
R05613_EXP_5,0.251
R05613_EXP_6,0.4499
R05635,25
R05635_REV,5.4823
R05637,25
R05685,4.5528
R05685_REV,2.2107
R05692,3.9394
R05739,15.4982
R05884,37
R06272,5.3654
R06272_REV,3.5357
R06286_EXP_1,0.058
R06286_EXP_2,0.058
R06286_REV_EXP_1,0.058
R06286_REV_EXP_2,0.058
R06415_EXP_1,0.273
R06415_EXP_2,1.0262
R06415_EXP_3,43.4834
R06415_EXP_4,29.3914
R06415_EXP_5,6.4551
R06415_EXP_6,50.3698
R06415_EXP_7,0.1316
R06415_EXP_8,0.2344
R06590_EXP_1,0.3195
R06590_EXP_2,0.6764
R06590_REV_EXP_1,0.1926
R06590_REV_EXP_2,0.3971
R06861_EXP_1,106.666666666667
R06861_EXP_2,106.666666666667
R06861_REV_EXP_1,1066.66666666667
R06861_REV_EXP_2,106.666666666667
R06863_EXP_1,1066.66666666667
R06863_EXP_2,106.666666666667
R06863_REV_EXP_1,106.666666666667
R06863_REV_EXP_2,106.666666666667
R06896,5.3654
R06946,9.4895
R06947,11.2039
R06949_EXP_1,0.2849
R06949_EXP_2,19.0392
R06949_REV_EXP_1,0.2849
R06949_REV_EXP_2,19.0392
R06952,22.5737
R06952_REV,34.1484
R06953_EXP_1,1.3783
R06953_EXP_2,22.123
R06953_EXP_3,14.2938
R06953_REV_EXP_1,2.4569
R06953_REV_EXP_2,33.0144
R06953_REV_EXP_3,21.1659
R06960,11.9538
R06960_REV,8.5927
R06963,14.2878
R07002_EXP_1,7.8989
R07002_EXP_2,11.5598
R07003_EXP_1,7.8989
R07003_EXP_2,11.5598
R07004_EXP_1,7.8989
R07004_EXP_2,11.5598
R07023_EXP_1,7.8989
R07023_EXP_2,11.5598
R07024_EXP_1,7.8989
R07024_EXP_2,11.5598
R07025_EXP_1,7.8989
R07025_EXP_2,11.5598
R07026_EXP_1,7.8989
R07026_EXP_2,11.5598
R07034,953.1092
R07034_REV,345.9651
R07035,960.8979
R07035_REV,345.9651
R07069_EXP_1,7.8989
R07069_EXP_2,11.5598
R07070_EXP_1,7.8989
R07070_EXP_2,11.5598
R07083_EXP_1,7.8989
R07083_EXP_2,11.5598
R07091_EXP_1,7.8989
R07091_EXP_2,11.5598
R07092_EXP_1,7.8989
R07092_EXP_2,11.5598
R07093_EXP_1,7.8989
R07093_EXP_2,11.5598
R07094_EXP_1,7.8989
R07094_EXP_2,11.5598
R07100_EXP_1,7.8989
R07100_EXP_2,11.5598
R07112_EXP_1,60.6148
R07112_EXP_2,41.8644
R07113_EXP_1,20.4266
R07113_EXP_2,32.1896
R07116_EXP_1,7.8989
R07116_EXP_2,11.5598
R07178,916
R07179,916
R07236,37.4749
R07261,12.8333333333333
R07261_2,12.8333333333333
R07261_2_REV,12.8333333333333
R07261_REV,12.8333333333333
R07267_EXP_1,0.0418
R07267_EXP_2,0.3766
R07267_EXP_3,0.0146
R07267_EXP_4,0.2943
R07267_EXP_5,0.2769
R07267_EXP_6,0.4998
R07269_EXP_1,25
R07269_EXP_2,25
R07269_EXP_3,25
R07269_EXP_4,25
R07269_EXP_5,25
R07269_EXP_6,25
R07270,0.0530416666666667
R07270_REV,0.0530416666666667
R07274,165
R07276,200
R07276_REV,60
R07280,2.8
R07280_REV,2.8
R07281,7
R07409,15.4982
R07460,15
R07460_REV,15
R07500,1.4783
R07501,70.0035
R07501_REV,54.031
R07502,27.4854
R07502_REV,20.7278
R07503,22.2408
R07503_REV,18.6453
R07504,37.4749
R07510,37.5793
R07530_EXP_1,0.2596
R07530_EXP_2,14.0769
R07530_REV_EXP_1,0.2854
R07530_REV_EXP_2,14.6648
R07531,0.7924
R07531_REV,1.6235
R07558_EXP_1,0.2229
R07558_EXP_2,8.0159
R07559_EXP_1,0.2516
R07559_EXP_2,12.4004
R07561_EXP_1,0.2243
R07561_EXP_2,13.1193
R07561_REV_EXP_1,0.2534
R07561_REV_EXP_2,13.6831
R07562_EXP_1,0.2243
R07562_EXP_2,13.1193
R07562_REV_EXP_1,0.2483
R07562_REV_EXP_2,12.854
R07568_EXP_1,0.2256
R07568_EXP_2,14.6557
R07568_REV_EXP_1,0.2501
R07568_REV_EXP_2,14.2036
R07569_EXP_1,0.2534
R07569_EXP_2,13.6831
R07569_REV_EXP_1,0.2795
R07569_REV_EXP_2,13.4033
R07570_EXP_1,0.2483
R07570_EXP_2,12.854
R07570_REV_EXP_1,0.2795
R07570_REV_EXP_2,13.4033
R07572_EXP_1,0.2501
R07572_EXP_2,14.2036
R07572_REV_EXP_1,0.2766
R07572_REV_EXP_2,13.9048
R07606,0.918
R07606_REV,1.3686
R07613,19
R07613_REV,19
R07631,25
R07641_EXP_1,5.1
R07641_EXP_2,5.1
R07840,9.4967
R07840_REV,7.2398
R07850,0.3331
R07850_REV,2.33
R07851_EXP_1,66
R07851_EXP_2,66
R07851_REV_EXP_1,0.2734
R07851_REV_EXP_2,15.4449
R07864_EXP_1,10.1249
R07864_EXP_2,24.2544
R07864_EXP_3,2.2633
R07865,285.8399
R07865_REV,22.3556
R07916,25
R08051,1.2701
R08052,3.4505
R08159,25
R08161_EXP_1,25
R08161_EXP_2,25
R08161_EXP_3,25
R08161_EXP_4,25
R08161_EXP_5,25
R08161_EXP_6,25
R08161_EXP_7,25
R08161_REV_EXP_1,25
R08161_REV_EXP_2,25
R08161_REV_EXP_3,25
R08161_REV_EXP_4,25
R08161_REV_EXP_5,25
R08161_REV_EXP_6,25
R08161_REV_EXP_7,25
R08162,25
R08197,8.5912
R08203,12.3769
R08204,12.3769
R08210,3.7
R08226,1.2385
R08226_REV,0.65
R08280_EXP_1,7.8989
R08280_EXP_2,11.5598
R08409,1181.45
R08549,2.5773
R08575,1300
R08575_REV,22.3
R08618,1.0302
R08624_EXP_1,25
R08624_EXP_2,25
R08624_EXP_3,25
R08628_EXP_1,20.5147
R08628_EXP_2,12.8097
R08628_EXP_3,36.4122
R08634_EXP_1,19.6467
R08634_EXP_2,12.5635
R08634_EXP_3,34.5181
R08638_EXP_1,13.1995
R08638_EXP_2,58.4523
R08638_EXP_3,0.2048
R08638_EXP_4,0.8097
R08638_EXP_5,870.1633
R08638_EXP_6,6.6401
R08638_EXP_7,0.3257
R08639,135
R08639_REV,398
R08641_EXP_1,19.3334
R08641_EXP_2,12.5058
R08641_EXP_3,33.388
R08645_EXP_1,19.1838
R08645_EXP_2,12.457
R08645_EXP_3,31.6953
R08648,16.1
R08748_EXP_1,0.0364
R08748_EXP_2,0.3421
R08748_EXP_3,0.0133
R08748_EXP_4,0.2558
R08748_EXP_5,0.2367
R08748_EXP_6,0.4265
R08749_EXP_1,25
R08749_EXP_2,25
R08749_EXP_3,25
R08749_EXP_4,25
R08749_EXP_5,25
R08749_EXP_6,25
R08750_EXP_1,25
R08750_EXP_2,25
R08750_EXP_3,25
R08750_EXP_4,25
R08750_EXP_5,25
R08750_EXP_6,25
R08751_EXP_1,25
R08751_EXP_2,25
R08751_EXP_3,25
R08751_EXP_4,25
R08751_EXP_5,25
R08751_EXP_6,25
R08752_EXP_1,25
R08752_EXP_2,25
R08752_EXP_3,25
R08752_EXP_4,25
R08752_EXP_5,25
R08752_EXP_6,25
R08753_EXP_1,25
R08753_EXP_2,25
R08753_EXP_3,25
R08753_EXP_4,25
R08753_EXP_5,25
R08753_EXP_6,25
R08754_EXP_1,0.808
R08754_EXP_2,7.9502
R08754_EXP_3,3.3105
R08754_EXP_4,41.8567
R08754_EXP_5,3.3834
R08754_EXP_6,0.6131
R08754_EXP_7,2.2028
R08754_EXP_8,5.3654
R08754_EXP_9,0.8484
R08755_EXP_1,0.808
R08755_EXP_2,7.9502
R08755_EXP_3,3.3105
R08755_EXP_4,41.8567
R08755_EXP_5,3.3834
R08755_EXP_6,0.6131
R08755_EXP_7,2.2028
R08755_EXP_8,5.3654
R08755_EXP_9,0.8484
R08756_EXP_1,0.808
R08756_EXP_2,7.9502
R08756_EXP_3,3.3105
R08756_EXP_4,41.8567
R08756_EXP_5,3.3834
R08756_EXP_6,0.6131
R08756_EXP_7,2.2028
R08756_EXP_8,5.3654
R08756_EXP_9,0.8484
R08782,4.0768
R08782_REV,0.312
R08836_EXP_1,4.9286
R08836_EXP_2,12.5003
R08836_EXP_3,2.8083
R08836_EXP_4,11.8316
R08836_EXP_5,2.3922
R08836_EXP_6,14.0434
R08868_EXP_1,0.9122
R08868_EXP_2,0.638
R08869_EXP_1,3.9799
R08869_EXP_2,15.1794
R08921,7.4458
R08987_EXP_1,37.7443
R08987_EXP_2,70.0035
R08987_EXP_3,7.49
R08990,0.457
R08990_REV,0.4811
R09365,9.5377
R09372,3.5845
R09372_REV,3.3862
R09409_EXP_1,7.8989
R09409_EXP_2,11.5598
R09502,25
R09540_EXP_1,696
R09540_EXP_2,696
R09652,44.304
R09653,44.304
R09654,55.2857
R09655,7.9813
R09655_REV,7.9813
R09682_EXP_1,25
R09682_EXP_2,25
R09682_EXP_3,25
R09682_REV_EXP_1,2.4569
R09682_REV_EXP_2,21.4419
R09682_REV_EXP_3,13.7268
R09747_EXP_1,0.2229
R09747_EXP_2,8.0159
R10021,4.5528
R10052,9.05
R10055,5.9284
R10068,8.962
R10070,9.4895
R10080,12.3769
R10086_EXP_1,137
R10086_EXP_2,137
R10086_EXP_3,137
R10092,0.32
R10092_REV,320
R10170,79650
R10170_REV,79650
R10282,0.0606
R10282_REV,0.0606
R10557,5.1348
R10557_REV,6.7505
R10558,12.8594
R10558_REV,5.9266
R10645,1.2496
R10645_REV,1.2734
R10646,1.2496
R10646_REV,1.2734
R10647,0.128
R10647_REV,0.1188
R10709,70.0035
R10710,70.0035
R10710_REV,77.1887
R10948_EXP_1,9.4
R10948_EXP_2,9.4
R10949_EXP_1,5.1
R10949_EXP_2,5.1
R11061,8.5042
R11061_REV,5.0032
R11227,7.4458
R11408,2.4675
R11528,15
R11528_REV,15
R11529,15
R11529_REV,15
R12571,25
R13560,0.2135
R13560_REV,0.2213
R13563,0.3055
R13563_REV,0.457
R5PDPK_h_EXP_1,311
R5PDPK_h_EXP_2,311
R5PDPK_h_EXP_3,311
R5PDPK_h_EXP_4,311
RBC_h_EXP_1,4.1
RBC_h_EXP_2,4.1
RBC_h_EXP_3,4.1
RBO_h_EXP_1,4.1
RBO_h_EXP_2,4.1
RBO_h_EXP_3,4.1
RibK_h,10.8
Ru5PK_h,615
SAD_h_EXP_1,0.817
SAD_h_EXP_2,0.817
SAD_h_EXP_3,0.817
SAD_h_EXP_4,0.817
SAD_h_EXP_5,0.817
SAD_h_EXP_6,0.817
SAD_h_EXP_7,0.817
SAICARS_h,77.42
SO3R_h,9.1
SQD1,0.1
SQD2,2.1605
SQD3,2.1605
StP1_h,85.3
StS_h1_EXP_1,333
StS_h1_EXP_2,333
StS_h1_EXP_3,333
StS_h2_EXP_1,333
StS_h2_EXP_2,333
StS_h2_EXP_3,333
StS_h3_EXP_1,333
StS_h3_EXP_2,333
StS_h3_EXP_3,333
Tr_TGD_1,25
Tr_TGD_2,25
Tr_TGD_3,25
Tr_Ura,0.851
UBIS_h,0.25
UGE_h,49.7466666666667
UGE_h_REV,49.7466666666667
UGPase_h,631.583333333333
UGPase_h_REV,631.583333333333
UPPD_h_EXP_1,0.317
UPPD_h_EXP_2,0.317
UROS_h,890
UROS_h_REV,890
bAMY1_h_EXP_1,1280
bAMY1_h_EXP_2,1280
bAMY1_h_EXP_3,1280
bAMY1_h_EXP_4,1280
bAMY1_h_EXP_5,1280
bAMY1_h_EXP_6,1280
bAMY2_h_EXP_1,1280
bAMY2_h_EXP_2,1280
bAMY2_h_EXP_3,1280
bAMY2_h_EXP_4,1280
bAMY2_h_EXP_5,1280
bAMY2_h_EXP_6,1280
DGDGS_h1,26.5
DMAT_h,265
GtRNAS_h,265
HIL_h3,26.5
HMEPS_h,265
KASII_h,265
MEPCT_h,265
MEPCT_h_REV,26.5
MGDGS_h1,265
MGDGS_h2,26.5
MGDGS_h5,26.5
PLD_h1,26.5
PLD_h2,26.5
PLD_h3,265
QAPRTase_h,26.5
R00087,26.5
R00105,26.5
R00112,26.5
R00112_REV,26.5
R00123,26.5
R00131,26.5
R00137,26.5
R00161,26.5
R00181,26.5
R00189,26.5
R00192,26.5
R00199,26.5
R00233,26.5
R00251,26.5
R00257,26.5
R00261,26.5
R00267,265
R00267_REV,26.5
R00286,26.5
R00293,26.5
R00332,26.5
R00332_REV,26.5
R00344,265
R00351,265
R00416,26.5
R00469,26.5
R00471,26.5
R00485,26.5
R00491,26.5
R00494,26.5
R00502,26.5
R00502_REV,26.5
R00512,265
R00512_REV,26.5
R00549,26.5
R00578,26.5
R00585,26.5
R00585_REV,26.5
R00617,26.5
R00667,26.5
R00667_REV,26.5
R00669,26.5
R00703,26.5
R00703_REV,26.5
R00713,26.5
R00751,26.5
R00751_REV,26.5
R00755,26.5
R00766,26.5
R00768,26.5
R00768_REV,26.5
R00772,26.5
R00804,26.5
R00805,26.5
R00815,26.5
R00836,26.5
R00842,265
R00847,26.5
R00847_REV,26.5
R00883,26.5
R00888,26.5
R00903,26.5
R00905,26.5
R00927,26.5
R00927_REV,26.5
R00942,26.5
R00942_REV,26.5
R00944,26.5
R00955,26.5
R00955_REV,26.5
R00965,26.5
R01052,26.5
R01055,26.5
R01055_REV,26.5
R01092,26.5
R01092_REV,26.5
R01130,26.5
R01130_REV,26.5
R01150,26.5
R01158,26.5
R01167,26.5
R01224,26.5
R01228,26.5
R01230,26.5
R01251,26.5
R01251_REV,26.5
R01267,26.5
R01268,26.5
R01340,26.5
R01360,26.5
R01364,26.5
R01372,26.5
R01375,26.5
R01375_REV,26.5
R01377,26.5
R01378,26.5
R01378_REV,26.5
R01384,26.5
R01385,26.5
R01385_REV,26.5
R01401,26.5
R01468,26.5
R01473,26.5
R01473_REV,26.5
R01476,26.5
R01519,26.5
R01560,26.5
R01561,26.5
R01561_REV,26.5
R01608,26.5
R01608_REV,26.5
R01617,26.5
R01645,26.5
R01648,26.5
R01648_REV,26.5
R01651,26.5
R01663,26.5
R01724,26.5
R01737,26.5
R01770,26.5
R01777,26.5
R01777_REV,26.5
R01787,26.5
R01817,26.5
R01863,26.5
R01870,26.5
R01870_REV,26.5
R01878,26.5
R01889,26.5
R01908,26.5
R01978,26.5
R01980,26.5
R02085,26.5
R02100,26.5
R02133,26.5
R02147,26.5
R02200,26.5
R02256,26.5
R02265,26.5
R02268,26.5
R02269,26.5
R02269_REV,26.5
R02282,26.5
R02291,26.5
R02291_REV,26.5
R02325,26.5
R02353,26.5
R02353_REV,26.5
R02381,26.5
R02422,26.5
R02423,26.5
R02425,26.5
R02453,26.5
R02464,26.5
R02473,26.5
R02485,26.5
R02595,26.5
R02765,26.5
R02777,26.5
R02976,26.5
R03005,26.5
R03013,26.5
R03035,26.5
R03052,26.5
R03054,26.5
R03054_REV,26.5
R03067,26.5
R03096,26.5
R03161,26.5
R03180,26.5
R03182,26.5
R03210,26.5
R03231,26.5
R03231_REV,26.5
R03269,26.5
R03315,26.5
R03357,26.5
R03418,26.5
R03504,26.5
R03508,26.5
R03511,26.5
R03524,26.5
R03524_REV,26.5
R03546,26.5
R03558,26.5
R03594,26.5
R03646,26.5
R03652,26.5
R03652_REV,26.5
R03655,26.5
R03655_REV,26.5
R03657,26.5
R03657_REV,26.5
R03658,26.5
R03660,26.5
R03660_REV,26.5
R03662,26.5
R03663,26.5
R03663_REV,26.5
R03815,2650
R03815_REV,26.5
R03824,26.5
R03997,26.5
R04030,26.5
R04031,26.5
R04038,26.5
R04109,265
R04109_REV,26.5
R04143,26.5
R04204,26.5
R04204_REV,26.5
R04224,26.5
R04224_REV,26.5
R04241,26.5
R04241_REV,26.5
R04270,26.5
R04427,26.5
R04457,26.5
R04457_REV,26.5
R04587,26.5
R04638,26.5
R04640,26.5
R04798,26.5
R04798_REV,26.5
R04800,26.5
R04800_REV,26.5
R04904,26.5
R04940,26.5
R05064,26.5
R05144,26.5
R05341,26.5
R05551,26.5
R05554,26.5
R05577,26.5
R05703,26.5
R05706,26.5
R05706_REV,26.5
R06514,26.5
R06535,26.5
R06838,26.5
R06895,26.5
R06948,26.5
R06948_REV,26.5
R06962,26.5
R06974,26.5
R07262,26.5
R07262_REV,26.5
R07263,26.5
R07279,26.5
R07392,26.5
R07393,26.5
R07394,26.5
R07399,26.5
R07411,26.5
R07419,26.5
R07678,26.5
R08055,26.5
R08055_REV,26.5
R08070,26.5
R08070_REV,26.5
R08165,26.5
R08166,26.5
R08193,26.5
R08193_REV,26.5
R08199,26.5
R08551,26.5
R08551_REV,26.5
R09246,26.5
R09248,26.5
R09536,26.5
R10054,26.5
R10205,26.5
R10412,26.5
R10938,26.5
R11635,26.5
R11946,26.5
R12088,26.5
R12254,26.5
R12254_REV,26.5
R12255,26.5
R12391,26.5
R13202,26.5
SAK_h,26.5
SFR_h21,26.5
SFR_h66,26.5
aMetMethTr,26.5
aMetMethTr_REV,26.5
glaProt_h,26.5
glc_a_conv_h,26.5
glc_b_conv_h,26.5
red_dThThr_h,26.5
t_Gl,26.5
t_Gl_REV,26.5
