psbA|photosystem_II_protein_D1	AtCg00020	99.4	1.73e-263	710	1833	353	354	353
psbK|photosystem_II_protein_K	AtCg00070	82.0	4.25e-29	94.4	233	61	62	61
psbI|photosystem_II_protein_I	AtCg00080	97.2	6.95e-20	69.3	168	36	37	36
atpA|ATP_synthase_CF1_alpha_subunit	AtCg00120	94.9	0.0	896	2315	507	508	505
atpH|ATP_synthase_CF0_subunit_III	AtCg00140	98.8	5.85e-47	140	354	81	82	81
atpI|ATP_synthase_CF0_subunit_IV	AtCg00150	94.4	2.13e-168	461	1186	247	250	249
psbM|photosystem_II_protein_M	AtCg00220	94.1	4.74e-15	57.0	136	34	35	34
psbD|photosystem_II_protein_D2	AtCg00270	99.2	1.61e-268	723	1866	353	354	353
psbC|photosystem_II_CP43_chlorophyll_apoprotein	AtCg00280	98.1	0.0	971	2510	473	474	473
psbZ|photosystem_II_protein_Z	AtCg00300	96.8	1.24e-35	110	276	62	63	62
psaB|photosystem_I_P700_apoprotein_A2	AtCg00340	98.1	0.0	1513	3916	734	735	734
psaA|photosystem_I_P700_apoprotein_A1	AtCg00350	98.4	0.0	1531	3963	750	751	750
ndhJ|NADH	AtCg00420	89.2	9.19e-112	310	795	158	159	158
ndhK|NADH	AtCg00430	87.8	2.54e-136	378	971	229	226	229
ndhK|NADH	GRMZM2G448142_T01.CDS	81.7	3.39e-127	356	914	229	255	229
ndhC|NADH	AtCg00440	89.2	8.42e-74	211	538	120	121	120
atpE|ATP_synthase_CF1_epsilon_subunit	AtCg00470	91.7	7.16e-81	230	587	133	133	132
atpB|ATP_synthase_CF1_beta_subunit	AtCg00480	94.4	0.0	905	2339	498	499	498
atpB|ATP_synthase_CF1_beta_subunit	GRMZM2G385622_T01.CDS	90.8	0.0	874	2259	498	499	498
atpB|ATP_synthase_CF1_beta_subunit	GRMZM5G808402_T01.CDS	90.8	0.0	874	2259	498	499	498
atpB|ATP_synthase_CF1_beta_subunit	GRMZM2G448389_T01.CDS	90.6	0.0	873	2255	498	499	498
atpB|ATP_synthase_CF1_beta_subunit	GRMZM2G062854_T01.CDS	91.0	1.03e-265	724	1870	498	410	409
atpB|ATP_synthase_CF1_beta_subunit	GRMZM2G448142_T03.CDS	95.1	4.61e-246	676	1745	498	449	368
atpB|ATP_synthase_CF1_beta_subunit	GRMZM2G448142_T02.CDS	95.1	4.61e-246	676	1745	498	449	368
rbcL|ribulose	GRMZM2G360821_T01.CDS	94.1	0.0	926	2394	475	484	476
rbcL|ribulose	GRMZM2G385635_T01.CDS	94.1	0.0	926	2394	475	484	476
rbcL|ribulose	GRMZM2G448344_T01.CDS	94.1	0.0	926	2394	475	484	476
rbcL|ribulose	GRMZM5G815453_T01.CDS	94.1	0.0	926	2394	475	484	476
rbcL|ribulose	AtCg00490	93.7	0.0	919	2376	475	480	475
psaI|photosystem_I_subunit_VIII	AtCg00510	83.8	1.19e-16	61.2	147	37	38	37
psbJ|photosystem_II_protein_J	AtCg00550	92.5	4.57e-22	75.1	183	40	41	40
psbL|photosystem_II_protein_L	AtCg00560	97.4	1.40e-22	76.3	186	38	39	38
psbF|photosystem_II_cytochrome_b559_beta_subunit	AtCg00570	97.4	6.30e-24	79.7	195	39	40	39
psbE|photosystem_II_cytochrome_b559_alpha_subunit	AtCg00580	98.8	2.42e-58	169	429	83	84	83
psaJ|photosystem_I_subunit_IX	AtCg00630	95.5	1.88e-27	89.0	219	44	45	44
psbB|photosystem_II_CP47_chlorophyll_apoprotein	AtCg00680	97.8	0.0	1041	2693	508	509	508
psbT|photosystem_II_protein_T	AtCg00690	93.9	6.56e-17	61.6	148	33	34	33
psbN|photosystem_II_protein_N	AtCg00700	97.7	4.17e-26	85.5	210	43	44	43
psbH|photosystem_II_phosphoprotein	AtCg00710	91.8	1.79e-42	129	323	73	74	73
ndhB|NADH	AtCg00890	97.4	2.83e-268	731	1886	510	390	387
ndhD|NADH	AtCg01050	86.1	9.34e-313	848	2190	504	507	497
psaC|photosystem_I_subunit_VII	AtCg01060	100	1.38e-45	137	345	81	82	81
ndhE|NADH	AtCg01070	89.9	1.65e-55	164	414	100	102	99
ndhG|NADH	AtCg01080	83.7	8.99e-100	282	722	192	177	178
ndhI|NADH	AtCg01090	90.4	3.02e-102	287	735	167	173	167
ndhA|NADH	AtCg01100	88.2	6.65e-222	606	1562	363	361	363
ndhH|NADH	AtCg01110	92.0	7.53e-276	745	1923	393	394	388
ndhB|NADH	AtCg00890	97.4	2.83e-268	731	1886	510	390	387
lcl|VAHF01000003.1_prot_TXG65331.1_250	GRMZM2G387383_T01.CDS	80.0	6.50e-321	895	2314	1077	583	581
lcl|VAHF01000003.1_prot_TXG65354.1_273	At3g02630	84.5	4.48e-234	640	1650	401	397	368
lcl|VAHF01000003.1_prot_TXG65354.1_273	At5g16240	81.9	1.33e-216	595	1535	401	395	349
lcl|VAHF01000003.1_prot_TXG65422.1_341	Solyc05g005480	80.4	2.43e-184	511	1315	336	388	336
lcl|VAHF01000003.1_prot_TXG65428.1_347	Potri.009G063300	81.4	8.68e-147	410	1055	244	361	242
lcl|VAHF01000003.1_prot_TXG65428.1_347	Potri.009G063100	81.4	1.43e-145	407	1047	244	361	242
lcl|VAHF01000003.1_prot_TXG65428.1_347	Potri.009G062800	81.0	2.88e-145	407	1045	244	361	242
lcl|VAHF01000003.1_prot_TXG65428.1_347	Potri.006G199100	80.8	3.34e-144	404	1038	244	361	239
lcl|VAHF01000003.1_prot_TXG65428.1_347	Potri.009G062901	80.6	4.01e-13	61.6	148	244	155	36
lcl|VAHF01000003.1_prot_TXG65429.1_348	Potri.006G199100	87.2	2.46e-131	370	949	206	361	196
lcl|VAHF01000003.1_prot_TXG65429.1_348	Potri.009G063300	84.2	6.28e-127	358	920	206	361	196
lcl|VAHF01000003.1_prot_TXG65429.1_348	Potri.009G063100	84.7	1.79e-126	357	917	206	361	196
lcl|VAHF01000003.1_prot_TXG65429.1_348	Potri.009G062800	84.7	3.61e-126	357	915	206	361	196
lcl|VAHF01000003.1_prot_TXG65429.1_348	Potri.016G065300	83.2	6.55e-123	349	896	206	387	197
lcl|VAHF01000003.1_prot_TXG65429.1_348	Potri.001G268600	82.1	7.93e-123	348	893	206	361	196
lcl|VAHF01000003.1_prot_TXG65429.1_348	Potri.009G063400	80.1	1.10e-117	336	861	206	381	196
lcl|VAHF01000003.1_prot_TXG65429.1_348	Potri.009G062901	91.3	1.22e-07	45.8	107	206	155	23
lcl|VAHF01000003.1_prot_TXG65430.1_349	Potri.009G062800	82.5	1.03e-223	610	1574	364	361	359
lcl|VAHF01000003.1_prot_TXG65430.1_349	Potri.009G063300	82.2	5.94e-223	608	1569	364	361	359
lcl|VAHF01000003.1_prot_TXG65430.1_349	Potri.009G063100	82.5	1.20e-222	608	1567	364	361	359
lcl|VAHF01000003.1_prot_TXG65430.1_349	Potri.006G199100	80.0	1.04e-216	593	1528	364	361	355
lcl|VAHF01000003.1_prot_TXG65430.1_349	Potri.016G065300	81.0	7.44e-200	551	1420	364	387	326
lcl|VAHF01000003.1_prot_TXG65646.1_565	At1g54570	86.8	6.92e-15	74.7	182	812	705	38
lcl|VAHF01000003.1_prot_TXG65886.1_805	At3g04870	84.2	0.0	965	2495	568	559	568
lcl|VAHF01000003.1_prot_TXG65967.1_886	At2g30570	82.8	5.44e-28	105	262	596	134	58
lcl|VAHF01000003.1_prot_TXG66214.1_1133	At1g80560	80.3	4.22e-233	638	1645	405	406	406
lcl|VAHF01000003.1_prot_TXG66214.1_1133	At5g14200	81.5	5.43e-223	612	1579	405	410	378
lcl|VAHF01000003.1_prot_TXG66514.1_1433	AtCg01100	87.8	1.56e-84	253	646	259	361	156
lcl|VAHF01000003.1_prot_TXG66514.1_1433	AtCg01110	97.2	3.36e-68	212	540	259	394	106
lcl|VAHF01000003.1_prot_TXG66515.1_1434	AtCg01090	90.4	3.02e-102	287	735	167	173	167
lcl|VAHF01000003.1_prot_TXG66586.1_1505	A0A9E7H647	86.2	8.70e-45	149	376	137	524	87
lcl|VAHF01000003.1_prot_TXG66624.1_1543	At1g78510	82.2	5.62e-194	538	1386	424	368	343
lcl|VAHF01000003.1_prot_TXG66624.1_1543	Os05g0582300	80.3	3.29e-180	504	1299	424	403	325
lcl|VAHF01000003.1_prot_TXG66624.1_1543	GRMZM2G112728_T02.CDS	80.0	1.67e-134	382	982	424	246	245
lcl|VAHF01000003.1_prot_TXG66624.1_1543	GRMZM2G112728_T06.CDS	80.0	1.67e-134	382	982	424	246	245
lcl|VAHF01000003.1_prot_TXG66624.1_1543	GRMZM2G112728_T03.CDS	81.0	4.41e-48	159	403	424	202	100
lcl|VAHF01000003.1_prot_TXG66649.1_1568	Potri.011G103700	90.8	0.0	1258	3256	670	671	671
lcl|VAHF01000003.1_prot_TXG66649.1_1568	Potri.001G383500	90.5	0.0	1254	3245	670	671	672
lcl|VAHF01000003.1_prot_TXG66650.1_1569	Potri.001G383600	81.9	0.0	1490	3857	928	923	932
lcl|VAHF01000003.1_prot_TXG66650.1_1569	Potri.011G103900	81.7	0.0	1485	3844	928	923	932
lcl|VAHF01000003.1_prot_TXG66657.1_1576	Potri.T085900	82.5	4.96e-40	132	333	312	113	80
lcl|VAHF01000003.1_prot_TXG67052.1_1971	GRMZM2G073351_T01.CDS	80.7	4.38e-61	186	473	155	285	114
lcl|VAHF01000003.1_prot_TXG67052.1_1971	GRMZM2G073351_T04.CDS	80.7	4.38e-61	186	473	155	285	114
lcl|VAHF01000003.1_prot_TXG67052.1_1971	GRMZM2G073351_T03.CDS	80.7	3.91e-60	186	473	155	366	114
lcl|VAHF01000003.1_prot_TXG67052.1_1971	GRMZM2G073351_T02.CDS	80.7	8.41e-60	186	473	155	397	114
lcl|VAHF01000003.1_prot_TXG67063.1_1982	GRMZM2G073351_T01.CDS	84.7	1.82e-50	156	395	89	285	85
lcl|VAHF01000003.1_prot_TXG67063.1_1982	GRMZM2G073351_T04.CDS	84.7	1.82e-50	156	395	89	285	85
lcl|VAHF01000003.1_prot_TXG67063.1_1982	GRMZM2G073351_T03.CDS	84.7	1.29e-49	156	395	89	366	85
lcl|VAHF01000003.1_prot_TXG67063.1_1982	GRMZM2G073351_T02.CDS	84.7	2.51e-49	156	395	89	397	85
lcl|VAHF01000003.1_prot_TXG67063.1_1982	GRMZM2G036455_T01.CDS	83.5	7.00e-49	155	392	89	397	85
lcl|VAHF01000003.1_prot_TXG67063.1_1982	GRMZM2G084958_T01.CDS	80.0	1.35e-47	149	376	89	286	85
lcl|VAHF01000003.1_prot_TXG67063.1_1982	At5g54190	82.4	3.56e-47	151	381	89	406	85
lcl|VAHF01000003.1_prot_TXG67063.1_1982	GRMZM2G084958_T02.CDS	80.0	4.51e-47	149	376	89	336	85
lcl|VAHF01000003.1_prot_TXG67063.1_1982	GRMZM2G084958_T03.CDS	80.0	7.19e-47	149	376	89	357	85
lcl|VAHF01000003.1_prot_TXG67063.1_1982	GRMZM2G084958_T06.CDS	80.0	1.29e-46	149	376	89	385	85
lcl|VAHF01000003.1_prot_TXG67073.1_1992	At5g54190	81.5	2.30e-207	607	1565	1392	406	389
lcl|VAHF01000003.1_prot_TXG67073.1_1992	At4g27440	82.6	2.80e-207	607	1564	1392	402	380
lcl|VAHF01000003.1_prot_TXG67073.1_1992	GRMZM2G073351_T03.CDS	83.5	1.70e-198	582	1501	1392	366	351
lcl|VAHF01000003.1_prot_TXG67073.1_1992	GRMZM2G073351_T02.CDS	80.3	7.41e-198	582	1500	1392	397	376
lcl|VAHF01000003.1_prot_TXG67073.1_1992	GRMZM2G084958_T02.CDS	81.1	5.84e-168	501	1291	1392	336	297
lcl|VAHF01000003.1_prot_TXG67073.1_1992	GRMZM2G073351_T01.CDS	85.9	6.96e-168	499	1285	1392	285	284
lcl|VAHF01000003.1_prot_TXG67073.1_1992	GRMZM2G073351_T04.CDS	85.9	6.96e-168	499	1285	1392	285	284
lcl|VAHF01000003.1_prot_TXG67073.1_1992	GRMZM2G084958_T01.CDS	81.1	4.29e-160	479	1232	1392	286	285
lcl|VAHF01000003.1_prot_TXG67317.1_2236	AtCg00120	94.9	0.0	896	2315	507	508	505
lcl|VAHF01000003.1_prot_TXG67318.1_2237	AtCg00150	91.3	1.19e-95	305	781	1678	250	172
lcl|VAHF01000003.1_prot_TXG67318.1_2237	AtCg00140	97.3	1.14e-13	64.3	155	1678	82	37
lcl|VAHF01000003.1_prot_TXG67600.1_2519	At2g05710	88.4	0.0	1625	4208	993	991	895
lcl|VAHF01000003.1_prot_TXG67600.1_2519	GRMZM2G020801_T01.CDS	89.2	0.0	1451	3757	993	798	793
lcl|VAHF01000003.1_prot_TXG67603.1_2522	GRMZM2G020801_T01.CDS	87.1	1.01e-09	57.0	136	491	798	31
lcl|VAHF01000003.1_prot_TXG67604.1_2523	GRMZM2G020801_T01.CDS	87.9	5.13e-27	108	269	340	798	58
lcl|VAHF01000003.1_prot_TXG67659.1_2578	At2g05710	87.2	1.99e-13	69.3	168	555	991	39
lcl|VAHF01000003.1_prot_TXG67659.1_2578	GRMZM2G020801_T01.CDS	87.2	4.16e-13	68.2	165	555	798	39
lcl|VAHF01000003.1_prot_TXG67659.1_2578	GRMZM2G467338_T02.CDS	82.1	4.01e-12	65.1	157	555	906	39
lcl|VAHF01000003.1_prot_TXG67659.1_2578	GRMZM5G858454_T02.CDS	82.1	4.01e-12	65.1	157	555	906	39
lcl|VAHF01000003.1_prot_TXG67659.1_2578	GRMZM2G467338_T01.CDS	82.1	4.13e-12	65.1	157	555	976	39
lcl|VAHF01000003.1_prot_TXG67735.1_2654	Potri.006G095000	93.4	9.17e-33	123	308	350	445	61
lcl|VAHF01000003.1_prot_TXG67735.1_2654	Potri.015G038800	93.4	9.17e-33	123	308	350	445	61
lcl|VAHF01000003.1_prot_TXG67735.1_2654	Potri.001G272800	93.4	9.28e-33	123	308	350	446	61
lcl|VAHF01000003.1_prot_TXG67735.1_2654	Potri.009G067200	93.4	9.40e-33	123	308	350	447	61
lcl|VAHF01000003.1_prot_TXG67735.1_2654	Potri.003G125400	93.4	9.40e-33	123	308	350	447	61
lcl|VAHF01000003.1_prot_TXG67735.1_2654	Potri.001G106100	93.4	9.51e-33	123	308	350	448	61
lcl|VAHF01000003.1_prot_TXG67735.1_2654	Potri.006G035400	93.4	9.63e-33	123	308	350	449	61
lcl|VAHF01000003.1_prot_TXG67735.1_2654	Potri.009G040200	93.4	9.86e-33	123	308	350	451	61
lcl|VAHF01000003.1_prot_TXG67735.1_2654	Potri.016G033200	93.4	9.86e-33	123	308	350	451	61
lcl|VAHF01000003.1_prot_TXG67735.1_2654	Potri.012G047600	91.8	1.26e-32	122	307	350	445	61
lcl|VAHF01000003.1_prot_TXG67747.1_2666	At4g27070	84.5	5.65e-278	757	1955	475	476	451
lcl|VAHF01000003.1_prot_TXG67747.1_2666	At5g54810	85.6	3.15e-276	753	1943	475	471	445
lcl|VAHF01000003.1_prot_TXG67849.1_2768	GRMZM2G018375_T02.CDS	85.6	8.38e-185	511	1317	357	355	298
lcl|VAHF01000003.1_prot_TXG67899.1_2818	At5g54810	80.9	4.25e-181	505	1301	327	471	319
lcl|VAHF01000009.1_prot_TXG53761.1_248	AtCg00480	88.0	1.54e-68	210	535	125	499	125
lcl|VAHF01000009.1_prot_TXG53761.1_248	GRMZM2G385622_T01.CDS	87.2	8.55e-68	208	530	125	499	125
lcl|VAHF01000009.1_prot_TXG53761.1_248	GRMZM2G448389_T01.CDS	87.2	8.55e-68	208	530	125	499	125
lcl|VAHF01000009.1_prot_TXG53761.1_248	GRMZM5G808402_T01.CDS	87.2	8.55e-68	208	530	125	499	125
lcl|VAHF01000009.1_prot_TXG53761.1_248	GRMZM2G448142_T03.CDS	91.8	1.74e-38	130	328	125	449	73
lcl|VAHF01000009.1_prot_TXG53761.1_248	GRMZM2G448142_T02.CDS	91.8	1.74e-38	130	328	125	449	73
lcl|VAHF01000009.1_prot_TXG53761.1_248	GRMZM2G062854_T01.CDS	88.9	4.36e-14	63.5	153	125	410	36
lcl|VAHF01000009.1_prot_TXG53791.1_278	At1g09795	80.3	3.22e-209	578	1489	406	414	365
lcl|VAHF01000009.1_prot_TXG53957.1_444	At4g33510	86.4	7.99e-312	846	2185	513	508	484
lcl|VAHF01000009.1_prot_TXG53957.1_444	At1g22410	83.9	3.29e-288	787	2032	513	528	448
lcl|VAHF01000009.1_prot_TXG54174.1_661	Potri.001G131400	87.0	0.0	1144	2960	598	600	598
lcl|VAHF01000009.1_prot_TXG54174.1_661	Potri.003G102600	86.3	0.0	1136	2939	598	601	598
lcl|VAHF01000009.1_prot_TXG54174.1_661	Potri.003G102400	86.3	0.0	1136	2939	598	601	598
lcl|VAHF01000009.1_prot_TXG54239.1_726	GRMZM2G162529_T02.CDS	80.8	2.78e-244	666	1719	410	406	412
lcl|VAHF01000009.1_prot_TXG54239.1_726	GRMZM2G026024_T01.CDS	81.4	8.46e-242	667	1721	410	583	415
lcl|VAHF01000009.1_prot_TXG54239.1_726	At1g32060	82.3	2.88e-239	653	1685	410	396	407
lcl|VAHF01000009.1_prot_TXG54239.1_726	GRMZM2G463280_T01.CDS	83.0	2.49e-211	582	1500	410	382	341
lcl|VAHF01000009.1_prot_TXG54239.1_726	GRMZM2G463280_T02.CDS	82.8	3.35e-106	310	794	410	248	186
lcl|VAHF01000009.1_prot_TXG54311.1_798	Potri.001G143200	86.8	8.79e-293	791	2044	440	436	433
lcl|VAHF01000009.1_prot_TXG54311.1_798	Potri.003G091100	86.3	1.62e-288	781	2016	440	436	432
lcl|VAHF01000009.1_prot_TXG54344.1_831	At1g32380	89.7	9.40e-214	585	1508	322	401	321
lcl|VAHF01000009.1_prot_TXG54344.1_831	At2g35390	89.7	6.05e-213	583	1503	322	404	321
lcl|VAHF01000009.1_prot_TXG54344.1_831	At2g44530	88.3	5.12e-205	563	1450	322	395	316
lcl|VAHF01000009.1_prot_TXG54370.1_857	Potri.015G096400	81.2	1.96e-133	371	952	225	230	229
lcl|VAHF01000009.1_prot_TXG54370.1_857	Potri.012G097800	80.1	1.04e-127	356	914	225	226	226
lcl|VAHF01000009.1_prot_TXG54421.1_908	At5g63570	81.7	3.93e-284	773	1995	472	475	476
lcl|VAHF01000009.1_prot_TXG54444.1_931	GRMZM2G123922_T01.CDS	87.1	0.0	1501	3887	909	922	916
lcl|VAHF01000009.1_prot_TXG54444.1_931	GRMZM2G009443_T01.CDS	87.0	0.0	1468	3801	909	922	892
lcl|VAHF01000009.1_prot_TXG54444.1_931	GRMZM2G001084_T01.CDS	87.6	0.0	1188	3073	909	897	718
lcl|VAHF01000009.1_prot_TXG54538.1_1025	Potri.002G057700	81.9	3.08e-228	624	1609	382	392	382
lcl|VAHF01000009.1_prot_TXG54650.1_1137	At3g01480	81.8	1.35e-229	630	1626	411	438	384
lcl|VAHF01000009.1_prot_TXG54654.1_1141	At5g14780	81.2	3.80e-226	620	1598	413	385	383
lcl|VAHF01000009.1_prot_TXG54661.1_1148	At5g14760	80.8	0.0	951	2458	648	652	609
lcl|VAHF01000009.1_prot_TXG54689.1_1176	At5g14590	84.9	9.61e-286	778	2009	492	486	438
lcl|VAHF01000009.1_prot_TXG54847.1_1334	At5g40870	85.7	1.39e-180	503	1295	290	487	286
lcl|VAHF01000009.1_prot_TXG54847.1_1334	At3g27190	85.0	4.14e-179	499	1285	290	484	286
lcl|VAHF01000009.1_prot_TXG54847.1_1334	GRMZM5G866100_T01.CDS	80.0	1.05e-166	468	1204	290	491	285
lcl|VAHF01000009.1_prot_TXG54988.1_1475	At3g26650	87.5	1.01e-251	684	1766	402	397	401
lcl|VAHF01000009.1_prot_TXG54988.1_1475	At1g12900	86.0	5.09e-249	679	1753	402	442	400
lcl|VAHF01000009.1_prot_TXG54988.1_1475	At1g42970	80.5	1.49e-193	539	1389	402	448	339
lcl|VAHF01000009.1_prot_TXG54993.1_1480	At5g36880	86.1	0.0	1267	3278	769	744	691
lcl|VAHF01000009.1_prot_TXG55006.1_1493	GRMZM2G087598_T01.CDS	89.0	0.0	1103	2852	693	678	645
lcl|VAHF01000009.1_prot_TXG55006.1_1493	GRMZM2G087598_T03.CDS	89.0	0.0	1103	2852	693	678	645
lcl|VAHF01000009.1_prot_TXG55006.1_1493	GRMZM2G110408_T02.CDS	89.3	0.0	1103	2852	693	678	645
lcl|VAHF01000009.1_prot_TXG55006.1_1493	GRMZM2G110408_T01.CDS	89.3	0.0	1103	2852	693	678	645
lcl|VAHF01000009.1_prot_TXG55006.1_1493	GRMZM2G110408_T03.CDS	89.3	0.0	1103	2852	693	678	645
lcl|VAHF01000009.1_prot_TXG55006.1_1493	GRMZM2G087598_T02.CDS	85.2	1.30e-08	47.8	112	693	47	27
lcl|VAHF01000009.1_prot_TXG55051.1_1538	At3g58610	86.0	0.0	997	2578	586	592	592
lcl|VAHF01000009.1_prot_TXG55051.1_1538	GRMZM2G004382_T02.CDS	87.1	0.0	924	2389	586	580	527
lcl|VAHF01000009.1_prot_TXG55051.1_1538	GRMZM2G004382_T01.CDS	84.4	1.15e-256	708	1827	586	475	418
lcl|VAHF01000009.1_prot_TXG55195.1_1682	GRMZM2G073351_T03.CDS	82.3	6.64e-205	565	1455	400	366	339
lcl|VAHF01000009.1_prot_TXG55195.1_1682	GRMZM2G084958_T02.CDS	80.1	1.08e-177	494	1273	400	336	297
lcl|VAHF01000009.1_prot_TXG55195.1_1682	GRMZM2G073351_T01.CDS	84.5	1.97e-177	492	1266	400	285	284
lcl|VAHF01000009.1_prot_TXG55195.1_1682	GRMZM2G073351_T04.CDS	84.5	1.97e-177	492	1266	400	285	284
lcl|VAHF01000009.1_prot_TXG55195.1_1682	GRMZM2G084958_T01.CDS	80.4	8.25e-170	473	1216	400	286	285
lcl|VAHF01000009.1_prot_TXG55364.1_1851	At2g05710	85.1	0.0	1694	4387	1761	991	999
lcl|VAHF01000009.1_prot_TXG55364.1_1851	GRMZM2G020801_T01.CDS	90.8	0.0	1471	3807	1761	798	792
lcl|VAHF01000009.1_prot_TXG55528.1_2015	At5g35790	80.6	0.0	899	2323	573	577	577
lcl|VAHF01000009.1_prot_TXG55528.1_2015	GRMZM2G177077_T01.CDS	85.6	1.93e-313	856	2212	573	599	492
lcl|VAHF01000009.1_prot_TXG55528.1_2015	At5g13110	85.5	2.42e-311	851	2198	573	597	488
lcl|VAHF01000009.1_prot_TXG55528.1_2015	At1g24280	82.9	1.63e-305	836	2160	573	600	502
lcl|VAHF01000009.1_prot_TXG55556.1_2043	AT5G48230	85.6	4.34e-230	632	1630	450	404	381
lcl|VAHF01000009.1_prot_TXG55601.1_2088	At5g48300	85.3	0.0	872	2253	520	521	523
lcl|VAHF01000011.1_prot_TXG50340.1_182	At1g74920	82.0	0.0	873	2256	503	502	501
lcl|VAHF01000011.1_prot_TXG50495.1_337	Potri.003G125400	98.0	0.0	890	2301	446	447	445
lcl|VAHF01000011.1_prot_TXG50495.1_337	Potri.001G106100	97.3	0.0	884	2285	446	448	447
lcl|VAHF01000011.1_prot_TXG50495.1_337	Potri.009G040200	97.9	0.0	883	2282	446	451	438
lcl|VAHF01000011.1_prot_TXG50495.1_337	Potri.001G246900	97.5	0.0	879	2270	446	450	438
lcl|VAHF01000011.1_prot_TXG50495.1_337	Potri.006G035400	97.0	0.0	873	2255	446	449	438
lcl|VAHF01000011.1_prot_TXG50495.1_337	Potri.016G033200	96.6	0.0	872	2254	446	451	438
lcl|VAHF01000011.1_prot_TXG50495.1_337	Potri.009G067200	96.6	0.0	870	2249	446	447	438
lcl|VAHF01000011.1_prot_TXG50495.1_337	Potri.001G272800	96.1	0.0	868	2242	446	446	438
lcl|VAHF01000011.1_prot_TXG50495.1_337	Potri.009G067100	96.3	0.0	867	2241	446	447	438
lcl|VAHF01000011.1_prot_TXG50495.1_337	Potri.006G095000	96.3	0.0	864	2233	446	445	438
lcl|VAHF01000011.1_prot_TXG50511.1_353	Potri.003G126800	94.4	1.46e-05	43.5	101	533	445	18
lcl|VAHF01000011.1_prot_TXG50511.1_353	Potri.006G095000	94.4	1.46e-05	43.5	101	533	445	18
lcl|VAHF01000011.1_prot_TXG50511.1_353	Potri.015G038800	94.4	1.46e-05	43.5	101	533	445	18
lcl|VAHF01000011.1_prot_TXG50511.1_353	Potri.001G104600	94.4	1.46e-05	43.5	101	533	445	18
lcl|VAHF01000011.1_prot_TXG50511.1_353	Potri.012G047600	94.4	1.46e-05	43.5	101	533	445	18
lcl|VAHF01000011.1_prot_TXG50511.1_353	Potri.011G162500	94.4	1.46e-05	43.5	101	533	446	18
lcl|VAHF01000011.1_prot_TXG50511.1_353	Potri.001G464400	94.4	1.46e-05	43.5	101	533	446	18
lcl|VAHF01000011.1_prot_TXG50511.1_353	Potri.009G067200	94.4	1.46e-05	43.5	101	533	447	18
lcl|VAHF01000011.1_prot_TXG50511.1_353	Potri.009G067100	94.4	1.46e-05	43.5	101	533	447	18
lcl|VAHF01000011.1_prot_TXG50511.1_353	Potri.003G125400	94.4	1.46e-05	43.5	101	533	447	18
lcl|VAHF01000011.1_prot_TXG50512.1_354	Potri.003G126800	96.0	0.0	870	2249	446	445	446
lcl|VAHF01000011.1_prot_TXG50512.1_354	Potri.001G104600	95.1	4.26e-320	861	2225	446	445	446
lcl|VAHF01000011.1_prot_TXG50512.1_354	Potri.016G033200	93.4	1.85e-313	845	2182	446	451	442
lcl|VAHF01000011.1_prot_TXG50512.1_354	Potri.009G067200	93.2	6.47e-313	843	2178	446	447	442
lcl|VAHF01000011.1_prot_TXG50512.1_354	Potri.009G067100	93.4	1.30e-312	842	2176	446	447	442
lcl|VAHF01000011.1_prot_TXG50512.1_354	Potri.006G035400	93.2	1.41e-312	842	2176	446	449	442
lcl|VAHF01000011.1_prot_TXG50512.1_354	Potri.003G125400	93.0	5.31e-312	841	2172	446	447	443
lcl|VAHF01000011.1_prot_TXG50512.1_354	Potri.001G464400	93.3	1.46e-311	840	2169	446	446	432
lcl|VAHF01000011.1_prot_TXG50512.1_354	Potri.015G038800	93.3	2.00e-311	839	2168	446	445	433
lcl|VAHF01000011.1_prot_TXG50512.1_354	Potri.012G047600	93.7	2.00e-311	839	2168	446	445	431
lcl|VAHF01000011.1_prot_TXG50556.1_398	At5g52570	80.9	5.03e-126	358	919	300	304	204
lcl|VAHF01000011.1_prot_TXG50568.1_410	At1g63970	88.3	6.68e-106	301	772	231	232	162
lcl|VAHF01000011.1_prot_TXG50614.1_456	At5g41670	87.0	2.64e-314	850	2197	494	488	484
lcl|VAHF01000011.1_prot_TXG50614.1_456	At1g64190	86.2	3.58e-312	845	2183	494	488	484
lcl|VAHF01000011.1_prot_TXG50672.1_514	At4g11010	80.7	3.20e-135	376	966	237	239	238
lcl|VAHF01000011.1_prot_TXG50695.1_537	Potri.003G143700	87.8	0.0	1328	3438	733	731	732
lcl|VAHF01000011.1_prot_TXG50695.1_537	Potri.001G087400	87.8	0.0	1323	3425	733	731	732
lcl|VAHF01000011.1_prot_TXG50785.1_627	At1g01090	81.5	1.38e-243	667	1720	438	429	417
lcl|VAHF01000011.1_prot_TXG50814.1_656	GRMZM2G073351_T01.CDS	82.2	1.14e-53	170	431	224	285	101
lcl|VAHF01000011.1_prot_TXG50814.1_656	GRMZM2G073351_T04.CDS	82.2	1.14e-53	170	431	224	285	101
lcl|VAHF01000011.1_prot_TXG50850.1_692	Potri.015G038800	96.3	2.55e-320	862	2226	443	445	438
lcl|VAHF01000011.1_prot_TXG50850.1_692	Potri.009G067200	93.7	1.08e-317	855	2209	443	447	444
lcl|VAHF01000011.1_prot_TXG50850.1_692	Potri.012G047600	94.5	8.23e-317	853	2203	443	445	439
lcl|VAHF01000011.1_prot_TXG50850.1_692	Potri.009G067100	93.5	1.26e-316	852	2202	443	447	445
lcl|VAHF01000011.1_prot_TXG50850.1_692	Potri.006G035400	94.6	1.36e-316	852	2202	443	449	441
lcl|VAHF01000011.1_prot_TXG50850.1_692	Potri.001G272800	93.7	2.45e-316	852	2200	443	446	444
lcl|VAHF01000011.1_prot_TXG50850.1_692	Potri.016G033200	94.1	1.21e-315	850	2196	443	451	440
lcl|VAHF01000011.1_prot_TXG50850.1_692	Potri.001G464400	94.9	7.84e-313	843	2177	443	446	429
lcl|VAHF01000011.1_prot_TXG50850.1_692	Potri.011G162500	94.2	1.11e-312	842	2176	443	446	432
lcl|VAHF01000011.1_prot_TXG50850.1_692	Potri.006G095000	93.0	8.80e-312	840	2170	443	445	440
lcl|VAHF01000011.1_prot_TXG50934.1_776	At3g17810	84.9	8.25e-251	684	1766	427	427	397
lcl|VAHF01000011.1_prot_TXG50960.1_802	GRMZM2G151440_T01.CDS	80.6	1.35e-202	588	1515	1165	396	341
lcl|VAHF01000011.1_prot_TXG51005.1_847	Potri.003G120300	87.2	1.75e-282	768	1983	471	465	445
lcl|VAHF01000011.1_prot_TXG51005.1_847	Potri.001G111700	86.4	9.62e-280	761	1965	471	465	447
lcl|VAHF01000011.1_prot_TXG51005.1_847	Potri.003G120400	90.1	1.30e-152	431	1107	471	255	233
lcl|VAHF01000011.1_prot_TXG51007.1_849	Potri.003G120000	87.7	1.02e-199	545	1403	299	303	302
lcl|VAHF01000011.1_prot_TXG51007.1_849	Potri.001G112000	87.4	4.15e-199	543	1399	299	303	302
lcl|VAHF01000011.1_prot_TXG51007.1_849	Potri.011G103700	83.0	1.59e-175	497	1280	299	671	288
lcl|VAHF01000011.1_prot_TXG51127.1_969	Potri.001G122400	86.9	2.49e-216	591	1523	351	351	351
lcl|VAHF01000011.1_prot_TXG51127.1_969	Potri.003G111200	87.5	5.10e-167	463	1191	351	273	273
lcl|VAHF01000011.1_prot_TXG51128.1_970	Potri.001G122400	88.3	8.17e-222	605	1559	351	351	351
lcl|VAHF01000011.1_prot_TXG51128.1_970	Potri.003G111200	88.6	1.61e-170	472	1214	351	273	273
lcl|VAHF01000011.1_prot_TXG51168.1_1010	At2g43090	80.0	6.89e-104	298	763	252	252	180
lcl|VAHF01000011.1_prot_TXG51302.1_1144	Potri.006G095000	90.2	1.68e-24	102	254	534	445	51
lcl|VAHF01000011.1_prot_TXG51302.1_1144	Potri.003G125400	90.2	1.71e-24	102	254	534	447	51
lcl|VAHF01000011.1_prot_TXG51302.1_1144	Potri.001G106100	90.2	1.72e-24	102	254	534	448	51
lcl|VAHF01000011.1_prot_TXG51302.1_1144	Potri.009G040200	90.2	1.76e-24	102	254	534	451	51
lcl|VAHF01000011.1_prot_TXG51302.1_1144	Potri.016G109300	88.2	3.00e-24	101	252	534	444	51
lcl|VAHF01000011.1_prot_TXG51302.1_1144	Potri.016G107300	88.2	3.03e-24	101	252	534	445	51
lcl|VAHF01000011.1_prot_TXG51302.1_1144	Potri.015G038800	88.2	4.07e-24	101	251	534	445	51
lcl|VAHF01000011.1_prot_TXG51302.1_1144	Potri.001G464400	88.2	4.10e-24	101	251	534	446	51
lcl|VAHF01000011.1_prot_TXG51302.1_1144	Potri.001G272800	88.2	4.10e-24	101	251	534	446	51
lcl|VAHF01000011.1_prot_TXG51302.1_1144	Potri.009G067200	88.2	4.14e-24	101	251	534	447	51
lcl|VAHF01000011.1_prot_TXG51326.1_1168	At5g63310	80.8	2.62e-112	318	814	230	232	193
lcl|VAHF01000011.1_prot_TXG51344.1_1186	Potri.015G089600	86.4	1.80e-136	377	969	210	218	206
lcl|VAHF01000011.1_prot_TXG51552.1_1394	At1g74030	90.0	5.23e-289	785	2027	469	478	439
lcl|VAHF01000011.1_prot_TXG51674.1_1516	Potri.017G092000	87.3	1.26e-316	855	2210	480	482	481
lcl|VAHF01000011.1_prot_TXG51674.1_1516	Potri.004G118600	86.1	1.28e-309	838	2164	480	482	481
lcl|VAHF01000011.1_prot_TXG51674.1_1516	Potri.010G159800	85.8	5.03e-309	836	2160	480	481	480
lcl|VAHF01000011.1_prot_TXG51674.1_1516	Potri.008G094300	85.4	1.18e-307	833	2151	480	481	480
lcl|VAHF01000011.1_prot_TXG51712.1_1554	At5g61410	91.0	4.96e-157	440	1131	395	282	244
lcl|VAHF01000011.1_prot_TXG51731.1_1573	At1g74470	83.8	1.21e-290	788	2036	463	468	464
lcl|VAHF01000011.1_prot_TXG51743.1_1585	A0A7G2DUG9	80.6	1.46e-55	186	472	220	963	124
lcl|VAHF01000011.1_prot_TXG51779.1_1621	At3g48560	83.7	0.0	1004	2595	662	671	583
lcl|VAHF01000011.1_prot_TXG51815.1_1657	At2g01350	80.8	9.90e-191	526	1355	354	349	334
lcl|VAHF01000010.1_prot_TXG51895.1_78	At1g42970	87.1	6.45e-283	768	1982	453	448	451
lcl|VAHF01000010.1_prot_TXG51944.1_127	GRMZM2G126361_T02.CDS	90.3	0.0	1065	2755	718	689	609
lcl|VAHF01000010.1_prot_TXG51944.1_127	GRMZM2G126361_T03.CDS	90.3	0.0	1065	2755	718	689	609
lcl|VAHF01000010.1_prot_TXG51944.1_127	GRMZM2G126361_T01.CDS	84.4	4.71e-150	438	1126	718	379	269
lcl|VAHF01000010.1_prot_TXG51971.1_154	Potri.002G014366	87.5	7.99e-79	242	617	535	190	128
lcl|VAHF01000010.1_prot_TXG51986.1_169	A0A835DMJ9	85.0	1.49e-236	651	1679	360	565	360
lcl|VAHF01000010.1_prot_TXG52026.1_209	Potri.005G242500	80.9	2.67e-180	497	1280	322	321	325
lcl|VAHF01000010.1_prot_TXG52086.1_269	At1g19920	82.6	3.11e-275	751	1938	483	477	432
lcl|VAHF01000010.1_prot_TXG52086.1_269	GRMZM2G158147_T01.CDS	80.2	5.47e-257	704	1818	483	476	414
lcl|VAHF01000010.1_prot_TXG52465.1_648	Potri.014G022900	89.4	3.61e-214	583	1504	329	329	329
lcl|VAHF01000010.1_prot_TXG52465.1_648	Potri.002G122900	86.6	3.01e-206	563	1452	329	329	329
lcl|VAHF01000010.1_prot_TXG52467.1_650	At3g19480	82.9	3.21e-317	866	2238	593	589	543
lcl|VAHF01000010.1_prot_TXG52467.1_650	At4g34200	82.0	6.16e-314	858	2218	593	604	544
lcl|VAHF01000010.1_prot_TXG52757.1_940	At1g22410	81.2	1.36e-313	852	2200	524	528	531
lcl|VAHF01000010.1_prot_TXG52757.1_940	At4g39980	81.5	2.44e-297	810	2093	524	526	493
lcl|VAHF01000010.1_prot_TXG52757.1_940	At4g33510	80.7	3.57e-297	809	2090	524	508	491
lcl|VAHF01000010.1_prot_TXG52997.1_1180	At1g69740	80.3	1.63e-246	674	1740	443	431	436
lcl|VAHF01000010.1_prot_TXG53000.1_1183	At4g08390	86.8	3.99e-184	514	1323	436	373	281
lcl|VAHF01000010.1_prot_TXG53017.1_1200	At5g35360	85.4	0.0	874	2259	536	556	522
lcl|VAHF01000010.1_prot_TXG53046.1_1229	Potri.002G077400	82.8	0.0	1008	2606	626	583	580
lcl|VAHF01000010.1_prot_TXG53046.1_1229	Potri.005G183200	94.7	6.09e-07	43.5	101	626	67	19
lcl|VAHF01000010.1_prot_TXG53162.1_1345	At1g23190	86.8	0.0	1022	2642	583	584	583
lcl|VAHF01000010.1_prot_TXG53162.1_1345	At1g70730	86.8	0.0	1015	2625	583	663	585
lcl|VAHF01000010.1_prot_TXG53213.1_1396	At1g80560	80.2	7.84e-232	635	1637	408	406	409
lcl|VAHF01000010.1_prot_TXG53213.1_1396	At5g14200	81.4	5.00e-222	610	1573	408	410	381
lcl|VAHF01000010.1_prot_TXG53274.1_1457	GRMZM2G001904_T01.CDS	80.5	9.14e-94	274	701	367	180	174
lcl|VAHF01000010.1_prot_TXG53320.1_1503	Potri.005G190500	85.8	9.96e-314	848	2191	483	479	479
lcl|VAHF01000010.1_prot_TXG53320.1_1503	Potri.002G069800	88.0	7.80e-305	825	2131	483	464	451
lcl|VAHF01000010.1_prot_TXG53506.1_1689	GRMZM2G162800_T02.CDS	82.1	1.87e-199	552	1422	402	391	335
lcl|VAHF01000001.1_prot_TXG71512.1_91	At2g45440	81.5	2.82e-205	582	1500	819	366	336
lcl|VAHF01000001.1_prot_TXG71512.1_91	At3g60880	80.1	4.79e-201	571	1472	819	366	336
lcl|VAHF01000001.1_prot_TXG71536.1_115	Potri.008G100800	88.1	0.0	875	2260	510	512	511
lcl|VAHF01000001.1_prot_TXG71536.1_115	At1g48030	87.9	0.0	873	2255	510	508	511
lcl|VAHF01000001.1_prot_TXG71536.1_115	AT1G48030	87.9	0.0	873	2255	510	508	511
lcl|VAHF01000001.1_prot_TXG71550.1_129	A0A7G2DUG9	83.1	8.68e-179	517	1332	349	963	307
lcl|VAHF01000001.1_prot_TXG71562.1_141	Potri.010G148100	82.8	2.64e-306	831	2146	499	497	499
lcl|VAHF01000001.1_prot_TXG71562.1_141	Potri.008G102800	82.0	8.01e-301	817	2110	499	497	499
lcl|VAHF01000001.1_prot_TXG71615.1_194	GRMZM2G145595_T02.CDS	81.5	2.62e-319	872	2253	630	563	550
lcl|VAHF01000001.1_prot_TXG71615.1_194	GRMZM2G152958_T02.CDS	82.0	1.54e-314	860	2222	630	566	539
lcl|VAHF01000001.1_prot_TXG71615.1_194	GRMZM2G073774_T01.CDS	82.0	1.54e-314	860	2222	630	566	539
lcl|VAHF01000001.1_prot_TXG71615.1_194	GRMZM2G152958_T01.CDS	82.0	1.43e-289	795	2054	630	530	499
lcl|VAHF01000001.1_prot_TXG71615.1_194	GRMZM2G145595_T01.CDS	87.5	1.90e-170	483	1243	630	281	271
lcl|VAHF01000001.1_prot_TXG71679.1_258	At5g49190	82.5	0.0	1350	3493	805	808	799
lcl|VAHF01000001.1_prot_TXG71701.1_280	Potri.008G219650	81.2	2.68e-79	241	614	505	150	149
lcl|VAHF01000001.1_prot_TXG71701.1_280	Potri.T029700	83.0	1.59e-73	225	574	505	136	135
lcl|VAHF01000001.1_prot_TXG71820.1_399	At4g15560	80.2	0.0	1126	2912	691	718	716
lcl|VAHF01000001.1_prot_TXG71827.1_406	Potri.010G027000	81.1	1.05e-23	91.3	225	915	58	53
lcl|VAHF01000001.1_prot_TXG71881.1_460	At5g35630	80.1	9.80e-266	723	1865	432	431	432
lcl|VAHF01000001.1_prot_TXG72138.1_717	At3g22890	81.6	1.64e-287	780	2015	463	464	462
lcl|VAHF01000001.1_prot_TXG72212.1_791	Potri.010G076100	82.8	2.87e-266	728	1878	476	474	459
lcl|VAHF01000001.1_prot_TXG72393.1_972	Potri.010G068200	80.1	4.43e-85	243	620	155	163	151
lcl|VAHF01000001.1_prot_TXG72475.1_1054	At1g04620	84.7	4.78e-292	791	2044	457	463	451
lcl|VAHF01000001.1_prot_TXG72620.1_1199	Potri.017G057800	84.1	0.0	1824	4725	1090	1070	1094
lcl|VAHF01000001.1_prot_TXG72620.1_1199	Potri.001G317600	83.9	0.0	1813	4696	1090	1070	1094
lcl|VAHF01000001.1_prot_TXG72644.1_1223	Potri.017G059100	83.2	1.27e-288	783	2022	467	457	465
lcl|VAHF01000001.1_prot_TXG72644.1_1223	Potri.001G320000	82.6	1.99e-283	770	1988	467	458	465
lcl|VAHF01000001.1_prot_TXG72649.1_1228	Potri.001G320500	95.7	0.0	936	2419	485	486	485
lcl|VAHF01000001.1_prot_TXG72649.1_1228	Potri.017G059400	94.2	0.0	922	2382	485	486	485
lcl|VAHF01000001.1_prot_TXG72699.1_1278	At2g43710	88.2	2.09e-241	658	1698	395	402	357
lcl|VAHF01000001.1_prot_TXG72699.1_1278	At3g02630	81.1	4.85e-218	599	1544	395	397	354
lcl|VAHF01000001.1_prot_TXG72889.1_1468	At1g74040	85.8	0.0	939	2428	605	632	551
lcl|VAHF01000001.1_prot_TXG72941.1_1520	At4g14210	82.0	0.0	958	2476	563	567	568
lcl|VAHF01000001.1_prot_TXG73064.1_1643	At3g13490	82.5	9.99e-310	847	2189	582	603	526
lcl|VAHF01000001.1_prot_TXG73133.1_1712	At1g50480	87.7	0.0	1125	2910	636	635	633
lcl|VAHF01000001.1_prot_TXG73248.1_1827	At1g08520	81.1	0.0	1050	2715	802	761	763
lcl|VAHF01000001.1_prot_TXG73248.1_1827	GRMZM2G043453_T02.CDS	80.0	0.0	1039	2687	802	756	756
lcl|VAHF01000001.1_prot_TXG73248.1_1827	GRMZM2G043453_T01.CDS	82.5	0.0	946	2444	802	693	662
lcl|VAHF01000001.1_prot_TXG73273.1_1852	Potri.009G051500	81.6	0.0	927	2395	579	579	565
lcl|VAHF01000001.1_prot_TXG73280.1_1859	Potri.009G052000	83.9	3.74e-181	499	1285	312	326	285
lcl|VAHF01000001.1_prot_TXG73280.1_1859	Potri.001G256400	82.8	9.72e-177	488	1256	312	326	285
lcl|VAHF01000001.1_prot_TXG73287.1_1866	At5g04590	81.8	0.0	1043	2698	688	643	628
lcl|VAHF01000001.1_prot_TXG73358.1_1937	Potri.001G253300	92.0	9.24e-281	758	1957	401	402	401
lcl|VAHF01000001.1_prot_TXG73358.1_1937	Potri.009G047700	92.8	7.19e-253	686	1770	401	365	360
lcl|VAHF01000001.1_prot_TXG73371.1_1950	GRMZM2G360821_T01.CDS	94.2	0.0	941	2433	482	484	483
lcl|VAHF01000001.1_prot_TXG73371.1_1950	GRMZM2G385635_T01.CDS	94.2	0.0	941	2433	482	484	483
lcl|VAHF01000001.1_prot_TXG73371.1_1950	GRMZM2G448344_T01.CDS	94.2	0.0	941	2433	482	484	483
lcl|VAHF01000001.1_prot_TXG73371.1_1950	GRMZM5G815453_T01.CDS	94.2	0.0	941	2433	482	484	483
lcl|VAHF01000001.1_prot_TXG73371.1_1950	AtCg00490	93.7	0.0	919	2376	482	480	475
lcl|VAHF01000001.1_prot_TXG73372.1_1951	AtCg00480	88.2	9.31e-306	828	2139	467	499	498
lcl|VAHF01000001.1_prot_TXG73372.1_1951	GRMZM2G385622_T01.CDS	84.5	1.00e-293	798	2060	467	499	498
lcl|VAHF01000001.1_prot_TXG73372.1_1951	GRMZM5G808402_T01.CDS	84.5	1.00e-293	798	2060	467	499	498
lcl|VAHF01000001.1_prot_TXG73372.1_1951	GRMZM2G448389_T01.CDS	84.3	4.06e-293	796	2056	467	499	498
lcl|VAHF01000001.1_prot_TXG73372.1_1951	GRMZM2G062854_T01.CDS	83.9	3.14e-238	654	1686	467	410	409
lcl|VAHF01000001.1_prot_TXG73372.1_1951	GRMZM2G448142_T03.CDS	86.7	2.56e-216	600	1546	467	449	368
lcl|VAHF01000001.1_prot_TXG73372.1_1951	GRMZM2G448142_T02.CDS	86.7	2.56e-216	600	1546	467	449	368
lcl|VAHF01000001.1_prot_TXG73478.1_2057	At5g20980	83.7	0.0	1273	3295	809	813	763
lcl|VAHF01000001.1_prot_TXG73555.1_2134	Potri.004G199600	85.1	4.09e-220	601	1550	345	378	348
lcl|VAHF01000001.1_prot_TXG73686.1_2265	At2g27820	81.4	6.58e-222	611	1575	419	425	397
lcl|VAHF01000001.1_prot_TXG73686.1_2265	At1g08250	82.6	2.54e-221	609	1570	419	414	384
lcl|VAHF01000001.1_prot_TXG73712.1_2291	Potri.004G189900	87.9	5.41e-267	722	1864	389	390	389
lcl|VAHF01000001.1_prot_TXG73712.1_2291	Potri.009G150600	88.4	1.04e-264	716	1849	389	390	389
lcl|VAHF01000001.1_prot_TXG73774.1_2353	At2g45440	81.3	6.82e-213	583	1502	351	366	337
lcl|VAHF01000001.1_prot_TXG73774.1_2353	At3g60880	80.4	2.65e-210	576	1485	351	366	337
lcl|VAHF01000001.1_prot_TXG73858.1_2437	At5g60600	85.7	0.0	1275	3299	741	742	736
lcl|VAHF01000001.1_prot_TXG73923.1_2502	At1g29900	86.3	0.0	1899	4919	1210	1188	1091
lcl|VAHF01000001.1_prot_TXG74019.1_2598	Potri.001G237200	93.0	1.12e-235	639	1649	346	347	343
lcl|VAHF01000001.1_prot_TXG74019.1_2598	Potri.010G207200	90.1	1.30e-234	637	1642	346	347	345
lcl|VAHF01000001.1_prot_TXG74019.1_2598	Potri.008G053100	90.7	2.63e-234	636	1640	346	347	345
lcl|VAHF01000001.1_prot_TXG74026.1_2605	GRMZM2G110063_T01.CDS	85.9	8.69e-145	412	1058	453	298	241
lcl|VAHF01000001.1_prot_TXG74226.1_2805	Potri.009G040200	98.6	0.0	881	2277	447	451	437
lcl|VAHF01000001.1_prot_TXG74226.1_2805	Potri.003G125400	97.9	0.0	878	2269	447	447	437
lcl|VAHF01000001.1_prot_TXG74226.1_2805	Potri.001G246900	98.2	0.0	877	2267	447	450	437
lcl|VAHF01000001.1_prot_TXG74226.1_2805	Potri.001G106100	96.0	0.0	876	2263	447	448	446
lcl|VAHF01000001.1_prot_TXG74226.1_2805	Potri.001G272800	96.3	0.0	867	2241	447	446	437
lcl|VAHF01000001.1_prot_TXG74226.1_2805	Potri.016G033200	96.6	0.0	867	2239	447	451	436
lcl|VAHF01000001.1_prot_TXG74226.1_2805	Potri.006G035400	96.3	0.0	865	2235	447	449	437
lcl|VAHF01000001.1_prot_TXG74226.1_2805	Potri.006G095000	96.6	0.0	865	2234	447	445	435
lcl|VAHF01000001.1_prot_TXG74226.1_2805	Potri.009G067200	95.9	0.0	864	2232	447	447	437
lcl|VAHF01000001.1_prot_TXG74226.1_2805	Potri.009G067100	95.7	6.78e-320	861	2224	447	447	437
lcl|VAHF01000001.1_prot_TXG74253.1_2832	At3g46970	81.4	0.0	1409	3648	845	842	837
lcl|VAHF01000001.1_prot_TXG74268.1_2847	At2g29630	87.5	0.0	1178	3047	649	645	649
lcl|VAHF01000001.1_prot_TXG74395.1_2974	GRMZM2G120652_T01.CDS	89.3	1.31e-164	481	1237	841	414	272
lcl|VAHF01000001.1_prot_TXG74395.1_2974	GRMZM5G850015_T01.CDS	88.2	2.19e-163	474	1219	841	318	272
lcl|VAHF01000001.1_prot_TXG74423.1_3002	Potri.016G120100	83.1	0.0	1034	2673	608	606	608
lcl|VAHF01000001.1_prot_TXG74423.1_3002	Potri.006G102500	81.4	0.0	1011	2615	608	606	608
lcl|VAHF01000001.1_prot_TXG74423.1_3002	Potri.011G064000	82.0	0.0	968	2502	608	594	566
lcl|VAHF01000001.1_prot_TXG74423.1_3002	Potri.T102400	81.8	0.0	967	2499	608	594	566
lcl|VAHF01000001.1_prot_TXG74423.1_3002	Potri.004G054100	81.3	0.0	952	2460	608	583	562
lcl|VAHF01000001.1_prot_TXG74423.1_3002	Potri.T143400	81.3	4.48e-199	556	1434	608	322	321
lcl|VAHF01000001.1_prot_TXG74425.1_3004	Potri.001G279100	84.8	0.0	1267	3278	763	749	769
lcl|VAHF01000001.1_prot_TXG74425.1_3004	Potri.009G073800	84.3	0.0	1259	3259	763	750	771
lcl|VAHF01000004.1_prot_TXG62530.1_106	At3g60370	80.8	2.12e-114	326	835	260	272	198
lcl|VAHF01000004.1_prot_TXG62552.1_128	AtCg00140	97.4	1.17e-17	71.6	174	236	82	38
lcl|VAHF01000004.1_prot_TXG62678.1_254	At4g08870	83.9	6.67e-182	502	1293	322	345	292
lcl|VAHF01000004.1_prot_TXG62681.1_257	At2g45290	84.5	0.0	1254	3245	744	742	746
lcl|VAHF01000004.1_prot_TXG62681.1_257	At3g60750	84.9	0.0	1247	3226	744	742	746
lcl|VAHF01000004.1_prot_TXG62683.1_259	Potri.014G068400	86.7	1.28e-275	748	1930	432	432	430
lcl|VAHF01000004.1_prot_TXG62683.1_259	Potri.002G146500	85.7	1.22e-274	745	1924	432	436	433
lcl|VAHF01000004.1_prot_TXG62899.1_475	Potri.014G086300	83.1	2.81e-227	620	1600	374	375	373
lcl|VAHF01000004.1_prot_TXG62899.1_475	Potri.002G160800	83.7	2.39e-226	618	1594	374	376	374
lcl|VAHF01000004.1_prot_TXG62990.1_566	Potri.014G094900	95.4	0.0	901	2329	473	475	474
lcl|VAHF01000004.1_prot_TXG62990.1_566	Potri.002G167800	95.4	0.0	900	2327	473	475	474
lcl|VAHF01000004.1_prot_TXG63014.1_590	GRMZM2G156158_T02.CDS	80.3	1.22e-29	111	278	846	158	66
lcl|VAHF01000004.1_prot_TXG63104.1_680	At1g01090	81.0	3.12e-252	688	1776	431	429	432
lcl|VAHF01000004.1_prot_TXG63188.1_764	At4g01690	82.0	4.22e-320	869	2246	542	538	540
lcl|VAHF01000004.1_prot_TXG63424.1_1000	Potri.014G129200	80.7	8.14e-262	714	1842	445	443	457
lcl|VAHF01000004.1_prot_TXG63424.1_1000	Potri.002G204400	81.6	4.14e-260	709	1831	445	445	446
lcl|VAHF01000004.1_prot_TXG63728.1_1304	AT3G63410	80.0	6.68e-203	556	1432	338	338	345
lcl|VAHF01000004.1_prot_TXG63728.1_1304	At3g63410	80.0	6.92e-203	556	1432	338	339	345
lcl|VAHF01000004.1_prot_TXG63782.1_1358	At5g35630	80.3	1.43e-25	105	263	598	431	61
lcl|VAHF01000004.1_prot_TXG63830.1_1406	At2g40300	87.7	1.42e-29	103	258	127	260	57
lcl|VAHF01000004.1_prot_TXG63830.1_1406	A0AAD6MKV1	91.2	1.06e-28	105	262	127	860	57
lcl|VAHF01000004.1_prot_TXG63830.1_1406	At3g56090	87.7	1.54e-28	101	251	127	260	57
lcl|VAHF01000004.1_prot_TXG63975.1_1551	AtCg00500	85.3	5.65e-132	390	1001	548	489	231
lcl|VAHF01000004.1_prot_TXG63976.1_1552	AtCg00500	84.9	1.60e-146	415	1066	248	489	245
lcl|VAHF01000004.1_prot_TXG63977.1_1553	AtCg00500	82.0	2.67e-25	96.7	239	155	489	61
lcl|VAHF01000004.1_prot_TXG64057.1_1633	A0A7G2DUG9	86.8	1.99e-300	839	2167	609	963	471
lcl|VAHF01000004.1_prot_TXG64059.1_1635	Potri.005G008100	87.0	1.24e-07	45.4	106	164	183	23
lcl|VAHF01000004.1_prot_TXG64187.1_1763	Potri.009G093800	83.8	6.35e-17	72.8	177	838	85	37
lcl|VAHF01000004.1_prot_TXG64204.1_1780	Potri.009G094800	81.1	1.74e-259	706	1821	417	419	417
lcl|VAHF01000004.1_prot_TXG64204.1_1780	Potri.001G299700	83.0	2.47e-259	705	1820	417	419	417
lcl|VAHF01000004.1_prot_TXG64217.1_1793	Potri.009G095800	84.2	1.08e-227	620	1599	357	358	355
lcl|VAHF01000004.1_prot_TXG64231.1_1807	At4g34200	83.9	0.0	932	2409	596	604	589
lcl|VAHF01000004.1_prot_TXG64231.1_1807	At3g19480	86.2	0.0	907	2343	596	589	543
lcl|VAHF01000004.1_prot_TXG64448.1_2024	At4g29840	86.7	1.18e-299	816	2109	530	527	457
lcl|VAHF01000004.1_prot_TXG64448.1_2024	At1g72810	85.1	2.57e-289	790	2040	530	517	462
lcl|VAHF01000004.1_prot_TXG64655.1_2231	At4g38970	87.1	1.03e-248	677	1746	398	399	402
lcl|VAHF01000004.1_prot_TXG64655.1_2231	At2g21330	85.0	3.25e-243	663	1710	398	400	400
lcl|VAHF01000004.1_prot_TXG64674.1_2250	Potri.014G144700	81.3	3.36e-22	85.1	209	341	67	48
lcl|VAHF01000004.1_prot_TXG64679.1_2255	At4g34740	86.7	4.81e-311	849	2193	579	562	490
lcl|VAHF01000004.1_prot_TXG64743.1_2319	At2g21170	88.1	5.41e-109	312	799	218	316	176
lcl|VAHF01000004.1_prot_TXG64744.1_2320	At2g21170	82.9	2.72e-96	281	719	252	316	181
lcl|VAHF01000004.1_prot_TXG64842.1_2418	At2g21170	80.4	4.82e-164	455	1170	298	316	306
lcl|VAHF01000004.1_prot_TXG64844.1_2420	At2g21170	88.6	6.42e-107	313	803	386	316	176
lcl|VAHF01000004.1_prot_TXG65042.1_2618	At2g19940	81.8	8.04e-79	247	631	469	401	154
lcl|VAHF01000004.1_prot_TXG65061.1_2637	At5g64050	80.2	0.0	931	2405	699	571	580
lcl|VAHF01000004.1_prot_TXG65063.1_2639	O64966	81.1	4.60e-317	865	2235	579	585	557
lcl|VAHF01000004.1_prot_TXG65065.1_2641	O64966	80.4	1.51e-313	856	2212	580	585	557
lcl|VAHF01000013.1_prot_TXG46828.1_89	At5g58260	80.2	2.29e-105	299	765	219	210	177
lcl|VAHF01000013.1_prot_TXG46837.1_98	At1g27680	85.2	1.83e-41	149	377	406	519	81
lcl|VAHF01000013.1_prot_TXG46837.1_98	At5g19220	81.5	3.90e-37	137	346	406	523	81
lcl|VAHF01000013.1_prot_TXG46982.1_243	AT1G11860	87.0	3.66e-270	732	1889	408	409	408
lcl|VAHF01000013.1_prot_TXG46982.1_243	At1g11860	87.0	6.42e-270	732	1889	408	424	408
lcl|VAHF01000013.1_prot_TXG46982.1_243	A0A816UFB7	84.8	6.46e-253	714	1843	408	1103	409
lcl|VAHF01000013.1_prot_TXG46996.1_257	A0A1S3AZP0	81.0	1.15e-275	750	1937	461	464	464
lcl|VAHF01000013.1_prot_TXG46997.1_258	A0A816UFB7	82.3	9.45e-158	474	1219	513	1103	271
lcl|VAHF01000013.1_prot_TXG47072.1_333	Potri.011G000100	80.6	5.65e-212	581	1497	362	364	361
lcl|VAHF01000013.1_prot_TXG47357.1_618	At3g55010	81.6	1.52e-203	562	1449	404	390	348
lcl|VAHF01000013.1_prot_TXG47523.1_784	At4g18480	80.3	1.42e-233	640	1652	422	425	426
lcl|VAHF01000013.1_prot_TXG47523.1_784	GRMZM2G419806_T03.CDS	83.2	1.25e-217	600	1547	422	423	376
lcl|VAHF01000013.1_prot_TXG47523.1_784	GRMZM2G419806_T01.CDS	83.2	2.67e-217	600	1547	422	444	376
lcl|VAHF01000013.1_prot_TXG47523.1_784	GRMZM2G419806_T02.CDS	83.2	4.76e-217	600	1547	422	460	376
lcl|VAHF01000013.1_prot_TXG47538.1_799	Potri.011G064000	91.8	0.0	1066	2756	586	594	564
lcl|VAHF01000013.1_prot_TXG47538.1_799	Potri.T102400	91.7	0.0	1065	2753	586	594	564
lcl|VAHF01000013.1_prot_TXG47538.1_799	Potri.004G054100	90.5	0.0	1061	2743	586	583	578
lcl|VAHF01000013.1_prot_TXG47538.1_799	Potri.017G151900	88.2	0.0	1042	2694	586	583	578
lcl|VAHF01000013.1_prot_TXG47538.1_799	Potri.016G120100	82.7	0.0	973	2515	586	606	567
lcl|VAHF01000013.1_prot_TXG47538.1_799	Potri.006G102500	82.1	0.0	960	2481	586	606	565
lcl|VAHF01000013.1_prot_TXG47538.1_799	Potri.T143400	93.1	3.59e-224	619	1597	586	322	321
lcl|VAHF01000013.1_prot_TXG47561.1_822	GRMZM2G004382_T02.CDS	82.2	0.0	887	2292	623	580	551
lcl|VAHF01000013.1_prot_TXG47565.1_826	At3g58610	88.9	8.61e-252	691	1784	378	592	380
lcl|VAHF01000013.1_prot_TXG47565.1_826	GRMZM2G004382_T02.CDS	88.4	7.17e-248	681	1757	378	580	380
lcl|VAHF01000013.1_prot_TXG47565.1_826	GRMZM2G004382_T01.CDS	85.3	7.99e-167	471	1213	378	475	272
lcl|VAHF01000013.1_prot_TXG47659.1_920	Potri.011G070900	87.3	0.0	1523	3942	856	854	848
lcl|VAHF01000013.1_prot_TXG47659.1_920	Potri.004G061500	86.3	0.0	1498	3878	856	850	848
lcl|VAHF01000013.1_prot_TXG47869.1_1130	Potri.006G095000	89.4	2.73e-33	125	313	369	445	66
lcl|VAHF01000013.1_prot_TXG47869.1_1130	Potri.003G125400	89.4	2.80e-33	125	313	369	447	66
lcl|VAHF01000013.1_prot_TXG47869.1_1130	Potri.001G106100	89.4	2.84e-33	125	313	369	448	66
lcl|VAHF01000013.1_prot_TXG47869.1_1130	Potri.009G040200	89.4	2.94e-33	125	313	369	451	66
lcl|VAHF01000013.1_prot_TXG47869.1_1130	Potri.016G109300	87.9	5.11e-33	124	311	369	444	66
lcl|VAHF01000013.1_prot_TXG47869.1_1130	Potri.016G107300	87.9	5.18e-33	124	311	369	445	66
lcl|VAHF01000013.1_prot_TXG47869.1_1130	Potri.015G038800	87.9	7.13e-33	124	310	369	445	66
lcl|VAHF01000013.1_prot_TXG47869.1_1130	Potri.001G464400	87.9	7.22e-33	124	310	369	446	66
lcl|VAHF01000013.1_prot_TXG47869.1_1130	Potri.001G272800	87.9	7.22e-33	124	310	369	446	66
lcl|VAHF01000013.1_prot_TXG47869.1_1130	Potri.009G067200	87.9	7.31e-33	124	310	369	447	66
lcl|VAHF01000013.1_prot_TXG47880.1_1141	At5g46290	81.4	1.91e-278	758	1958	461	490	494
lcl|VAHF01000013.1_prot_TXG47938.1_1199	At2g34590	87.0	4.43e-256	696	1796	405	407	407
lcl|VAHF01000013.1_prot_TXG47938.1_1199	At1g30120	84.6	3.02e-247	674	1738	405	407	408
lcl|VAHF01000013.1_prot_TXG47977.1_1238	GRMZM2G013236_T05.CDS	81.4	3.57e-248	679	1752	435	450	419
lcl|VAHF01000013.1_prot_TXG48057.1_1318	At1g30380	82.3	6.57e-71	205	521	129	131	130
lcl|VAHF01000013.1_prot_TXG48059.1_1320	At1g30380	80.8	2.35e-66	193	491	128	131	130
lcl|VAHF01000013.1_prot_TXG48162.1_1423	Potri.001G464400	97.7	0.0	875	2261	447	446	432
lcl|VAHF01000013.1_prot_TXG48162.1_1423	Potri.011G162500	97.0	0.0	870	2248	447	446	432
lcl|VAHF01000013.1_prot_TXG48162.1_1423	Potri.006G095000	94.9	3.37e-317	854	2206	447	445	432
lcl|VAHF01000013.1_prot_TXG48162.1_1423	Potri.009G067200	94.4	1.04e-316	853	2203	447	447	432
lcl|VAHF01000013.1_prot_TXG48162.1_1423	Potri.003G125400	94.9	1.48e-316	852	2202	447	447	432
lcl|VAHF01000013.1_prot_TXG48162.1_1423	Potri.001G246900	94.9	1.66e-316	852	2202	447	450	432
lcl|VAHF01000013.1_prot_TXG48162.1_1423	Potri.009G067100	94.7	2.10e-316	852	2201	447	447	432
lcl|VAHF01000013.1_prot_TXG48162.1_1423	Potri.001G106100	94.7	2.18e-316	852	2201	447	448	432
lcl|VAHF01000013.1_prot_TXG48162.1_1423	Potri.009G040200	94.7	2.45e-316	852	2201	447	451	432
lcl|VAHF01000013.1_prot_TXG48162.1_1423	Potri.016G033200	94.2	2.45e-316	852	2201	447	451	432
lcl|VAHF01000013.1_prot_TXG48225.1_1486	Potri.011G156100	83.2	3.61e-257	699	1805	411	418	411
lcl|VAHF01000013.1_prot_TXG48225.1_1486	Potri.001G459700	82.0	6.95e-255	694	1790	411	418	411
lcl|VAHF01000013.1_prot_TXG48225.1_1486	Potri.006G022000	80.8	3.93e-236	645	1664	411	391	390
lcl|VAHF01000013.1_prot_TXG48225.1_1486	Potri.016G020000	80.3	1.56e-156	439	1129	411	278	274
lcl|VAHF01000013.1_prot_TXG48258.1_1519	At1g31330	84.8	1.91e-113	319	817	199	222	184
lcl|VAHF01000013.1_prot_TXG48316.1_1577	At1g31190	83.3	3.35e-190	527	1357	382	372	299
lcl|VAHF01000013.1_prot_TXG48336.1_1597	At2g35040	85.0	0.0	951	2458	616	597	560
lcl|VAHF01000013.1_prot_TXG48341.1_1602	Potri.003G074700	85.2	1.20e-300	816	2108	499	489	480
lcl|VAHF01000013.1_prot_TXG48341.1_1602	Potri.001G159700	85.7	1.58e-300	816	2107	499	487	483
lcl|VAHF01000013.1_prot_TXG48358.1_1619	Potri.006G036800	82.1	1.04e-179	501	1290	355	421	319
lcl|VAHF01000006.1_prot_TXG59267.1_53	Potri.009G057700	81.0	2.04e-05	40.8	94	274	218	21
lcl|VAHF01000006.1_prot_TXG59297.1_83	Potri.007G054200	80.5	1.79e-246	672	1734	407	415	406
lcl|VAHF01000006.1_prot_TXG59414.1_200	Potri.005G139800	87.2	0.0	961	2484	549	560	546
lcl|VAHF01000006.1_prot_TXG59414.1_200	Potri.007G045400	86.4	0.0	956	2472	549	560	546
lcl|VAHF01000006.1_prot_TXG59472.1_258	Potri.005G136200	83.2	1.72e-157	435	1119	270	269	268
lcl|VAHF01000006.1_prot_TXG59472.1_258	Potri.007G040900	80.1	1.24e-143	400	1028	270	269	271
lcl|VAHF01000006.1_prot_TXG59699.1_485	At4g15560	82.1	0.0	1041	2692	616	718	624
lcl|VAHF01000006.1_prot_TXG59771.1_557	Potri.007G013900	94.1	3.69e-250	678	1749	369	369	354
lcl|VAHF01000006.1_prot_TXG59771.1_557	Potri.005G116200	90.7	2.28e-244	663	1711	369	369	354
lcl|VAHF01000006.1_prot_TXG59795.1_581	Potri.005G112900	88.4	4.36e-239	649	1675	362	364	363
lcl|VAHF01000006.1_prot_TXG59795.1_581	Potri.007G057200	88.2	4.17e-237	644	1662	362	364	363
lcl|VAHF01000006.1_prot_TXG59795.1_581	At5g66190	83.3	7.80e-223	608	1568	362	361	366
lcl|VAHF01000006.1_prot_TXG59822.1_608	At5g66120	82.6	6.66e-238	653	1685	446	443	396
lcl|VAHF01000006.1_prot_TXG59858.1_644	At2g05710	86.8	0.0	1595	4131	900	991	895
lcl|VAHF01000006.1_prot_TXG59858.1_644	GRMZM2G020801_T01.CDS	87.0	0.0	1423	3683	900	798	795
lcl|VAHF01000006.1_prot_TXG59968.1_754	Potri.007G007300	81.4	2.59e-169	466	1200	279	292	279
lcl|VAHF01000006.1_prot_TXG59983.1_769	At3g49680	83.4	1.11e-214	590	1520	362	414	344
lcl|VAHF01000006.1_prot_TXG60028.1_814	GRMZM2G448142_T03.CDS	91.3	3.18e-19	79.7	195	164	449	46
lcl|VAHF01000006.1_prot_TXG60028.1_814	GRMZM2G448142_T02.CDS	91.3	3.18e-19	79.7	195	164	449	46
lcl|VAHF01000006.1_prot_TXG60028.1_814	AtCg00580	97.1	2.73e-17	68.9	167	164	84	34
lcl|VAHF01000006.1_prot_TXG60028.1_814	GRMZM2G062854_T01.CDS	88.9	3.40e-13	62.4	150	164	410	36
lcl|VAHF01000006.1_prot_TXG60046.1_832	Potri.009G063300	81.3	1.33e-219	600	1547	364	361	359
lcl|VAHF01000006.1_prot_TXG60046.1_832	Potri.009G062800	81.6	3.82e-219	599	1544	364	361	359
lcl|VAHF01000006.1_prot_TXG60046.1_832	Potri.009G063100	81.6	4.44e-218	596	1537	364	361	359
lcl|VAHF01000006.1_prot_TXG60046.1_832	Potri.016G065300	80.4	6.72e-196	541	1394	364	387	326
lcl|VAHF01000006.1_prot_TXG60054.1_840	Potri.016G078300	80.4	7.15e-209	593	1528	868	363	362
lcl|VAHF01000006.1_prot_TXG60054.1_840	Potri.009G062901	80.8	2.29e-75	239	609	868	155	151
lcl|VAHF01000006.1_prot_TXG60058.1_844	Potri.016G078300	86.2	7.27e-240	651	1680	362	363	362
lcl|VAHF01000006.1_prot_TXG60058.1_844	Potri.009G063300	80.6	2.89e-218	597	1538	362	361	355
lcl|VAHF01000006.1_prot_TXG60058.1_844	Potri.009G062800	80.0	2.76e-216	592	1525	362	361	355
lcl|VAHF01000006.1_prot_TXG60058.1_844	Potri.009G062901	81.5	8.41e-82	243	619	362	155	151
lcl|VAHF01000006.1_prot_TXG60060.1_846	Potri.016G065300	81.6	5.75e-191	530	1365	395	387	310
lcl|VAHF01000006.1_prot_TXG60061.1_847	Potri.009G063300	81.6	1.67e-201	553	1426	345	361	331
lcl|VAHF01000006.1_prot_TXG60061.1_847	Potri.009G062800	81.6	2.76e-200	550	1418	345	361	331
lcl|VAHF01000006.1_prot_TXG60061.1_847	Potri.009G063100	81.6	7.91e-200	549	1415	345	361	332
lcl|VAHF01000006.1_prot_TXG60137.1_923	AtCg00270	93.1	2.16e-41	134	337	73	354	72
lcl|VAHF01000006.1_prot_TXG60138.1_924	AtCg00270	90.9	9.50e-34	120	300	212	354	66
lcl|VAHF01000006.1_prot_TXG60162.1_948	At4g33510	80.2	1.62e-294	803	2073	528	508	486
lcl|VAHF01000006.1_prot_TXG60582.1_1368	At4g39460	81.2	2.20e-183	505	1301	324	326	325
lcl|VAHF01000006.1_prot_TXG60600.1_1386	At1g04620	83.8	3.83e-63	201	511	259	463	117
lcl|VAHF01000006.1_prot_TXG60632.1_1418	GRMZM2G400604_T02.CDS	83.3	1.72e-158	451	1159	581	278	275
lcl|VAHF01000012.1_prot_TXG48545.1_79	At5g53580	80.8	3.92e-209	574	1479	366	366	338
lcl|VAHF01000012.1_prot_TXG48612.1_146	GRMZM5G868168_T01.CDS	80.4	2.91e-115	331	849	391	218	209
lcl|VAHF01000012.1_prot_TXG48644.1_178	AtCg00020	99.7	1.27e-243	673	1736	659	354	334
lcl|VAHF01000012.1_prot_TXG48644.1_178	AtCg00890	91.2	8.30e-172	492	1266	659	390	283
lcl|VAHF01000012.1_prot_TXG48697.1_231	GRMZM2G088305_T01.CDS	96.3	1.11e-08	53.5	127	1135	249	27
lcl|VAHF01000012.1_prot_TXG48749.1_283	Potri.004G091000	89.7	0.0	2244	5814	1270	1315	1250
lcl|VAHF01000012.1_prot_TXG48801.1_335	A0A8X8C3Q6	95.7	4.74e-107	321	823	166	874	163
lcl|VAHF01000012.1_prot_TXG48819.1_353	Potri.019G054500	87.4	0.0	1179	3049	691	676	691
lcl|VAHF01000012.1_prot_TXG48880.1_414	At5g36790	90.0	2.67e-200	549	1414	307	363	301
lcl|VAHF01000012.1_prot_TXG48880.1_414	At5g36700	90.0	2.67e-200	549	1414	307	363	301
lcl|VAHF01000012.1_prot_TXG49020.1_554	At5g13420	81.0	8.22e-247	677	1747	481	439	442
lcl|VAHF01000012.1_prot_TXG49057.1_591	Potri.003G198500	89.7	3.14e-76	241	616	429	475	136
lcl|VAHF01000012.1_prot_TXG49057.1_591	Potri.001G026300	88.2	5.82e-75	239	610	429	510	136
lcl|VAHF01000012.1_prot_TXG49061.1_595	At1g69740	98.8	6.38e-50	160	404	114	431	81
lcl|VAHF01000012.1_prot_TXG49109.1_643	At2g36230	81.9	5.02e-146	407	1046	258	305	249
lcl|VAHF01000012.1_prot_TXG49284.1_818	At2g16570	80.0	1.29e-301	824	2129	556	567	531
lcl|VAHF01000012.1_prot_TXG49284.1_818	At4g34740	87.1	3.57e-300	820	2119	556	562	474
lcl|VAHF01000012.1_prot_TXG49351.1_885	At5g22510	85.9	0.0	892	2306	652	618	488
lcl|VAHF01000012.1_prot_TXG49414.1_948	At5g58330	85.3	9.39e-244	668	1723	441	444	394
lcl|VAHF01000012.1_prot_TXG49419.1_953	At5g63890	85.0	6.66e-272	740	1910	438	467	434
lcl|VAHF01000012.1_prot_TXG49538.1_1072	Potri.008G039300	85.0	2.15e-142	398	1022	234	331	227
lcl|VAHF01000012.1_prot_TXG49551.1_1085	At1g48850	81.9	4.03e-252	688	1776	430	437	426
lcl|VAHF01000012.1_prot_TXG49635.1_1169	At2g39290	83.0	1.69e-107	315	806	396	297	194
lcl|VAHF01000012.1_prot_TXG49751.1_1285	Potri.008G053100	85.8	1.28e-232	633	1632	373	347	372
lcl|VAHF01000012.1_prot_TXG49751.1_1285	Potri.010G207200	85.5	1.82e-232	632	1631	373	347	372
lcl|VAHF01000012.1_prot_TXG49751.1_1285	Potri.001G237200	83.5	2.51e-223	609	1571	373	347	370
lcl|VAHF01000012.1_prot_TXG49819.1_1353	At1g74260	82.0	0.0	2305	5973	1405	1408	1403
lcl|VAHF01000012.1_prot_TXG49838.1_1372	Potri.010G198800	93.9	6.88e-249	674	1739	361	362	361
lcl|VAHF01000012.1_prot_TXG49838.1_1372	Potri.008G060100	92.0	1.27e-244	663	1711	361	362	361
lcl|VAHF01000012.1_prot_TXG49838.1_1372	Potri.006G090300	88.6	1.19e-233	635	1639	361	362	361
lcl|VAHF01000012.1_prot_TXG49838.1_1372	Potri.008G006700	82.3	5.61e-217	594	1531	361	376	368
lcl|VAHF01000012.1_prot_TXG49900.1_1434	At3g55800	81.0	1.68e-231	633	1632	394	394	395
lcl|VAHF01000012.1_prot_TXG49922.1_1456	At4g32520	81.3	2.01e-293	799	2064	491	530	492
lcl|VAHF01000012.1_prot_TXG49933.1_1467	At2g40690	87.5	8.73e-04	35.4	80	190	421	16
lcl|VAHF01000012.1_prot_TXG49934.1_1468	At2g40690	90.3	9.98e-227	627	1616	508	421	362
lcl|VAHF01000012.1_prot_TXG49934.1_1468	GRMZM2G063258_T03.CDS	81.2	1.51e-201	563	1451	508	428	362
lcl|VAHF01000012.1_prot_TXG49934.1_1468	GRMZM2G063258_T04.CDS	86.6	6.29e-140	400	1027	508	255	247
lcl|VAHF01000012.1_prot_TXG49945.1_1479	GRMZM2G063258_T04.CDS	89.5	3.52e-25	89.4	220	57	255	57
lcl|VAHF01000012.1_prot_TXG49945.1_1479	GRMZM2G063258_T03.CDS	89.5	2.21e-24	89.4	220	57	428	57
lcl|VAHF01000012.1_prot_TXG49945.1_1479	At2g40690	84.2	7.73e-24	87.8	216	57	421	57
lcl|VAHF01000008.1_prot_TXG55731.1_1	GRMZM2G460396_T01.CDS	80.4	0.0	1409	3646	1561	991	986
lcl|VAHF01000008.1_prot_TXG55813.1_83	At3g63520	80.4	7.68e-202	564	1453	405	539	331
lcl|VAHF01000008.1_prot_TXG55834.1_104	Potri.009G058600	85.3	3.27e-228	620	1600	346	347	346
lcl|VAHF01000008.1_prot_TXG55834.1_104	Potri.001G263700	84.1	1.27e-225	614	1583	346	347	346
lcl|VAHF01000008.1_prot_TXG55843.1_113	Potri.009G057500	86.5	1.40e-12	65.1	157	558	327	37
lcl|VAHF01000008.1_prot_TXG55843.1_113	Potri.009G052000	80.6	2.50e-11	61.2	147	558	326	36
lcl|VAHF01000008.1_prot_TXG55843.1_113	Potri.009G057700	80.0	4.07e-10	56.2	134	558	218	35
lcl|VAHF01000008.1_prot_TXG56017.1_287	At5g13110	83.0	0.0	944	2441	600	597	571
lcl|VAHF01000008.1_prot_TXG56017.1_287	At1g24280	84.0	0.0	918	2373	600	600	550
lcl|VAHF01000008.1_prot_TXG56017.1_287	GRMZM2G177077_T01.CDS	84.8	0.0	914	2362	600	599	540
lcl|VAHF01000008.1_prot_TXG56017.1_287	At5g35790	83.5	1.54e-309	847	2187	600	577	490
lcl|VAHF01000008.1_prot_TXG56092.1_362	Potri.008G177900	81.3	0.0	1348	3488	840	837	843
lcl|VAHF01000008.1_prot_TXG56106.1_376	GRMZM2G099696_T02.CDS	85.3	1.67e-157	439	1130	322	319	266
lcl|VAHF01000008.1_prot_TXG56106.1_376	GRMZM2G043602_T03.CDS	80.3	5.71e-152	425	1093	322	313	274
lcl|VAHF01000008.1_prot_TXG56106.1_376	GRMZM2G043602_T01.CDS	85.3	2.53e-132	372	955	322	226	218
lcl|VAHF01000008.1_prot_TXG56221.1_491	At1g23310	86.4	0.0	874	2257	492	482	492
lcl|VAHF01000008.1_prot_TXG56221.1_491	At1g70580	86.0	0.0	870	2247	492	482	492
lcl|VAHF01000008.1_prot_TXG56300.1_570	At1g23740	81.3	1.08e-191	531	1369	388	387	336
lcl|VAHF01000008.1_prot_TXG56300.1_570	Solyc05g005480	82.0	1.12e-191	531	1369	388	388	338
lcl|VAHF01000008.1_prot_TXG56330.1_600	Potri.010G094600	83.8	1.42e-212	581	1498	362	336	352
lcl|VAHF01000008.1_prot_TXG56330.1_600	Potri.008G147200	85.4	1.65e-204	560	1442	362	307	323
lcl|VAHF01000008.1_prot_TXG56441.1_711	AtCg00580	98.4	1.51e-41	128	322	110	84	63
lcl|VAHF01000008.1_prot_TXG56441.1_711	AtCg00350	94.3	3.49e-18	74.7	182	110	751	35
lcl|VAHF01000008.1_prot_TXG56546.1_816	AtCg00890	96.7	1.39e-91	285	729	634	390	153
lcl|VAHF01000008.1_prot_TXG56863.1_1133	Potri.008G084800	89.7	0.0	1044	2700	567	564	561
lcl|VAHF01000008.1_prot_TXG56863.1_1133	Potri.010G170000	88.9	0.0	1037	2682	567	564	561
lcl|VAHF01000008.1_prot_TXG56938.1_1208	A0A5N6R1Y5	86.5	5.90e-268	740	1911	456	709	437
lcl|VAHF01000008.1_prot_TXG56991.1_1261	AtCg00430	87.0	1.27e-99	288	736	286	226	177
lcl|VAHF01000008.1_prot_TXG56991.1_1261	GRMZM2G448142_T01.CDS	80.2	2.26e-92	270	691	286	255	177
lcl|VAHF01000008.1_prot_TXG56991.1_1261	AtCg00440	81.8	2.21e-04	36.6	83	286	121	22
lcl|VAHF01000008.1_prot_TXG57023.1_1293	Potri.010G100500	85.5	1.20e-318	862	2227	492	504	503
lcl|VAHF01000008.1_prot_TXG57023.1_1293	Potri.008G141100	84.6	6.86e-317	858	2216	492	509	508
lcl|VAHF01000008.1_prot_TXG57023.1_1293	Potri.T059200	85.0	2.94e-315	853	2204	492	497	493
lcl|VAHF01000008.1_prot_TXG57023.1_1293	Potri.004G075200	85.2	2.60e-314	851	2198	492	499	500
lcl|VAHF01000008.1_prot_TXG57023.1_1293	Potri.004G075300	82.8	5.15e-310	840	2170	492	501	501
lcl|VAHF01000008.1_prot_TXG57025.1_1295	Potri.010G100500	85.5	4.88e-318	860	2223	492	504	503
lcl|VAHF01000008.1_prot_TXG57025.1_1295	Potri.008G141100	84.8	6.86e-317	858	2216	492	509	508
lcl|VAHF01000008.1_prot_TXG57025.1_1295	Potri.T059200	84.7	3.58e-316	855	2210	492	497	498
lcl|VAHF01000008.1_prot_TXG57025.1_1295	Potri.004G075200	85.8	7.79e-316	855	2208	492	499	500
lcl|VAHF01000008.1_prot_TXG57025.1_1295	Potri.004G075300	83.4	1.54e-311	844	2180	492	501	501
lcl|VAHF01000008.1_prot_TXG57025.1_1295	Potri.T059300	80.6	1.43e-26	99.0	245	492	77	62
lcl|VAHF01000008.1_prot_TXG57027.1_1297	Potri.010G100500	85.7	2.93e-319	863	2231	492	504	503
lcl|VAHF01000008.1_prot_TXG57027.1_1297	Potri.008G141100	84.8	1.69e-317	859	2220	492	509	508
lcl|VAHF01000008.1_prot_TXG57027.1_1297	Potri.T059200	85.4	2.52e-316	856	2211	492	497	493
lcl|VAHF01000008.1_prot_TXG57027.1_1297	Potri.004G075200	85.6	2.23e-315	853	2205	492	499	500
lcl|VAHF01000008.1_prot_TXG57027.1_1297	Potri.004G075300	83.2	4.42e-311	843	2177	492	501	501
lcl|VAHF01000008.1_prot_TXG57027.1_1297	Potri.T059300	80.6	1.43e-26	99.0	245	492	77	62
lcl|VAHF01000008.1_prot_TXG57028.1_1298	Potri.008G141100	86.2	0.0	881	2276	495	509	508
lcl|VAHF01000008.1_prot_TXG57028.1_1298	Potri.010G100500	85.9	7.51e-321	868	2242	495	504	503
lcl|VAHF01000008.1_prot_TXG57028.1_1298	Potri.004G075200	85.8	2.63e-317	858	2218	495	499	499
lcl|VAHF01000008.1_prot_TXG57028.1_1298	Potri.T059200	84.3	1.57e-313	849	2193	495	497	498
lcl|VAHF01000008.1_prot_TXG57028.1_1298	Potri.004G075300	83.2	2.12e-312	846	2186	495	501	501
lcl|VAHF01000008.1_prot_TXG57079.1_1349	Potri.010G104500	89.5	0.0	1551	4017	852	855	854
lcl|VAHF01000008.1_prot_TXG57079.1_1349	Potri.008G136500	88.5	0.0	1531	3963	852	852	853
lcl|VAHF01000008.1_prot_TXG57122.1_1392	At5g57890	80.9	4.25e-137	384	987	283	274	230
lcl|VAHF01000008.1_prot_TXG57122.1_1392	At1g24909	83.1	6.63e-136	379	974	283	223	219
lcl|VAHF01000008.1_prot_TXG57170.1_1440	At1g23190	83.7	0.0	976	2522	562	584	583
lcl|VAHF01000008.1_prot_TXG57170.1_1440	At1g70730	83.2	0.0	964	2493	562	663	585
lcl|VAHF01000008.1_prot_TXG57280.1_1550	At2g01140	86.8	3.21e-247	672	1735	394	392	394
lcl|VAHF01000008.1_prot_TXG57323.1_1593	Potri.010G120600	81.1	1.20e-234	643	1658	407	431	402
lcl|VAHF01000008.1_prot_TXG57453.1_1723	Potri.010G255600	82.4	0.0	1185	3065	738	808	752
lcl|VAHF01000005.1_prot_TXG60854.1_142	At5g58330	84.6	2.77e-15	68.2	165	156	444	39
lcl|VAHF01000005.1_prot_TXG60879.1_167	Potri.018G100400	90.7	8.93e-301	811	2095	431	432	431
lcl|VAHF01000005.1_prot_TXG60879.1_167	Potri.006G178500	88.9	6.72e-296	799	2063	431	432	431
lcl|VAHF01000005.1_prot_TXG60892.1_180	AtCg00710	90.2	1.65e-25	93.2	230	289	74	51
lcl|VAHF01000005.1_prot_TXG60893.1_181	AtCg00680	97.8	0.0	1041	2693	508	509	508
lcl|VAHF01000005.1_prot_TXG60897.1_185	GRMZM2G062854_T01.CDS	80.5	5.43e-197	548	1412	441	410	370
lcl|VAHF01000005.1_prot_TXG60898.1_186	AtCg00430	81.5	2.45e-75	220	561	147	226	146
lcl|VAHF01000005.1_prot_TXG60899.1_187	AtCg00350	86.6	5.01e-281	778	2010	534	751	432
lcl|VAHF01000005.1_prot_TXG60901.1_189	AtCg00270	96.4	1.20e-241	662	1707	508	354	335
lcl|VAHF01000005.1_prot_TXG60901.1_189	AtCg00280	91.9	5.74e-117	349	896	508	474	185
lcl|VAHF01000005.1_prot_TXG60904.1_192	AtCg00140	93.1	1.47e-10	50.4	119	129	82	29
lcl|VAHF01000005.1_prot_TXG60905.1_193	AtCg00120	89.5	1.00e-44	147	372	112	508	86
lcl|VAHF01000005.1_prot_TXG60919.1_207	GRMZM5G809546_T01.CDS	84.3	5.77e-287	785	2026	508	554	483
lcl|VAHF01000005.1_prot_TXG61198.1_486	AT4G33010	85.1	0.0	1800	4663	1054	1038	1057
lcl|VAHF01000005.1_prot_TXG61198.1_486	At4g33010	85.6	0.0	1692	4381	1054	977	989
lcl|VAHF01000005.1_prot_TXG61220.1_508	Potri.018G062100	85.1	4.63e-88	262	670	143	530	141
lcl|VAHF01000005.1_prot_TXG61220.1_508	Potri.006G226700	83.7	1.63e-85	256	653	143	530	141
lcl|VAHF01000005.1_prot_TXG61228.1_516	GRMZM2G088305_T01.CDS	87.5	1.43e-09	56.2	134	1141	249	32
lcl|VAHF01000005.1_prot_TXG61400.1_688	At5g11520	84.8	1.02e-258	704	1818	407	449	401
lcl|VAHF01000005.1_prot_TXG61400.1_688	AT5G11520	84.8	1.06e-258	704	1818	407	450	401
lcl|VAHF01000005.1_prot_TXG61432.1_720	At1g67280	82.2	1.20e-208	572	1473	355	351	353
lcl|VAHF01000005.1_prot_TXG61432.1_720	GRMZM2G076006_T02.CDS	85.9	4.69e-189	522	1344	355	348	284
lcl|VAHF01000005.1_prot_TXG61432.1_720	GRMZM2G081268_T01.CDS	80.7	5.42e-177	491	1264	355	341	285
lcl|VAHF01000005.1_prot_TXG61432.1_720	GRMZM2G081268_T03.CDS	80.7	5.42e-177	491	1264	355	341	285
lcl|VAHF01000005.1_prot_TXG61432.1_720	GRMZM2G076006_T03.CDS	82.9	1.29e-97	286	732	355	249	158
lcl|VAHF01000005.1_prot_TXG61432.1_720	GRMZM2G076006_T01.CDS	87.0	1.22e-55	173	439	355	94	92
lcl|VAHF01000005.1_prot_TXG61457.1_745	At1g79750	80.1	0.0	957	2474	591	647	579
lcl|VAHF01000005.1_prot_TXG61895.1_1183	At5g20410	85.9	3.07e-251	695	1793	608	469	383
lcl|VAHF01000005.1_prot_TXG61906.1_1194	At4g32520	81.9	3.63e-38	138	347	313	530	83
lcl|VAHF01000005.1_prot_TXG61934.1_1222	At4g32520	80.2	9.04e-311	845	2182	527	530	529
lcl|VAHF01000005.1_prot_TXG61979.1_1267	At1g79750	80.2	0.0	941	2433	585	647	572
lcl|VAHF01000005.1_prot_TXG62013.1_1301	At1g67280	82.8	3.97e-196	541	1394	384	351	314
lcl|VAHF01000005.1_prot_TXG62013.1_1301	GRMZM2G076006_T01.CDS	84.8	4.15e-54	170	431	384	94	92
lcl|VAHF01000005.1_prot_TXG62037.1_1325	At5g11520	84.7	4.21e-274	745	1924	451	449	443
lcl|VAHF01000005.1_prot_TXG62037.1_1325	AT5G11520	84.7	4.37e-274	745	1924	451	450	443
lcl|VAHF01000005.1_prot_TXG62208.1_1496	GRMZM2G088305_T01.CDS	84.4	1.52e-09	54.3	129	392	249	32
lcl|VAHF01000005.1_prot_TXG62209.1_1497	GRMZM2G088305_T01.CDS	81.3	8.64e-08	50.8	120	1141	249	32
lcl|VAHF01000005.1_prot_TXG62232.1_1520	At4g31990	88.7	6.77e-281	780	2014	873	454	433
lcl|VAHF01000005.1_prot_TXG62232.1_1520	AT4G31990	88.6	1.55e-279	777	2006	873	463	431
lcl|VAHF01000005.1_prot_TXG62269.1_1557	At2g25080	83.3	1.83e-121	342	876	242	237	204
lcl|VAHF01000005.1_prot_TXG62380.1_1668	Potri.006G272700	82.8	0.0	1130	2924	663	661	656
lcl|VAHF01000002.1_prot_TXG68174.1_31	At1g17290	82.0	9.40e-300	818	2114	553	544	494
lcl|VAHF01000002.1_prot_TXG68601.1_458	At1g17650	82.0	3.05e-161	466	1199	726	359	294
lcl|VAHF01000002.1_prot_TXG68665.1_522	Potri.009G063300	80.4	4.44e-218	596	1537	364	361	362
lcl|VAHF01000002.1_prot_TXG68665.1_522	Potri.009G062800	80.4	2.57e-217	594	1532	364	361	362
lcl|VAHF01000002.1_prot_TXG68665.1_522	Potri.009G063100	80.1	4.24e-216	591	1524	364	361	362
lcl|VAHF01000002.1_prot_TXG68923.1_780	At3g16250	82.5	1.80e-78	230	586	204	205	126
lcl|VAHF01000002.1_prot_TXG69018.1_875	At1g52230	87.3	3.53e-65	190	482	105	146	102
lcl|VAHF01000002.1_prot_TXG69018.1_875	At3g16140	85.3	8.30e-64	186	473	105	146	102
lcl|VAHF01000002.1_prot_TXG69025.1_882	GRMZM2G385622_T01.CDS	94.6	2.75e-40	138	347	166	499	74
lcl|VAHF01000002.1_prot_TXG69025.1_882	GRMZM2G448389_T01.CDS	94.6	2.75e-40	138	347	166	499	74
lcl|VAHF01000002.1_prot_TXG69025.1_882	GRMZM5G808402_T01.CDS	94.6	2.75e-40	138	347	166	499	74
lcl|VAHF01000002.1_prot_TXG69025.1_882	AtCg00480	93.2	1.03e-39	136	343	166	499	74
lcl|VAHF01000002.1_prot_TXG69025.1_882	AtCg00470	82.2	2.21e-36	119	298	166	133	73
lcl|VAHF01000002.1_prot_TXG69131.1_988	At3g20330	81.9	7.01e-159	443	1140	266	391	282
lcl|VAHF01000002.1_prot_TXG69133.1_990	At3g20330	81.9	7.01e-159	443	1140	266	391	282
lcl|VAHF01000002.1_prot_TXG69134.1_991	At3g20330	81.9	5.13e-193	535	1379	396	391	331
lcl|VAHF01000002.1_prot_TXG69331.1_1188	At3g15730	83.1	0.0	1431	3705	801	811	810
lcl|VAHF01000002.1_prot_TXG69408.1_1265	Potri.003G030900	82.5	0.0	874	2259	521	520	520
lcl|VAHF01000002.1_prot_TXG69424.1_1281	GRMZM2G088305_T01.CDS	90.6	7.84e-10	57.0	136	1132	249	32
lcl|VAHF01000002.1_prot_TXG69860.1_1717	At2g44530	83.5	5.39e-223	611	1576	392	395	369
lcl|VAHF01000002.1_prot_TXG69899.1_1756	Potri.004G075200	86.8	1.79e-304	825	2130	462	499	468
lcl|VAHF01000002.1_prot_TXG69899.1_1756	Potri.004G075300	85.1	1.11e-303	823	2125	462	501	469
lcl|VAHF01000002.1_prot_TXG69899.1_1756	Potri.T059200	85.7	1.12e-302	820	2118	462	497	469
lcl|VAHF01000002.1_prot_TXG69899.1_1756	Potri.010G100500	82.8	8.57e-288	783	2021	462	504	472
lcl|VAHF01000002.1_prot_TXG69899.1_1756	Potri.008G141100	81.8	1.98e-285	777	2006	462	509	478
lcl|VAHF01000002.1_prot_TXG69899.1_1756	Potri.T059300	83.9	1.76e-28	103	258	462	77	62
lcl|VAHF01000002.1_prot_TXG69939.1_1796	At5g16715	85.9	1.07e-250	704	1817	408	975	383
lcl|VAHF01000002.1_prot_TXG70032.1_1889	Potri.017G118600	84.4	7.30e-259	705	1819	428	427	422
lcl|VAHF01000002.1_prot_TXG70032.1_1889	Potri.T063800	83.6	6.96e-257	700	1806	428	427	422
lcl|VAHF01000002.1_prot_TXG70116.1_1973	At3g56940	86.1	1.40e-251	685	1767	407	410	411
lcl|VAHF01000002.1_prot_TXG70150.1_2007	AT3G10230	83.5	3.76e-228	628	1620	508	370	369
lcl|VAHF01000002.1_prot_TXG70151.1_2008	AT3G10230	83.4	5.69e-91	265	678	156	370	163
lcl|VAHF01000002.1_prot_TXG70151.1_2008	At3g10230	83.4	2.40e-89	265	678	156	502	163
lcl|VAHF01000002.1_prot_TXG70168.1_2025	At5g04140	82.2	0.0	2724	7062	1608	1649	1649
lcl|VAHF01000002.1_prot_TXG70168.1_2025	At2g41220	82.4	0.0	2643	6852	1608	1630	1599
lcl|VAHF01000002.1_prot_TXG70206.1_2063	Potri.016G033200	98.2	0.0	896	2316	448	451	445
lcl|VAHF01000002.1_prot_TXG70206.1_2063	Potri.006G035400	97.3	0.0	893	2307	448	449	448
lcl|VAHF01000002.1_prot_TXG70206.1_2063	Potri.009G067200	98.6	0.0	889	2298	448	447	440
lcl|VAHF01000002.1_prot_TXG70206.1_2063	Potri.009G067100	97.7	0.0	888	2294	448	447	443
lcl|VAHF01000002.1_prot_TXG70206.1_2063	Potri.001G272800	96.6	0.0	878	2268	448	446	443
lcl|VAHF01000002.1_prot_TXG70206.1_2063	Potri.003G125400	97.3	0.0	876	2264	448	447	440
lcl|VAHF01000002.1_prot_TXG70206.1_2063	Potri.001G106100	96.8	0.0	874	2259	448	448	440
lcl|VAHF01000002.1_prot_TXG70206.1_2063	Potri.009G040200	96.4	0.0	872	2254	448	451	440
lcl|VAHF01000002.1_prot_TXG70206.1_2063	Potri.001G246900	96.1	0.0	868	2243	448	450	438
lcl|VAHF01000002.1_prot_TXG70206.1_2063	Potri.012G047600	96.1	0.0	866	2237	448	445	437
lcl|VAHF01000002.1_prot_TXG70371.1_2228	At5g13630	87.3	0.0	2388	6189	1384	1382	1386
lcl|VAHF01000002.1_prot_TXG70432.1_2289	Potri.016G056001	83.1	8.58e-90	265	678	385	196	148
lcl|VAHF01000002.1_prot_TXG70460.1_2317	At3g57610	80.3	5.28e-285	776	2004	486	491	493
lcl|VAHF01000002.1_prot_TXG70515.1_2372	At5g61580	84.5	2.13e-288	788	2035	526	531	459
lcl|VAHF01000002.1_prot_TXG70538.1_2395	Potri.001G462900	80.0	5.20e-26	97.8	242	286	183	55
lcl|VAHF01000002.1_prot_TXG70705.1_2562	GRMZM2G043602_T01.CDS	82.1	5.22e-56	173	438	188	226	106
lcl|VAHF01000002.1_prot_TXG70705.1_2562	GRMZM2G043602_T03.CDS	82.7	3.41e-54	171	433	188	313	104
lcl|VAHF01000002.1_prot_TXG70705.1_2562	GRMZM2G043602_T02.CDS	82.7	6.01e-54	171	433	188	335	104
lcl|VAHF01000002.1_prot_TXG70705.1_2562	GRMZM2G099696_T02.CDS	81.7	2.24e-53	169	428	188	319	104
lcl|VAHF01000002.1_prot_TXG70705.1_2562	GRMZM2G351023_T01.CDS	80.8	5.69e-53	168	425	188	315	104
lcl|VAHF01000002.1_prot_TXG70818.1_2675	At5g51820	85.8	0.0	1001	2588	654	624	578
lcl|VAHF01000002.1_prot_TXG70831.1_2688	Potri.001G111700	82.4	9.21e-263	732	1890	817	465	448
lcl|VAHF01000002.1_prot_TXG70831.1_2688	Potri.003G120300	81.1	2.82e-259	723	1867	817	465	449
lcl|VAHF01000002.1_prot_TXG70831.1_2688	Potri.003G120400	88.4	5.91e-147	428	1101	817	255	232
lcl|VAHF01000002.1_prot_TXG70910.1_2767	Potri.009G040200	98.2	0.0	884	2284	448	451	442
lcl|VAHF01000002.1_prot_TXG70910.1_2767	Potri.001G106100	98.2	0.0	882	2279	448	448	442
lcl|VAHF01000002.1_prot_TXG70910.1_2767	Potri.003G125400	98.4	0.0	881	2277	448	447	441
lcl|VAHF01000002.1_prot_TXG70910.1_2767	Potri.001G246900	97.7	0.0	876	2264	448	450	439
lcl|VAHF01000002.1_prot_TXG70910.1_2767	Potri.016G033200	96.8	0.0	872	2254	448	451	443
lcl|VAHF01000002.1_prot_TXG70910.1_2767	Potri.001G272800	96.4	0.0	869	2245	448	446	443
lcl|VAHF01000002.1_prot_TXG70910.1_2767	Potri.006G035400	96.8	0.0	868	2244	448	449	441
lcl|VAHF01000002.1_prot_TXG70910.1_2767	Potri.006G095000	95.7	0.0	867	2241	448	445	444
lcl|VAHF01000002.1_prot_TXG70910.1_2767	Potri.009G067200	96.2	0.0	866	2238	448	447	442
lcl|VAHF01000002.1_prot_TXG70910.1_2767	Potri.009G067100	95.9	0.0	864	2232	448	447	443
lcl|VAHF01000002.1_prot_TXG70992.1_2849	At5g52520	88.5	0.0	884	2285	565	544	485
lcl|VAHF01000002.1_prot_TXG71006.1_2863	At5g52570	86.3	7.49e-128	363	932	309	304	204
lcl|VAHF01000002.1_prot_TXG71051.1_2908	At5g52920	81.8	1.85e-315	863	2229	625	580	554
lcl|VAHF01000002.1_prot_TXG71071.1_2928	At5g52920	84.3	1.17e-162	487	1254	1011	580	300
lcl|VAHF01000002.1_prot_TXG71086.1_2943	At1g32440	81.0	3.93e-04	39.3	90	594	572	21
lcl|VAHF01000002.1_prot_TXG71127.1_2984	GRMZM2G004040_T01.CDS	82.0	0.0	1056	2730	804	769	650
lcl|VAHF01000002.1_prot_TXG71127.1_2984	GRMZM2G156069_T01.CDS	81.8	0.0	1054	2725	804	772	650
lcl|VAHF01000002.1_prot_TXG71224.1_3081	At5g53460	83.8	0.0	3717	9638	2210	2209	2222
lcl|VAHF01000002.1_prot_TXG71303.1_3160	At3g12780	85.2	1.58e-243	667	1721	401	482	399
lcl|VAHF01000002.1_prot_TXG71303.1_3160	At1g56190	84.5	2.01e-243	667	1720	401	479	399
lcl|VAHF01000002.1_prot_TXG71345.1_3202	Potri.016G126600	80.0	1.37e-63	185	470	115	116	115
lcl|VAHF01000002.1_prot_TXG71345.1_3202	Potri.006G104500	82.7	1.45e-57	170	431	115	122	104
lcl|VAHF01000007.1_prot_TXG57626.1_170	GRMZM2G162968_T01.CDS	81.7	0.0	1441	3731	1002	975	926
lcl|VAHF01000007.1_prot_TXG57718.1_262	At1g03475	86.6	2.02e-235	642	1657	394	387	358
lcl|VAHF01000007.1_prot_TXG57746.1_290	Potri.006G020900	87.6	0.0	904	2337	516	515	515
lcl|VAHF01000007.1_prot_TXG57746.1_290	Potri.016G018500	86.8	0.0	900	2325	516	515	515
lcl|VAHF01000007.1_prot_TXG57760.1_304	Potri.006G022000	84.3	6.00e-238	649	1673	385	391	383
lcl|VAHF01000007.1_prot_TXG57760.1_304	Potri.011G156100	81.4	2.11e-226	620	1600	385	418	382
lcl|VAHF01000007.1_prot_TXG57760.1_304	Potri.001G459700	80.1	4.05e-224	615	1585	385	418	382
lcl|VAHF01000007.1_prot_TXG57760.1_304	Potri.016G020000	82.0	1.18e-149	421	1081	385	278	267
lcl|VAHF01000007.1_prot_TXG57914.1_458	Potri.017G092000	90.2	0.0	880	2275	480	482	481
lcl|VAHF01000007.1_prot_TXG57914.1_458	Potri.004G118600	90.4	0.0	872	2253	480	482	481
lcl|VAHF01000007.1_prot_TXG57914.1_458	Potri.008G094300	85.6	1.84e-311	842	2176	480	481	480
lcl|VAHF01000007.1_prot_TXG57914.1_458	Potri.010G159800	85.4	3.54e-309	837	2161	480	481	480
lcl|VAHF01000007.1_prot_TXG58042.1_586	AT3G11945	80.4	9.13e-174	486	1252	390	394	312
lcl|VAHF01000007.1_prot_TXG58052.1_596	At1g06820	82.8	0.0	950	2456	600	596	582
lcl|VAHF01000007.1_prot_TXG58096.1_640	At1g06820	82.3	0.0	942	2434	672	596	582
lcl|VAHF01000007.1_prot_TXG58126.1_670	At1g74040	85.9	0.0	936	2420	621	632	548
lcl|VAHF01000007.1_prot_TXG58176.1_720	Potri.006G095000	98.5	6.09e-36	138	347	887	445	66
lcl|VAHF01000007.1_prot_TXG58176.1_720	Potri.003G125400	98.5	6.29e-36	138	347	887	447	66
lcl|VAHF01000007.1_prot_TXG58176.1_720	Potri.001G106100	98.5	6.39e-36	138	347	887	448	66
lcl|VAHF01000007.1_prot_TXG58176.1_720	Potri.009G040200	98.5	6.70e-36	138	347	887	451	66
lcl|VAHF01000007.1_prot_TXG58176.1_720	Potri.016G109300	97.0	1.09e-35	137	345	887	444	66
lcl|VAHF01000007.1_prot_TXG58176.1_720	Potri.016G107300	97.0	1.11e-35	137	345	887	445	66
lcl|VAHF01000007.1_prot_TXG58176.1_720	Potri.015G038800	97.0	1.49e-35	137	344	887	445	66
lcl|VAHF01000007.1_prot_TXG58176.1_720	Potri.001G464400	97.0	1.51e-35	137	344	887	446	66
lcl|VAHF01000007.1_prot_TXG58176.1_720	Potri.001G272800	97.0	1.51e-35	137	344	887	446	66
lcl|VAHF01000007.1_prot_TXG58176.1_720	Potri.009G067200	97.0	1.54e-35	137	344	887	447	66
lcl|VAHF01000007.1_prot_TXG58263.1_807	At2g36230	83.3	8.25e-143	405	1042	417	305	245
lcl|VAHF01000007.1_prot_TXG58267.1_811	A0AAD6LC15	81.1	3.99e-81	251	642	157	820	148
lcl|VAHF01000007.1_prot_TXG58397.1_941	At3g53130	81.4	4.96e-289	790	2040	525	540	489
lcl|VAHF01000007.1_prot_TXG58558.1_1102	At3g53580	85.0	6.83e-05	41.2	95	530	363	20
lcl|VAHF01000007.1_prot_TXG58655.1_1199	GRMZM2G162282_T01.CDS	83.6	2.34e-256	704	1816	514	464	409
lcl|VAHF01000007.1_prot_TXG58671.1_1215	Potri.010G198800	84.6	1.67e-235	642	1655	395	362	382
lcl|VAHF01000007.1_prot_TXG58671.1_1215	Potri.008G060100	84.3	1.67e-235	642	1655	395	362	382
lcl|VAHF01000007.1_prot_TXG58671.1_1215	Potri.006G090300	83.2	2.07e-229	626	1615	395	362	382
lcl|VAHF01000007.1_prot_TXG58731.1_1275	At3g54050	84.4	5.26e-235	644	1660	416	418	379
lcl|VAHF01000007.1_prot_TXG58736.1_1280	Potri.003G125400	97.0	0.0	865	2234	447	447	432
lcl|VAHF01000007.1_prot_TXG58736.1_1280	Potri.009G040200	97.0	8.40e-321	863	2230	447	451	432
lcl|VAHF01000007.1_prot_TXG58736.1_1280	Potri.001G246900	97.0	8.42e-321	864	2232	447	450	432
lcl|VAHF01000007.1_prot_TXG58736.1_1280	Potri.006G095000	97.2	8.51e-321	863	2231	447	445	432
lcl|VAHF01000007.1_prot_TXG58736.1_1280	Potri.001G106100	97.0	1.69e-320	862	2228	447	448	432
lcl|VAHF01000007.1_prot_TXG58736.1_1280	Potri.006G035400	95.8	2.76e-317	854	2207	447	449	432
lcl|VAHF01000007.1_prot_TXG58736.1_1280	Potri.016G033200	95.6	1.72e-316	852	2202	447	451	432
lcl|VAHF01000007.1_prot_TXG58736.1_1280	Potri.001G272800	95.4	2.88e-316	852	2200	447	446	432
lcl|VAHF01000007.1_prot_TXG58736.1_1280	Potri.001G464400	95.1	4.09e-316	851	2199	447	446	432
lcl|VAHF01000007.1_prot_TXG58736.1_1280	Potri.009G067200	95.4	6.03e-316	851	2198	447	447	432
lcl|VAHF01000007.1_prot_TXG58805.1_1348	GRMZM2G120652_T01.CDS	83.1	1.26e-180	503	1295	352	414	313
lcl|VAHF01000007.1_prot_TXG58805.1_1348	GRMZM5G850015_T01.CDS	81.8	5.44e-180	498	1281	352	318	313
lcl|VAHF01000007.1_prot_TXG58829.1_1373	Potri.006G102000	80.7	0.0	1420	3676	907	850	926
lcl|VAHF01000007.1_prot_TXG58829.1_1373	Potri.016G119300	80.7	0.0	1408	3644	907	855	924
lcl|VAHF01000007.1_prot_TXG58830.1_1374	At3g51820	89.0	6.92e-224	613	1580	382	388	337
lcl|VAHF01000007.1_prot_TXG58839.1_1383	Potri.016G120100	90.1	0.0	1110	2870	607	606	607
lcl|VAHF01000007.1_prot_TXG58839.1_1383	Potri.006G102500	86.5	0.0	1076	2783	607	606	607
lcl|VAHF01000007.1_prot_TXG58839.1_1383	Potri.011G064000	82.7	0.0	968	2503	607	594	562
lcl|VAHF01000007.1_prot_TXG58839.1_1383	Potri.T102400	82.6	0.0	967	2500	607	594	562
lcl|VAHF01000007.1_prot_TXG58839.1_1383	Potri.004G054100	80.8	0.0	961	2485	607	583	577
lcl|VAHF01000007.1_prot_TXG58839.1_1383	Potri.T143400	80.1	9.42e-196	548	1412	607	322	321
lcl|VAHF01000007.1_prot_TXG58890.1_1434	At2g40300	81.4	2.46e-78	234	596	259	260	145
lcl|VAHF01000007.1_prot_TXG58900.1_1444	Potri.006G104800	80.4	2.59e-62	182	461	112	113	112
lcl|VAHF01000007.1_prot_TXG58956.1_1500	At4g33680	84.0	3.20e-288	782	2019	459	462	456
