psbI|GeneID:807387|photosystem_II_protein_I	AtCg00080	88.9	2.34e-18	65.5	158	36	37	36
atpA|GeneID:807426|ATP_synthase_CF1_alpha_subunit	AtCg00120	82.2	6.14e-289	788	2034	507	508	506
atpH|GeneID:807415|ATP_synthase_CF0_C_subunit	AtCg00140	92.4	1.81e-41	127	318	81	82	79
psbC|GeneID:807398|photosystem_II_44_kDa_protein	AtCg00280	93.5	0.0	915	2366	461	474	461
psbD|GeneID:807381|photosystem_II_protein_D2	AtCg00270	96.3	2.02e-262	707	1826	353	354	353
psaB|GeneID:807418|photosystem_I_P700_chlorophyll_a_apoprotein_A2	AtCg00340	89.2	0.0	1414	3659	734	735	734
psaA|GeneID:807383|photosystem_I_P700_chlorophyll_a_apoprotein_A1	AtCg00350	89.2	0.0	1421	3679	750	751	750
atpB|GeneID:807342|ATP_synthase_CF1_beta_subunit	GRMZM2G385622_T01.CDS	87.3	1.25e-296	806	2082	493	499	480
atpB|GeneID:807342|ATP_synthase_CF1_beta_subunit	GRMZM5G808402_T01.CDS	87.3	1.25e-296	806	2082	493	499	480
atpB|GeneID:807342|ATP_synthase_CF1_beta_subunit	AtCg00480	87.5	5.08e-296	805	2078	493	499	481
atpB|GeneID:807342|ATP_synthase_CF1_beta_subunit	GRMZM2G448389_T01.CDS	87.1	5.08e-296	805	2078	493	499	480
atpB|GeneID:807342|ATP_synthase_CF1_beta_subunit	GRMZM2G062854_T01.CDS	87.4	4.25e-245	672	1734	493	410	398
atpB|GeneID:807342|ATP_synthase_CF1_beta_subunit	GRMZM2G448142_T03.CDS	92.4	2.92e-236	651	1680	493	449	367
atpB|GeneID:807342|ATP_synthase_CF1_beta_subunit	GRMZM2G448142_T02.CDS	92.4	2.92e-236	651	1680	493	449	367
rbcL|GeneID:807346|ribulose	AtCg00490	92.2	0.0	907	2343	475	480	475
rbcL|GeneID:807346|ribulose	GRMZM2G360821_T01.CDS	91.0	0.0	895	2314	475	484	476
rbcL|GeneID:807346|ribulose	GRMZM2G385635_T01.CDS	91.0	0.0	895	2314	475	484	476
rbcL|GeneID:807346|ribulose	GRMZM2G448344_T01.CDS	91.0	0.0	895	2314	475	484	476
rbcL|GeneID:807346|ribulose	GRMZM5G815453_T01.CDS	91.0	0.0	895	2314	475	484	476
psbL|GeneID:807414|photosystem_II_protein_L	AtCg00560	83.8	3.65e-16	60.1	144	38	39	37
psbF|GeneID:807411|photosystem_II_protein_VI	AtCg00570	83.8	6.92e-19	67.0	162	39	40	37
psbE|GeneID:807406|photosystem_II_protein_V	AtCg00580	84.3	5.98e-50	148	374	83	84	83
psbB|GeneID:807337|photosystem_II_47_kDa_protein	AtCg00680	87.4	0.0	951	2459	508	509	507
psbT|GeneID:807379|photosystem_II_protein_T	AtCg00690	81.3	2.71e-14	55.1	131	34	34	32
psbA|GeneID:807396|photosystem_II_protein_D1	AtCg00020	97.2	7.58e-258	696	1796	353	354	353
psaC|GeneID:807445|photosystem_I_subunit_VII	AtCg01060	93.8	2.12e-40	124	311	81	82	81
psbA|GeneID:807432|photosystem_II_protein_D1	AtCg00020	97.2	7.58e-258	696	1796	353	354	353
lcl|JABFUD020000002.1_prot_KAI5082700.1_41	GRMZM2G177077_T01.CDS	84.5	2.17e-315	863	2230	620	599	489
lcl|JABFUD020000002.1_prot_KAI5082700.1_41	At5g13110	80.2	1.40e-308	846	2185	620	597	506
lcl|JABFUD020000002.1_prot_KAI5082700.1_41	At1g24280	81.4	4.02e-304	835	2156	620	600	494
lcl|JABFUD020000002.1_prot_KAI5082700.1_41	At5g35790	81.1	1.55e-300	825	2130	620	577	488
lcl|JABFUD020000002.1_prot_KAI5083552.1_42	GRMZM2G177077_T01.CDS	84.5	2.17e-315	863	2230	620	599	489
lcl|JABFUD020000002.1_prot_KAI5083552.1_42	At5g13110	80.2	1.40e-308	846	2185	620	597	506
lcl|JABFUD020000002.1_prot_KAI5083552.1_42	At1g24280	81.4	4.02e-304	835	2156	620	600	494
lcl|JABFUD020000002.1_prot_KAI5083552.1_42	At5g35790	81.1	1.55e-300	825	2130	620	577	488
lcl|JABFUD020000002.1_prot_KAI5082894.1_291	At3g60750	80.6	0.0	1166	3016	747	742	707
lcl|JABFUD020000002.1_prot_KAI5083611.1_302	At4g24830	82.8	1.86e-247	681	1756	471	495	400
lcl|JABFUD020000002.1_prot_KAI5082902.1_303	At4g24830	82.8	3.21e-248	681	1756	426	495	400
lcl|JABFUD020000002.1_prot_KAI5083256.1_795	Potri.007G013900	81.4	2.81e-217	594	1531	350	369	350
lcl|JABFUD020000002.1_prot_KAI5083256.1_795	Potri.005G116200	80.3	1.09e-214	587	1514	350	369	350
lcl|JABFUD020000002.1_prot_KAI5083268.1_808	At2g34590	84.8	6.74e-220	606	1563	447	407	349
lcl|JABFUD020000002.1_prot_KAI5083268.1_808	At1g30120	84.3	1.05e-216	598	1542	447	407	345
lcl|JABFUD020000002.1_prot_KAI5083388.1_964	At5g36790	83.5	2.51e-177	493	1269	360	363	291
lcl|JABFUD020000002.1_prot_KAI5083388.1_964	At5g36700	83.5	2.51e-177	493	1269	360	363	291
lcl|JABFUD020000009.1_prot_KAI5075113.1_46	At5g46290	80.1	2.05e-261	716	1848	478	490	442
lcl|JABFUD020000009.1_prot_KAI5075354.1_367	At5g48300	84.8	2.57e-290	793	2047	530	521	455
lcl|JABFUD020000009.1_prot_KAI5075850.1_368	At5g48300	84.8	2.57e-290	793	2047	530	521	455
lcl|JABFUD020000009.1_prot_KAI5075397.1_423	AtCg00340	89.3	5.91e-233	648	1671	351	735	337
lcl|JABFUD020000009.1_prot_KAI5075398.1_424	AtCg00340	98.6	1.92e-45	150	378	73	735	73
lcl|JABFUD020000016.1_prot_KAI5068075.1_282	At5g47840	85.0	1.11e-04	35.4	80	93	284	20
lcl|JABFUD020000016.1_prot_KAI5068707.1_287	GRMZM2G099696_T02.CDS	80.3	4.20e-145	408	1048	318	319	264
lcl|JABFUD020000016.1_prot_KAI5068707.1_287	GRMZM2G043602_T01.CDS	80.7	4.11e-123	348	894	318	226	218
lcl|JABFUD020000016.1_prot_KAI5068079.1_288	GRMZM2G099696_T02.CDS	81.2	5.32e-145	405	1041	261	319	260
lcl|JABFUD020000016.1_prot_KAI5068079.1_288	GRMZM2G043602_T03.CDS	82.1	4.52e-140	392	1008	261	313	246
lcl|JABFUD020000016.1_prot_KAI5068079.1_288	GRMZM2G043602_T02.CDS	81.7	3.94e-139	391	1004	261	335	246
lcl|JABFUD020000016.1_prot_KAI5068079.1_288	GRMZM2G043602_T01.CDS	80.7	4.74e-124	348	894	261	226	218
lcl|JABFUD020000016.1_prot_KAI5068134.1_370	Potri.001G272700	85.7	4.53e-10	50.4	119	85	443	28
lcl|JABFUD020000016.1_prot_KAI5068134.1_370	Potri.015G038800	85.7	4.53e-10	50.4	119	85	445	28
lcl|JABFUD020000016.1_prot_KAI5068134.1_370	Potri.001G272800	85.7	4.53e-10	50.4	119	85	446	28
lcl|JABFUD020000016.1_prot_KAI5068134.1_370	Potri.009G067200	85.7	4.53e-10	50.4	119	85	447	28
lcl|JABFUD020000016.1_prot_KAI5068134.1_370	Potri.006G035400	85.7	4.54e-10	50.4	119	85	449	28
lcl|JABFUD020000016.1_prot_KAI5068134.1_370	Potri.016G033200	85.7	4.54e-10	50.4	119	85	451	28
lcl|JABFUD020000016.1_prot_KAI5068134.1_370	Potri.012G047600	82.1	6.20e-10	50.1	118	85	445	28
lcl|JABFUD020000016.1_prot_KAI5068134.1_370	Potri.001G104600	82.1	1.16e-09	49.3	116	85	445	28
lcl|JABFUD020000016.1_prot_KAI5068134.1_370	Potri.009G067100	82.1	1.16e-09	49.3	116	85	447	28
lcl|JABFUD020000016.1_prot_KAI5068134.1_370	Potri.016G109300	82.1	1.58e-09	48.9	115	85	444	28
lcl|JABFUD020000016.1_prot_KAI5068290.1_588	Potri.004G075200	86.3	6.65e-81	244	624	178	499	139
lcl|JABFUD020000016.1_prot_KAI5068290.1_588	Potri.004G075300	86.3	1.96e-80	243	621	178	501	139
lcl|JABFUD020000016.1_prot_KAI5068290.1_588	Potri.T059200	84.9	2.51e-80	243	620	178	497	139
lcl|JABFUD020000016.1_prot_KAI5068290.1_588	Potri.008G141100	85.6	7.48e-79	239	611	178	509	139
lcl|JABFUD020000016.1_prot_KAI5068290.1_588	Potri.012G039000	84.2	2.50e-78	238	607	178	502	139
lcl|JABFUD020000016.1_prot_KAI5068290.1_588	Potri.010G100500	84.2	3.70e-78	238	606	178	504	139
lcl|JABFUD020000016.1_prot_KAI5068313.1_616	Potri.010G207200	80.1	1.19e-202	557	1435	371	347	346
lcl|JABFUD020000016.1_prot_KAI5068313.1_616	Potri.001G237200	82.5	2.40e-202	556	1433	371	347	331
lcl|JABFUD020000016.1_prot_KAI5068313.1_616	Potri.008G053100	82.0	9.27e-200	550	1416	371	347	328
lcl|JABFUD020000016.1_prot_KAI5068323.1_626	Potri.005G183200	89.5	2.00e-06	42.0	97	586	67	19
lcl|JABFUD020000017.1_prot_KAI5067144.1_508	Potri.017G059400	89.3	0.0	877	2267	485	486	485
lcl|JABFUD020000017.1_prot_KAI5067144.1_508	Potri.001G320500	88.7	0.0	873	2256	485	486	485
lcl|JABFUD020000017.1_prot_KAI5067230.1_630	At4g24830	83.3	8.64e-251	687	1773	427	495	400
lcl|JABFUD020000017.1_prot_KAI5067801.1_860	At2g27820	80.0	1.14e-174	488	1257	353	425	310
lcl|JABFUD020000017.1_prot_KAI5067413.1_883	Potri.001G272800	94.4	3.94e-167	465	1196	234	446	234
lcl|JABFUD020000017.1_prot_KAI5067413.1_883	Potri.016G033200	94.9	1.34e-166	464	1193	234	451	234
lcl|JABFUD020000017.1_prot_KAI5067413.1_883	Potri.009G067200	94.9	1.66e-166	463	1192	234	447	234
lcl|JABFUD020000017.1_prot_KAI5067413.1_883	Potri.006G035400	94.4	1.77e-166	463	1192	234	449	234
lcl|JABFUD020000017.1_prot_KAI5067413.1_883	Potri.001G464400	94.0	1.31e-165	461	1186	234	446	234
lcl|JABFUD020000017.1_prot_KAI5067413.1_883	Potri.009G040200	93.6	3.12e-165	460	1184	234	451	234
lcl|JABFUD020000017.1_prot_KAI5067413.1_883	Potri.003G125400	94.0	3.86e-165	460	1183	234	447	234
lcl|JABFUD020000017.1_prot_KAI5067413.1_883	Potri.009G067100	93.6	5.48e-165	459	1182	234	447	234
lcl|JABFUD020000017.1_prot_KAI5067413.1_883	Potri.001G106100	93.6	5.67e-165	459	1182	234	448	234
lcl|JABFUD020000017.1_prot_KAI5067413.1_883	Potri.001G246900	93.2	6.07e-165	459	1182	234	450	234
lcl|JABFUD020000017.1_prot_KAI5067414.1_884	Potri.002G021800	90.0	1.86e-43	142	357	81	450	80
lcl|JABFUD020000017.1_prot_KAI5067414.1_884	Potri.009G040200	91.1	1.89e-43	142	357	81	451	79
lcl|JABFUD020000017.1_prot_KAI5067414.1_884	Potri.005G239900	88.8	3.64e-43	141	355	81	450	80
lcl|JABFUD020000017.1_prot_KAI5067414.1_884	Potri.016G033200	88.8	5.17e-43	140	354	81	451	80
lcl|JABFUD020000017.1_prot_KAI5067414.1_884	Potri.003G125400	90.9	6.80e-43	140	353	81	447	77
lcl|JABFUD020000017.1_prot_KAI5067414.1_884	Potri.006G035400	90.9	7.01e-43	140	353	81	449	77
lcl|JABFUD020000017.1_prot_KAI5067414.1_884	Potri.001G246900	93.3	9.96e-43	140	352	81	450	75
lcl|JABFUD020000017.1_prot_KAI5067414.1_884	Potri.001G272700	90.0	1.25e-42	139	351	81	443	80
lcl|JABFUD020000017.1_prot_KAI5067414.1_884	Potri.012G047600	92.2	1.81e-42	139	350	81	445	77
lcl|JABFUD020000017.1_prot_KAI5067414.1_884	Potri.001G106100	88.6	1.89e-42	139	350	81	448	79
lcl|JABFUD020000017.1_prot_KAI5067569.1_1073	GRMZM2G370852_T01.CDS	81.0	3.23e-292	796	2056	513	506	469
lcl|JABFUD020000017.1_prot_KAI5067569.1_1073	GRMZM2G370852_T03.CDS	80.8	1.31e-291	795	2052	513	506	469
lcl|JABFUD020000022.1_prot_KAI5061826.1_55	GRMZM2G123922_T01.CDS	91.2	0.0	1221	3160	786	922	694
lcl|JABFUD020000022.1_prot_KAI5061826.1_55	GRMZM2G009443_T01.CDS	89.0	0.0	1192	3083	786	922	689
lcl|JABFUD020000022.1_prot_KAI5061826.1_55	GRMZM2G001084_T01.CDS	86.0	0.0	1119	2895	786	897	688
lcl|JABFUD020000022.1_prot_KAI5061908.1_152	Potri.014G094900	92.9	3.99e-320	863	2231	471	475	462
lcl|JABFUD020000022.1_prot_KAI5061908.1_152	Potri.002G167800	92.9	8.77e-320	863	2229	471	475	462
lcl|JABFUD020000022.1_prot_KAI5062561.1_153	Potri.014G094900	85.7	3.06e-286	776	2005	438	475	462
lcl|JABFUD020000022.1_prot_KAI5062561.1_153	Potri.002G167800	85.7	6.17e-286	776	2003	438	475	462
lcl|JABFUD020000022.1_prot_KAI5062012.1_288	Potri.006G035400	84.1	4.79e-77	234	597	200	449	126
lcl|JABFUD020000022.1_prot_KAI5062012.1_288	Potri.001G272800	83.3	8.84e-77	233	595	200	446	126
lcl|JABFUD020000022.1_prot_KAI5062012.1_288	Potri.009G067200	83.3	9.07e-77	233	595	200	447	126
lcl|JABFUD020000022.1_prot_KAI5062012.1_288	Potri.016G033200	83.3	1.01e-76	233	595	200	451	126
lcl|JABFUD020000022.1_prot_KAI5062012.1_288	Potri.015G038800	84.9	1.72e-76	233	593	200	445	126
lcl|JABFUD020000022.1_prot_KAI5062012.1_288	Potri.009G067100	82.5	1.81e-76	233	593	200	447	126
lcl|JABFUD020000022.1_prot_KAI5062012.1_288	Potri.001G246900	81.7	6.16e-75	229	583	200	450	126
lcl|JABFUD020000022.1_prot_KAI5062012.1_288	Potri.003G125400	82.5	1.14e-74	228	581	200	447	126
lcl|JABFUD020000022.1_prot_KAI5062012.1_288	Potri.009G040200	81.7	1.26e-74	228	581	200	451	126
lcl|JABFUD020000022.1_prot_KAI5062012.1_288	Potri.001G106100	82.5	1.65e-74	228	580	200	448	126
lcl|JABFUD020000022.1_prot_KAI5062181.1_546	At2g05990	81.0	2.00e-165	465	1197	392	391	295
lcl|JABFUD020000022.1_prot_KAI5062319.1_740	AtCg00270	85.4	3.72e-75	223	569	130	354	130
lcl|JABFUD020000022.1_prot_KAI5062483.1_942	At4g28750	80.3	9.56e-31	103	258	130	144	61
lcl|JABFUD020000029.1_prot_KAI5055397.1_34	Potri.001G112000	84.0	1.90e-185	508	1309	296	303	294
lcl|JABFUD020000029.1_prot_KAI5055397.1_34	Potri.003G120000	83.7	3.14e-184	505	1301	296	303	294
lcl|JABFUD020000029.1_prot_KAI5055397.1_34	Potri.011G103700	81.4	5.27e-173	491	1263	296	671	285
lcl|JABFUD020000029.1_prot_KAI5055397.1_34	Potri.001G383500	81.4	6.03e-172	488	1256	296	671	285
lcl|JABFUD020000029.1_prot_KAI5055655.1_363	At1g63970	89.2	3.87e-95	274	700	220	232	148
lcl|JABFUD020000029.1_prot_KAI5056212.1_838	At5g04140	93.2	1.17e-41	142	357	117	1649	73
lcl|JABFUD020000029.1_prot_KAI5056212.1_838	At2g41220	91.8	7.53e-41	139	351	117	1630	73
lcl|JABFUD020000011.1_prot_KAI5073849.1_139	At1g08250	83.0	4.06e-185	518	1335	448	414	306
lcl|JABFUD020000011.1_prot_KAI5073151.1_167	Potri.003G120000	80.1	7.28e-174	489	1260	550	303	292
lcl|JABFUD020000011.1_prot_KAI5073529.1_676	AtCg00020	83.7	3.04e-163	457	1176	365	354	282
lcl|JABFUD020000011.1_prot_KAI5073597.1_769	At3g54050	81.8	5.71e-215	593	1528	413	418	351
lcl|JABFUD020000011.1_prot_KAI5073702.1_917	GRMZM2G126361_T02.CDS	88.4	0.0	1031	2665	708	689	610
lcl|JABFUD020000011.1_prot_KAI5073702.1_917	GRMZM2G126361_T03.CDS	88.4	0.0	1031	2665	708	689	610
lcl|JABFUD020000011.1_prot_KAI5073702.1_917	GRMZM2G126361_T01.CDS	83.3	3.59e-144	422	1086	708	379	270
lcl|JABFUD020000010.1_prot_KAI5074191.1_128	AtCg00350	92.1	2.38e-175	498	1282	265	751	265
lcl|JABFUD020000010.1_prot_KAI5074192.1_129	AtCg00350	80.6	6.47e-37	125	315	67	751	67
lcl|JABFUD020000010.1_prot_KAI5074240.1_194	GRMZM2G088305_T01.CDS	84.8	7.96e-10	57.0	136	1146	249	33
lcl|JABFUD020000010.1_prot_KAI5074251.1_210	At1g74470	80.0	1.28e-170	477	1228	294	468	295
lcl|JABFUD020000010.1_prot_KAI5074316.1_308	AtCg00020	93.3	5.39e-35	117	292	60	354	60
lcl|JABFUD020000010.1_prot_KAI5074979.1_588	GRMZM2G123922_T01.CDS	88.4	1.26e-213	607	1565	392	922	352
lcl|JABFUD020000010.1_prot_KAI5074979.1_588	GRMZM2G001084_T01.CDS	88.1	3.35e-213	605	1560	392	897	352
lcl|JABFUD020000010.1_prot_KAI5074979.1_588	GRMZM2G009443_T01.CDS	86.7	1.54e-206	589	1518	392	922	347
lcl|JABFUD020000010.1_prot_KAI5074516.1_589	GRMZM2G123922_T01.CDS	90.1	0.0	1177	3045	767	922	674
lcl|JABFUD020000010.1_prot_KAI5074516.1_589	GRMZM2G009443_T01.CDS	88.6	0.0	1154	2984	767	922	669
lcl|JABFUD020000010.1_prot_KAI5074516.1_589	GRMZM2G001084_T01.CDS	84.7	0.0	1087	2812	767	897	675
lcl|JABFUD020000010.1_prot_KAI5074789.1_946	GRMZM2G162529_T02.CDS	86.7	4.19e-225	617	1590	383	406	338
lcl|JABFUD020000010.1_prot_KAI5074789.1_946	GRMZM2G026024_T01.CDS	85.8	7.75e-221	613	1580	383	583	338
lcl|JABFUD020000010.1_prot_KAI5074789.1_946	At1g32060	85.4	3.39e-217	596	1537	383	396	336
lcl|JABFUD020000010.1_prot_KAI5074789.1_946	GRMZM2G463280_T02.CDS	80.7	3.99e-98	288	738	383	248	176
lcl|JABFUD020000020.1_prot_KAI5063925.1_187	GRMZM2G088305_T01.CDS	84.8	7.93e-10	57.0	136	1143	249	33
lcl|JABFUD020000020.1_prot_KAI5064115.1_450	AtCg00020	97.2	7.58e-258	696	1796	353	354	353
lcl|JABFUD020000020.1_prot_KAI5064149.1_493	At5g10160	88.8	1.09e-100	288	736	226	220	161
lcl|JABFUD020000020.1_prot_KAI5064157.1_503	Potri.010G198800	85.3	3.40e-233	634	1636	361	362	361
lcl|JABFUD020000020.1_prot_KAI5064157.1_503	Potri.008G060100	83.7	4.42e-229	624	1609	361	362	361
lcl|JABFUD020000020.1_prot_KAI5064157.1_503	Potri.006G090300	83.1	2.71e-223	609	1571	361	362	361
lcl|JABFUD020000020.1_prot_KAI5064194.1_573	At5g64050	96.6	1.95e-13	62.0	149	131	571	29
lcl|JABFUD020000020.1_prot_KAI5064382.1_828	Potri.005G112900	82.1	2.72e-197	544	1402	375	364	319
lcl|JABFUD020000020.1_prot_KAI5064382.1_828	Potri.007G057200	81.8	6.37e-196	541	1393	375	364	319
lcl|JABFUD020000020.1_prot_KAI5064382.1_828	At5g66190	82.3	1.90e-194	537	1383	375	361	317
lcl|JABFUD020000026.1_prot_KAI5058079.1_79	At5g61410	90.8	6.00e-156	434	1116	322	282	239
lcl|JABFUD020000015.1_prot_KAI5069187.1_317	At5g41670	81.1	1.78e-293	798	2060	492	488	486
lcl|JABFUD020000015.1_prot_KAI5069187.1_317	At1g64190	80.2	6.90e-291	791	2043	492	488	486
lcl|JABFUD020000015.1_prot_KAI5069191.1_325	At2g43710	81.8	8.05e-166	466	1198	367	402	275
lcl|JABFUD020000015.1_prot_KAI5069559.1_831	Potri.005G190500	80.2	4.69e-270	741	1913	563	479	435
lcl|JABFUD020000015.1_prot_KAI5069559.1_831	Potri.002G069800	80.5	1.80e-268	736	1901	563	464	435
lcl|JABFUD020000015.1_prot_KAI5069656.1_957	Potri.017G092000	82.5	1.02e-282	769	1986	468	482	464
lcl|JABFUD020000015.1_prot_KAI5069656.1_957	Potri.004G118600	82.1	3.09e-277	755	1950	468	482	464
lcl|JABFUD020000015.1_prot_KAI5069656.1_957	Potri.010G159800	81.5	1.72e-276	753	1945	468	481	464
lcl|JABFUD020000015.1_prot_KAI5069656.1_957	Potri.008G094300	80.6	1.91e-273	746	1925	468	481	464
lcl|JABFUD020000015.1_prot_KAI5069657.1_958	At1g22410	81.3	1.53e-273	753	1945	599	528	444
lcl|JABFUD020000015.1_prot_KAI5069657.1_958	At4g33510	80.0	1.14e-270	745	1924	599	508	450
lcl|JABFUD020000028.1_prot_KAI5056363.1_189	AtCg00270	96.1	1.41e-107	307	786	155	354	155
lcl|JABFUD020000028.1_prot_KAI5056439.1_289	At4g14210	82.1	5.02e-313	853	2205	565	567	497
lcl|JABFUD020000028.1_prot_KAI5056718.1_693	At1g77060	81.5	1.79e-180	499	1285	339	340	297
lcl|JABFUD020000001.1_prot_KAI5083836.1_6	At1g12900	84.7	2.43e-232	637	1644	407	442	385
lcl|JABFUD020000001.1_prot_KAI5083836.1_6	At3g26650	82.9	4.02e-227	622	1605	407	397	386
lcl|JABFUD020000001.1_prot_KAI5084060.1_279	AtCg00490	92.0	0.0	906	2341	475	480	475
lcl|JABFUD020000001.1_prot_KAI5084060.1_279	GRMZM2G360821_T01.CDS	90.8	0.0	895	2312	475	484	476
lcl|JABFUD020000001.1_prot_KAI5084060.1_279	GRMZM2G385635_T01.CDS	90.8	0.0	895	2312	475	484	476
lcl|JABFUD020000001.1_prot_KAI5084060.1_279	GRMZM2G448344_T01.CDS	90.8	0.0	895	2312	475	484	476
lcl|JABFUD020000001.1_prot_KAI5084060.1_279	GRMZM5G815453_T01.CDS	90.8	0.0	895	2312	475	484	476
lcl|JABFUD020000001.1_prot_KAI5084065.1_284	AtCg00350	85.8	6.38e-213	596	1537	322	751	316
lcl|JABFUD020000001.1_prot_KAI5084066.1_285	AtCg00350	82.5	4.74e-207	581	1498	320	751	360
lcl|JABFUD020000001.1_prot_KAI5084067.1_286	AtCg00340	89.2	0.0	1414	3659	734	735	734
lcl|JABFUD020000001.1_prot_KAI5084068.1_287	AtCg00280	83.5	1.59e-234	655	1690	671	474	376
lcl|JABFUD020000001.1_prot_KAI5084068.1_287	AtCg00270	96.0	2.76e-231	642	1656	671	354	322
lcl|JABFUD020000001.1_prot_KAI5084109.1_354	AtCg00020	88.3	4.37e-188	516	1330	282	354	300
lcl|JABFUD020000001.1_prot_KAI5084110.1_355	AtCg00020	88.3	4.37e-188	516	1330	282	354	300
lcl|JABFUD020000001.1_prot_KAI5084441.1_801	At3g17820	81.7	4.08e-225	613	1582	359	355	350
lcl|JABFUD020000001.1_prot_KAI5084442.1_803	At2g29630	84.5	0.0	1006	2601	702	645	573
lcl|JABFUD020000001.1_prot_KAI5084443.1_804	GRMZM2G018375_T02.CDS	85.6	1.51e-172	482	1241	399	355	277
lcl|JABFUD020000001.1_prot_KAI5084475.1_848	Potri.001G320500	89.1	0.0	874	2257	516	486	485
lcl|JABFUD020000001.1_prot_KAI5084475.1_848	Potri.017G059400	88.0	5.53e-319	863	2230	516	486	485
lcl|JABFUD020000001.1_prot_KAI5084523.1_908	At1g74030	84.6	5.18e-270	739	1909	530	478	428
lcl|JABFUD020000001.1_prot_KAI5084793.1_1255	GRMZM2G123922_T01.CDS	80.6	6.14e-11	55.8	133	157	922	31
lcl|JABFUD020000001.1_prot_KAI5084793.1_1255	GRMZM2G009443_T01.CDS	80.6	8.35e-11	55.5	132	157	922	31
lcl|JABFUD020000019.1_prot_KAI5064917.1_325	AtCg00020	86.0	2.70e-146	408	1049	226	354	250
lcl|JABFUD020000019.1_prot_KAI5065223.1_751	Potri.006G035400	93.9	1.04e-318	858	2216	444	449	440
lcl|JABFUD020000019.1_prot_KAI5065223.1_751	Potri.016G033200	93.2	1.13e-318	858	2216	444	451	442
lcl|JABFUD020000019.1_prot_KAI5065223.1_751	Potri.003G125400	94.1	1.95e-318	857	2214	444	447	440
lcl|JABFUD020000019.1_prot_KAI5065223.1_751	Potri.009G040200	94.3	4.57e-318	856	2212	444	451	440
lcl|JABFUD020000019.1_prot_KAI5065223.1_751	Potri.011G162500	94.9	7.63e-318	855	2210	444	446	433
lcl|JABFUD020000019.1_prot_KAI5065223.1_751	Potri.009G067200	92.8	7.92e-318	855	2210	444	447	444
lcl|JABFUD020000019.1_prot_KAI5065223.1_751	Potri.001G464400	94.9	1.54e-317	855	2208	444	446	431
lcl|JABFUD020000019.1_prot_KAI5065223.1_751	Potri.001G246900	94.3	1.79e-317	855	2208	444	450	437
lcl|JABFUD020000019.1_prot_KAI5065223.1_751	Potri.001G106100	93.9	2.36e-317	854	2207	444	448	440
lcl|JABFUD020000019.1_prot_KAI5065223.1_751	Potri.009G067100	92.8	9.24e-317	853	2203	444	447	444
lcl|JABFUD020000019.1_prot_KAI5065361.1_933	AtCg00580	84.3	5.98e-50	148	374	83	84	83
lcl|JABFUD020000019.1_prot_KAI5065365.1_937	AtCg00350	93.5	6.05e-88	267	683	139	751	139
lcl|JABFUD020000019.1_prot_KAI5065400.1_975	AtCg00020	93.5	3.38e-68	205	521	114	354	107
lcl|JABFUD020000019.1_prot_KAI5065401.1_976	AtCg00020	94.1	2.21e-127	358	920	186	354	186
lcl|JABFUD020000019.1_prot_KAI5065440.1_1023	GRMZM2G088305_T01.CDS	81.8	2.58e-09	55.5	132	1144	249	33
lcl|JABFUD020000019.1_prot_KAI5065446.1_1032	At4g26900	80.1	8.19e-170	487	1254	472	593	302
lcl|JABFUD020000004.1_prot_KAI5080755.1_490	At1g22410	81.1	1.04e-273	752	1941	552	528	444
lcl|JABFUD020000004.1_prot_KAI5080960.1_774	Potri.017G092000	81.2	4.66e-289	786	2029	480	482	479
lcl|JABFUD020000004.1_prot_KAI5080960.1_774	Potri.004G118600	81.8	3.82e-288	783	2023	480	482	479
lcl|JABFUD020000004.1_prot_KAI5080960.1_774	Potri.010G159800	81.0	1.22e-286	780	2013	480	481	478
lcl|JABFUD020000004.1_prot_KAI5080960.1_774	Potri.008G094300	80.8	1.42e-285	777	2006	480	481	478
lcl|JABFUD020000004.1_prot_KAI5081010.1_840	AtCg00020	84.2	3.47e-159	443	1139	272	354	266
lcl|JABFUD020000004.1_prot_KAI5081039.1_876	At1g29900	88.2	9.30e-220	635	1637	474	1188	357
lcl|JABFUD020000004.1_prot_KAI5081492.1_951	Potri.011G103700	85.7	5.51e-223	622	1603	385	671	342
lcl|JABFUD020000004.1_prot_KAI5081492.1_951	Potri.001G383500	86.0	7.81e-223	621	1602	385	671	342
lcl|JABFUD020000013.1_prot_KAI5070889.1_16	AtCg00480	86.4	1.82e-61	192	487	122	499	118
lcl|JABFUD020000013.1_prot_KAI5070889.1_16	GRMZM2G385622_T01.CDS	85.6	7.09e-61	190	483	122	499	118
lcl|JABFUD020000013.1_prot_KAI5070889.1_16	GRMZM2G448389_T01.CDS	85.6	7.09e-61	190	483	122	499	118
lcl|JABFUD020000013.1_prot_KAI5070889.1_16	GRMZM5G808402_T01.CDS	85.6	7.09e-61	190	483	122	499	118
lcl|JABFUD020000013.1_prot_KAI5070889.1_16	GRMZM2G448142_T03.CDS	91.8	6.01e-37	126	317	122	449	73
lcl|JABFUD020000013.1_prot_KAI5070889.1_16	GRMZM2G448142_T02.CDS	91.8	6.01e-37	126	317	122	449	73
lcl|JABFUD020000013.1_prot_KAI5070889.1_16	GRMZM2G062854_T01.CDS	88.6	4.77e-13	60.5	145	122	410	35
lcl|JABFUD020000013.1_prot_KAI5070894.1_21	AtCg00340	88.3	0.0	1394	3608	735	735	735
lcl|JABFUD020000013.1_prot_KAI5070895.1_22	AtCg00270	97.9	9.62e-254	685	1767	335	354	335
lcl|JABFUD020000013.1_prot_KAI5070896.1_23	AtCg00280	93.4	8.77e-290	783	2023	393	474	393
lcl|JABFUD020000013.1_prot_KAI5071747.1_56	Potri.009G067200	94.6	0.0	865	2234	442	447	443
lcl|JABFUD020000013.1_prot_KAI5071747.1_56	Potri.001G464400	96.3	0.0	864	2233	442	446	432
lcl|JABFUD020000013.1_prot_KAI5071747.1_56	Potri.009G067100	94.6	3.39e-320	861	2225	442	447	442
lcl|JABFUD020000013.1_prot_KAI5071747.1_56	Potri.016G033200	94.6	4.20e-320	861	2225	442	451	442
lcl|JABFUD020000013.1_prot_KAI5071747.1_56	Potri.011G162500	96.5	7.64e-320	860	2223	442	446	429
lcl|JABFUD020000013.1_prot_KAI5071747.1_56	Potri.015G038800	93.7	2.89e-319	859	2219	442	445	443
lcl|JABFUD020000013.1_prot_KAI5071747.1_56	Potri.006G035400	96.1	4.72e-319	858	2218	442	449	431
lcl|JABFUD020000013.1_prot_KAI5071747.1_56	Potri.012G047600	93.5	3.36e-318	856	2212	442	445	443
lcl|JABFUD020000013.1_prot_KAI5071747.1_56	Potri.006G095000	94.1	1.94e-317	854	2207	442	445	441
lcl|JABFUD020000013.1_prot_KAI5071747.1_56	Potri.001G272800	93.7	2.86e-317	854	2206	442	446	442
lcl|JABFUD020000013.1_prot_KAI5071097.1_276	GRMZM5G850015_T01.CDS	80.4	2.48e-181	499	1285	309	318	317
lcl|JABFUD020000013.1_prot_KAI5071097.1_276	GRMZM2G120652_T01.CDS	81.4	6.65e-181	502	1292	309	414	317
lcl|JABFUD020000013.1_prot_KAI5071792.1_277	GRMZM5G850015_T01.CDS	80.4	2.48e-181	499	1285	309	318	317
lcl|JABFUD020000013.1_prot_KAI5071792.1_277	GRMZM2G120652_T01.CDS	81.4	6.65e-181	502	1292	309	414	317
lcl|JABFUD020000013.1_prot_KAI5071144.1_335	Potri.006G035400	81.4	7.02e-38	128	321	101	449	70
lcl|JABFUD020000013.1_prot_KAI5071144.1_335	Potri.009G067200	80.0	1.33e-37	127	319	101	447	70
lcl|JABFUD020000013.1_prot_KAI5071144.1_335	Potri.016G033200	80.0	1.40e-37	127	319	101	451	70
lcl|JABFUD020000013.1_prot_KAI5071144.1_335	Potri.001G272700	80.0	1.76e-37	127	318	101	443	70
lcl|JABFUD020000013.1_prot_KAI5071144.1_335	Potri.001G272800	80.0	1.83e-37	127	318	101	446	70
lcl|JABFUD020000013.1_prot_KAI5071144.1_335	Potri.015G038800	81.4	1.33e-36	124	312	101	445	70
lcl|JABFUD020000013.1_prot_KAI5071273.1_514	At1g67280	85.8	2.65e-179	497	1279	344	351	267
lcl|JABFUD020000013.1_prot_KAI5071273.1_514	GRMZM2G076006_T02.CDS	83.1	6.76e-172	478	1230	344	348	266
lcl|JABFUD020000013.1_prot_KAI5071273.1_514	GRMZM2G081268_T01.CDS	82.3	1.17e-168	469	1208	344	341	266
lcl|JABFUD020000013.1_prot_KAI5071273.1_514	GRMZM2G081268_T03.CDS	82.3	1.17e-168	469	1208	344	341	266
lcl|JABFUD020000013.1_prot_KAI5071273.1_514	GRMZM2G081268_T02.CDS	82.3	1.17e-168	469	1208	344	341	266
lcl|JABFUD020000013.1_prot_KAI5071273.1_514	GRMZM2G076006_T03.CDS	83.6	1.11e-85	255	652	344	249	140
lcl|JABFUD020000013.1_prot_KAI5071273.1_514	GRMZM2G076006_T01.CDS	82.6	4.52e-53	166	421	344	94	92
lcl|JABFUD020000013.1_prot_KAI5071280.1_523	Potri.001G272800	82.9	1.85e-70	216	549	166	446	117
lcl|JABFUD020000013.1_prot_KAI5071280.1_523	Potri.009G067200	82.9	1.50e-69	213	543	166	447	117
lcl|JABFUD020000013.1_prot_KAI5071280.1_523	Potri.006G035400	82.9	1.57e-69	213	543	166	449	117
lcl|JABFUD020000013.1_prot_KAI5071280.1_523	Potri.016G033200	82.9	1.65e-69	213	543	166	451	117
lcl|JABFUD020000013.1_prot_KAI5071280.1_523	Potri.001G246900	82.1	3.20e-69	213	541	166	450	117
lcl|JABFUD020000013.1_prot_KAI5071280.1_523	Potri.001G104600	82.9	4.00e-69	212	540	166	445	117
lcl|JABFUD020000013.1_prot_KAI5071280.1_523	Potri.009G067100	82.1	4.20e-69	212	540	166	447	117
lcl|JABFUD020000013.1_prot_KAI5071280.1_523	Potri.003G125400	82.9	4.20e-69	212	540	166	447	117
lcl|JABFUD020000013.1_prot_KAI5071280.1_523	Potri.009G040200	82.1	4.63e-69	212	540	166	451	117
lcl|JABFUD020000013.1_prot_KAI5071280.1_523	Potri.001G106100	82.1	6.08e-69	212	539	166	448	117
lcl|JABFUD020000013.1_prot_KAI5071502.1_814	At5g48300	84.6	2.53e-295	805	2079	522	521	460
lcl|JABFUD020000013.1_prot_KAI5071691.1_1051	GRMZM2G145595_T02.CDS	81.3	5.08e-301	823	2126	568	563	509
lcl|JABFUD020000013.1_prot_KAI5071691.1_1051	GRMZM2G145595_T01.CDS	81.3	7.11e-163	461	1187	568	281	284
lcl|JABFUD020000013.1_prot_KAI5071706.1_1069	At5g35360	85.2	1.33e-288	793	2047	599	556	454
lcl|JABFUD020000027.1_prot_KAI5057157.1_101	AtCg00340	90.4	9.13e-41	137	344	73	735	73
lcl|JABFUD020000027.1_prot_KAI5057225.1_180	At5g35360	83.7	4.04e-287	787	2032	551	556	454
lcl|JABFUD020000027.1_prot_KAI5057883.1_384	At5g13630	82.9	6.14e-195	570	1470	345	1382	345
lcl|JABFUD020000027.1_prot_KAI5057890.1_410	GRMZM2G419806_T03.CDS	82.9	3.58e-212	587	1512	430	423	369
lcl|JABFUD020000027.1_prot_KAI5057890.1_410	GRMZM2G419806_T01.CDS	82.9	7.64e-212	587	1512	430	444	369
lcl|JABFUD020000027.1_prot_KAI5057890.1_410	GRMZM2G419806_T02.CDS	82.9	1.36e-211	587	1512	430	460	369
lcl|JABFUD020000027.1_prot_KAI5057890.1_410	At4g18480	80.2	1.79e-203	565	1455	430	425	363
lcl|JABFUD020000027.1_prot_KAI5057890.1_410	At5g45930	81.0	3.36e-202	561	1446	430	419	363
lcl|JABFUD020000027.1_prot_KAI5057439.1_484	AtCg00150	85.8	1.03e-95	273	699	162	250	162
lcl|JABFUD020000027.1_prot_KAI5057521.1_602	At2g05710	82.1	0.0	1535	3975	978	991	909
lcl|JABFUD020000027.1_prot_KAI5057521.1_602	GRMZM2G020801_T01.CDS	83.0	0.0	1355	3508	978	798	792
lcl|JABFUD020000027.1_prot_KAI5057723.1_866	GRMZM2G087598_T02.CDS	81.8	1.39e-05	38.9	89	540	47	22
lcl|JABFUD020000006.1_prot_KAI5078411.1_286	At5g54810	84.7	1.16e-265	725	1871	452	471	426
lcl|JABFUD020000006.1_prot_KAI5078411.1_286	At4g27070	83.4	3.63e-261	714	1842	452	476	427
lcl|JABFUD020000006.1_prot_KAI5078480.1_378	GRMZM2G099696_T02.CDS	80.3	2.61e-144	406	1043	320	319	264
lcl|JABFUD020000006.1_prot_KAI5078480.1_378	GRMZM2G043602_T01.CDS	81.7	3.82e-124	351	901	320	226	218
lcl|JABFUD020000006.1_prot_KAI5078527.1_447	Potri.006G090300	81.2	3.73e-214	586	1511	361	362	361
lcl|JABFUD020000006.1_prot_KAI5078654.1_629	AtCg00020	83.3	2.31e-176	487	1253	282	354	300
lcl|JABFUD020000006.1_prot_KAI5078802.1_844	AtCg00020	82.5	9.97e-158	440	1132	295	354	280
lcl|JABFUD020000006.1_prot_KAI5078804.1_847	AtCg00020	84.4	1.34e-166	464	1195	337	354	282
lcl|JABFUD020000006.1_prot_KAI5078958.1_1031	GRMZM2G360821_T01.CDS	95.2	1.23e-49	163	413	186	484	83
lcl|JABFUD020000006.1_prot_KAI5078958.1_1031	GRMZM2G385635_T01.CDS	95.2	1.23e-49	163	413	186	484	83
lcl|JABFUD020000006.1_prot_KAI5078958.1_1031	GRMZM2G448344_T01.CDS	95.2	1.23e-49	163	413	186	484	83
lcl|JABFUD020000006.1_prot_KAI5078958.1_1031	GRMZM5G815453_T01.CDS	95.2	1.23e-49	163	413	186	484	83
lcl|JABFUD020000006.1_prot_KAI5078958.1_1031	AtCg00490	92.8	6.20e-49	161	408	186	480	83
lcl|JABFUD020000012.1_prot_KAI5072028.1_58	GRMZM2G162282_T01.CDS	82.3	1.16e-209	583	1502	451	464	345
lcl|JABFUD020000012.1_prot_KAI5072791.1_59	GRMZM2G162282_T01.CDS	82.7	1.15e-227	628	1619	438	464	371
lcl|JABFUD020000012.1_prot_KAI5072190.1_247	At2g01140	82.4	1.45e-224	615	1586	392	392	364
lcl|JABFUD020000012.1_prot_KAI5072190.1_247	At4g38970	81.0	3.61e-215	592	1525	392	399	357
lcl|JABFUD020000008.1_prot_KAI5075969.1_12	Potri.006G035400	93.9	1.04e-318	858	2216	444	449	440
lcl|JABFUD020000008.1_prot_KAI5075969.1_12	Potri.016G033200	93.2	1.13e-318	858	2216	444	451	442
lcl|JABFUD020000008.1_prot_KAI5075969.1_12	Potri.003G125400	94.1	1.95e-318	857	2214	444	447	440
lcl|JABFUD020000008.1_prot_KAI5075969.1_12	Potri.009G040200	94.3	4.57e-318	856	2212	444	451	440
lcl|JABFUD020000008.1_prot_KAI5075969.1_12	Potri.011G162500	94.9	7.63e-318	855	2210	444	446	433
lcl|JABFUD020000008.1_prot_KAI5075969.1_12	Potri.009G067200	92.8	7.92e-318	855	2210	444	447	444
lcl|JABFUD020000008.1_prot_KAI5075969.1_12	Potri.001G464400	94.9	1.54e-317	855	2208	444	446	431
lcl|JABFUD020000008.1_prot_KAI5075969.1_12	Potri.001G246900	94.3	1.79e-317	855	2208	444	450	437
lcl|JABFUD020000008.1_prot_KAI5075969.1_12	Potri.001G106100	93.9	2.36e-317	854	2207	444	448	440
lcl|JABFUD020000008.1_prot_KAI5075969.1_12	Potri.009G067100	92.8	9.24e-317	853	2203	444	447	444
lcl|JABFUD020000008.1_prot_KAI5076162.1_247	At1g42970	84.4	2.10e-258	705	1819	435	448	423
lcl|JABFUD020000008.1_prot_KAI5076852.1_248	At1g42970	84.4	2.10e-258	705	1819	435	448	423
lcl|JABFUD020000008.1_prot_KAI5076241.1_366	Potri.006G035400	81.4	1.17e-71	224	571	296	449	129
lcl|JABFUD020000008.1_prot_KAI5076241.1_366	Potri.009G067200	80.6	1.56e-71	224	570	296	447	129
lcl|JABFUD020000008.1_prot_KAI5076241.1_366	Potri.016G033200	80.6	1.73e-71	224	570	296	451	129
lcl|JABFUD020000008.1_prot_KAI5076241.1_366	Potri.001G272800	80.6	3.03e-71	223	568	296	446	129
lcl|JABFUD020000008.1_prot_KAI5076241.1_366	Potri.015G038800	81.4	2.31e-70	221	562	296	445	129
lcl|JABFUD020000008.1_prot_KAI5076338.1_506	A0A2P6U556	83.3	7.34e-07	42.0	97	97	8368	18
lcl|JABFUD020000008.1_prot_KAI5076404.1_602	GRMZM2G004382_T02.CDS	83.9	1.44e-317	867	2241	608	580	509
lcl|JABFUD020000008.1_prot_KAI5076404.1_602	GRMZM2G004382_T01.CDS	82.3	7.69e-239	664	1712	608	475	402
lcl|JABFUD020000008.1_prot_KAI5076525.1_761	Potri.004G189900	81.9	1.29e-244	665	1717	388	390	387
lcl|JABFUD020000008.1_prot_KAI5076525.1_761	Potri.009G150600	81.9	2.90e-241	657	1695	388	390	387
lcl|JABFUD020000008.1_prot_KAI5077003.1_762	Potri.004G189900	81.9	1.29e-244	665	1717	388	390	387
lcl|JABFUD020000008.1_prot_KAI5077003.1_762	Potri.009G150600	81.9	2.90e-241	657	1695	388	390	387
lcl|JABFUD020000008.1_prot_KAI5076662.1_946	AtCg00020	89.2	4.01e-232	630	1624	325	354	353
lcl|JABFUD020000008.1_prot_KAI5076663.1_947	AtCg00020	86.7	1.78e-219	598	1541	325	354	354
lcl|JABFUD020000005.1_prot_KAI5079475.1_298	At2g21170	80.8	2.70e-154	432	1111	344	316	261
lcl|JABFUD020000005.1_prot_KAI5080199.1_407	At1g08250	82.0	5.45e-181	507	1306	431	414	306
lcl|JABFUD020000005.1_prot_KAI5079828.1_799	At4g24620	84.0	2.56e-310	846	2186	510	614	489
lcl|JABFUD020000005.1_prot_KAI5079923.1_930	Potri.008G147200	80.8	5.97e-148	416	1069	350	307	240
lcl|JABFUD020000005.1_prot_KAI5079923.1_930	Potri.010G094600	80.4	1.91e-146	413	1062	350	336	240
lcl|JABFUD020000005.1_prot_KAI5079962.1_984	Potri.002G021800	90.0	1.86e-43	142	357	81	450	80
lcl|JABFUD020000005.1_prot_KAI5079962.1_984	Potri.009G040200	91.1	1.89e-43	142	357	81	451	79
lcl|JABFUD020000005.1_prot_KAI5079962.1_984	Potri.005G239900	88.8	3.64e-43	141	355	81	450	80
lcl|JABFUD020000005.1_prot_KAI5079962.1_984	Potri.016G033200	88.8	5.17e-43	140	354	81	451	80
lcl|JABFUD020000005.1_prot_KAI5079962.1_984	Potri.003G125400	90.9	6.80e-43	140	353	81	447	77
lcl|JABFUD020000005.1_prot_KAI5079962.1_984	Potri.006G035400	90.9	7.01e-43	140	353	81	449	77
lcl|JABFUD020000005.1_prot_KAI5079962.1_984	Potri.001G246900	93.3	9.96e-43	140	352	81	450	75
lcl|JABFUD020000005.1_prot_KAI5079962.1_984	Potri.001G272700	90.0	1.25e-42	139	351	81	443	80
lcl|JABFUD020000005.1_prot_KAI5079962.1_984	Potri.012G047600	92.2	1.81e-42	139	350	81	445	77
lcl|JABFUD020000005.1_prot_KAI5079962.1_984	Potri.001G106100	88.6	1.89e-42	139	350	81	448	79
lcl|JABFUD020000005.1_prot_KAI5079963.1_985	Potri.001G272800	92.4	5.48e-89	266	680	234	446	132
lcl|JABFUD020000005.1_prot_KAI5079963.1_985	Potri.006G035400	92.4	2.38e-88	265	676	234	449	132
lcl|JABFUD020000005.1_prot_KAI5079963.1_985	Potri.009G040200	92.4	3.56e-88	264	675	234	451	132
lcl|JABFUD020000005.1_prot_KAI5079963.1_985	Potri.016G033200	91.7	3.56e-88	264	675	234	451	132
lcl|JABFUD020000005.1_prot_KAI5079963.1_985	Potri.009G067200	91.7	4.51e-88	264	674	234	447	132
lcl|JABFUD020000005.1_prot_KAI5079963.1_985	Potri.003G125400	93.2	4.51e-88	264	674	234	447	132
lcl|JABFUD020000005.1_prot_KAI5079963.1_985	Potri.001G464400	92.4	6.20e-88	263	673	234	446	132
lcl|JABFUD020000005.1_prot_KAI5079963.1_985	Potri.001G106100	92.4	6.55e-88	263	673	234	448	132
lcl|JABFUD020000005.1_prot_KAI5079963.1_985	Potri.009G067100	91.7	9.01e-88	263	672	234	447	132
lcl|JABFUD020000005.1_prot_KAI5079963.1_985	Potri.001G246900	91.7	9.79e-88	263	672	234	450	132
lcl|JABFUD020000005.1_prot_KAI5079996.1_1022	At5g60600	80.4	0.0	1142	2954	741	742	704
lcl|JABFUD020000021.1_prot_KAI5062831.1_59	Potri.003G126800	84.4	1.13e-09	52.0	123	156	445	32
lcl|JABFUD020000021.1_prot_KAI5062831.1_59	Potri.006G095000	84.4	1.13e-09	52.0	123	156	445	32
lcl|JABFUD020000021.1_prot_KAI5062831.1_59	Potri.015G038800	84.4	1.13e-09	52.0	123	156	445	32
lcl|JABFUD020000021.1_prot_KAI5062831.1_59	Potri.001G104600	84.4	1.13e-09	52.0	123	156	445	32
lcl|JABFUD020000021.1_prot_KAI5062831.1_59	Potri.012G047600	84.4	1.13e-09	52.0	123	156	445	32
lcl|JABFUD020000021.1_prot_KAI5062831.1_59	Potri.011G162500	84.4	1.13e-09	52.0	123	156	446	32
lcl|JABFUD020000021.1_prot_KAI5062831.1_59	Potri.001G464400	84.4	1.13e-09	52.0	123	156	446	32
lcl|JABFUD020000021.1_prot_KAI5062831.1_59	Potri.001G272800	84.4	1.13e-09	52.0	123	156	446	32
lcl|JABFUD020000021.1_prot_KAI5062831.1_59	Potri.009G067200	84.4	1.13e-09	52.0	123	156	447	32
lcl|JABFUD020000021.1_prot_KAI5062831.1_59	Potri.009G067100	84.4	1.13e-09	52.0	123	156	447	32
lcl|JABFUD020000021.1_prot_KAI5063191.1_525	GRMZM2G073351_T01.CDS	80.6	1.36e-166	464	1194	393	285	283
lcl|JABFUD020000021.1_prot_KAI5063191.1_525	GRMZM2G073351_T04.CDS	80.6	1.36e-166	464	1194	393	285	283
lcl|JABFUD020000021.1_prot_KAI5063485.1_897	GRMZM2G087598_T01.CDS	85.1	0.0	1045	2701	693	678	632
lcl|JABFUD020000021.1_prot_KAI5063485.1_897	GRMZM2G087598_T03.CDS	85.1	0.0	1045	2701	693	678	632
lcl|JABFUD020000021.1_prot_KAI5063485.1_897	GRMZM2G110408_T02.CDS	88.4	0.0	1043	2697	693	678	601
lcl|JABFUD020000021.1_prot_KAI5063485.1_897	GRMZM2G110408_T01.CDS	88.4	0.0	1043	2697	693	678	601
lcl|JABFUD020000021.1_prot_KAI5063485.1_897	GRMZM2G110408_T03.CDS	88.4	0.0	1043	2697	693	678	601
lcl|JABFUD020000021.1_prot_KAI5063485.1_897	GRMZM2G087598_T02.CDS	85.2	1.30e-08	47.8	112	693	47	27
lcl|JABFUD020000003.1_prot_KAI5081568.1_44	At4g02770	82.4	3.53e-95	274	700	238	209	159
lcl|JABFUD020000003.1_prot_KAI5081568.1_44	At1g03130	85.3	1.02e-93	270	690	238	205	150
lcl|JABFUD020000003.1_prot_KAI5081602.1_87	At2g29630	86.6	2.37e-165	472	1215	340	645	254
lcl|JABFUD020000003.1_prot_KAI5082420.1_90	GRMZM2G018375_T02.CDS	84.0	3.63e-176	489	1260	355	355	288
lcl|JABFUD020000003.1_prot_KAI5081609.1_95	AtCg00020	89.5	8.83e-148	412	1059	228	354	228
lcl|JABFUD020000003.1_prot_KAI5081955.1_570	AtCg00020	92.9	1.44e-60	185	469	103	354	99
lcl|JABFUD020000014.1_prot_KAI5069973.1_102	AtCg00350	88.5	0.0	1408	3644	750	751	750
lcl|JABFUD020000014.1_prot_KAI5070096.1_246	Potri.001G272800	82.9	6.55e-70	212	540	120	446	117
lcl|JABFUD020000014.1_prot_KAI5070096.1_246	Potri.001G104600	83.8	3.58e-69	210	535	120	445	117
lcl|JABFUD020000014.1_prot_KAI5070096.1_246	Potri.009G067200	82.9	5.30e-69	210	534	120	447	117
lcl|JABFUD020000014.1_prot_KAI5070096.1_246	Potri.006G035400	82.9	5.56e-69	210	534	120	449	117
lcl|JABFUD020000014.1_prot_KAI5070096.1_246	Potri.016G033200	82.9	5.84e-69	210	534	120	451	117
lcl|JABFUD020000014.1_prot_KAI5070096.1_246	Potri.009G067100	82.1	1.49e-68	209	531	120	447	117
lcl|JABFUD020000014.1_prot_KAI5070096.1_246	Potri.003G126800	82.9	2.00e-68	208	530	120	445	117
lcl|JABFUD020000014.1_prot_KAI5070096.1_246	Potri.001G246900	81.2	8.95e-68	207	526	120	450	117
lcl|JABFUD020000014.1_prot_KAI5070096.1_246	Potri.015G038800	82.9	1.12e-67	206	525	120	445	117
lcl|JABFUD020000014.1_prot_KAI5070096.1_246	Potri.003G125400	82.1	1.17e-67	206	525	120	447	117
lcl|JABFUD020000014.1_prot_KAI5070509.1_800	Potri.007G013900	81.5	1.39e-207	570	1468	356	369	335
lcl|JABFUD020000014.1_prot_KAI5070509.1_800	Potri.005G116200	80.9	6.59e-206	565	1457	356	369	335
lcl|JABFUD020000018.1_prot_KAI5066591.1_81	Potri.017G092000	84.2	1.39e-291	791	2044	466	482	463
lcl|JABFUD020000018.1_prot_KAI5066591.1_81	Potri.004G118600	84.4	2.09e-286	778	2010	466	482	463
lcl|JABFUD020000018.1_prot_KAI5066591.1_81	Potri.010G159800	82.3	4.51e-283	770	1988	466	481	462
lcl|JABFUD020000018.1_prot_KAI5066591.1_81	Potri.008G094300	82.0	9.10e-283	769	1986	466	481	462
lcl|JABFUD020000018.1_prot_KAI5065936.1_252	AtCg00020	82.3	2.52e-78	233	593	156	354	141
lcl|JABFUD020000018.1_prot_KAI5066058.1_422	GRMZM2G162529_T02.CDS	88.7	1.73e-212	585	1507	382	406	311
lcl|JABFUD020000018.1_prot_KAI5066058.1_422	GRMZM2G026024_T01.CDS	87.5	6.94e-207	577	1488	382	583	311
lcl|JABFUD020000018.1_prot_KAI5066058.1_422	At1g32060	84.6	1.40e-204	564	1454	382	396	318
lcl|JABFUD020000018.1_prot_KAI5066058.1_422	GRMZM2G162529_T01.CDS	88.9	2.07e-06	41.2	95	382	61	18
lcl|JABFUD020000018.1_prot_KAI5066161.1_570	At2g01140	84.1	3.21e-219	602	1551	393	392	353
lcl|JABFUD020000018.1_prot_KAI5066161.1_570	At4g38970	82.1	1.13e-216	595	1535	393	399	368
lcl|JABFUD020000018.1_prot_KAI5066161.1_570	At2g21330	83.4	2.25e-214	590	1520	393	400	356
lcl|JABFUD020000018.1_prot_KAI5066291.1_748	GRMZM2G123922_T01.CDS	90.6	0.0	1170	3028	735	922	669
lcl|JABFUD020000018.1_prot_KAI5066291.1_748	GRMZM2G009443_T01.CDS	88.3	0.0	1141	2952	735	922	666
lcl|JABFUD020000018.1_prot_KAI5066291.1_748	GRMZM2G001084_T01.CDS	85.4	0.0	1081	2795	735	897	670
lcl|JABFUD020000007.1_prot_KAI5077113.1_39	At3g56940	82.4	2.85e-219	603	1556	418	410	358
lcl|JABFUD020000007.1_prot_KAI5077121.1_48	At3g56940	83.0	1.63e-223	614	1584	419	410	358
lcl|JABFUD020000007.1_prot_KAI5077530.1_573	AtCg00020	93.5	2.29e-245	664	1714	352	354	352
lcl|JABFUD020000007.1_prot_KAI5077546.1_591	AtCg00020	91.7	1.46e-77	229	584	122	354	121
lcl|JABFUD020000007.1_prot_KAI5077547.1_592	AtCg00020	93.9	8.46e-47	150	380	129	354	82
lcl|JABFUD020000007.1_prot_KAI5077657.1_740	At3g17820	80.5	2.34e-223	609	1570	355	355	353
lcl|JABFUD020000007.1_prot_KAI5077770.1_876	AtCg00270	97.9	9.62e-254	685	1767	335	354	335
lcl|JABFUD020000007.1_prot_KAI5077771.1_877	AtCg00280	93.4	8.77e-290	783	2023	393	474	393
lcl|JABFUD020000025.1_prot_KAI5058929.1_9	GRMZM2G162282_T01.CDS	80.5	8.82e-241	674	1738	748	464	411
lcl|JABFUD020000025.1_prot_KAI5058986.1_79	At3g12780	86.9	1.24e-247	678	1750	419	482	411
lcl|JABFUD020000025.1_prot_KAI5058986.1_79	At1g56190	86.1	2.24e-247	677	1748	419	479	410
lcl|JABFUD020000025.1_prot_KAI5059165.1_302	Potri.015G038800	84.3	1.43e-46	150	379	89	445	89
lcl|JABFUD020000025.1_prot_KAI5059165.1_302	Potri.001G272800	83.1	5.63e-46	149	375	89	446	89
lcl|JABFUD020000025.1_prot_KAI5059165.1_302	Potri.009G067200	83.1	5.73e-46	149	375	89	447	89
lcl|JABFUD020000025.1_prot_KAI5059165.1_302	Potri.006G035400	83.1	5.93e-46	149	375	89	449	89
lcl|JABFUD020000025.1_prot_KAI5059165.1_302	Potri.016G033200	83.1	6.13e-46	149	375	89	451	89
lcl|JABFUD020000025.1_prot_KAI5059165.1_302	Potri.001G104600	82.0	1.53e-45	147	372	89	445	89
lcl|JABFUD020000025.1_prot_KAI5059165.1_302	Potri.012G047600	82.0	1.53e-45	147	372	89	445	89
lcl|JABFUD020000025.1_prot_KAI5059165.1_302	Potri.009G067100	82.0	1.58e-45	147	372	89	447	89
lcl|JABFUD020000025.1_prot_KAI5059165.1_302	Potri.003G125400	82.0	2.21e-45	147	371	89	447	89
lcl|JABFUD020000025.1_prot_KAI5059165.1_302	Potri.001G464400	80.9	3.05e-45	147	370	89	446	89
lcl|JABFUD020000025.1_prot_KAI5059221.1_380	At2g31170	85.2	2.86e-10	55.8	133	235	564	27
lcl|JABFUD020000025.1_prot_KAI5059278.1_466	Potri.015G038800	89.7	1.89e-39	130	328	71	445	68
lcl|JABFUD020000025.1_prot_KAI5059278.1_466	Potri.001G272800	89.7	1.91e-39	130	328	71	446	68
lcl|JABFUD020000025.1_prot_KAI5059278.1_466	Potri.009G067200	89.7	1.94e-39	130	328	71	447	68
lcl|JABFUD020000025.1_prot_KAI5059278.1_466	Potri.006G035400	89.7	1.99e-39	130	328	71	449	68
lcl|JABFUD020000025.1_prot_KAI5059278.1_466	Potri.016G033200	89.7	2.05e-39	130	328	71	451	68
lcl|JABFUD020000025.1_prot_KAI5059278.1_466	Potri.012G047600	88.2	2.64e-39	130	327	71	445	68
lcl|JABFUD020000025.1_prot_KAI5059278.1_466	Potri.009G067100	88.2	5.28e-39	129	325	71	447	68
lcl|JABFUD020000025.1_prot_KAI5059278.1_466	Potri.006G095000	88.2	7.17e-39	129	324	71	445	68
lcl|JABFUD020000025.1_prot_KAI5059278.1_466	Potri.003G125400	88.2	7.37e-39	129	324	71	447	68
lcl|JABFUD020000025.1_prot_KAI5059278.1_466	Potri.001G106100	88.2	7.46e-39	129	324	71	448	68
lcl|JABFUD020000024.1_prot_KAI5060236.1_498	At1g56190	85.3	4.70e-247	680	1754	492	479	407
lcl|JABFUD020000024.1_prot_KAI5060236.1_498	At3g12780	86.5	2.13e-246	678	1750	492	482	407
lcl|JABFUD020000023.1_prot_KAI5060822.1_2	AtCg00280	93.2	7.89e-271	735	1898	388	474	367
lcl|JABFUD020000023.1_prot_KAI5061361.1_727	AtCg00020	82.5	4.81e-159	444	1142	307	354	280
