psbA|GeneID:13540179|photosystem_II_protein_D1	AtCg00020	99.7	1.49e-264	713	1840	353	354	353
psbK|GeneID:13540184|photosystem_II_protein_K	AtCg00070	80.3	2.99e-29	94.7	234	61	62	61
psbI|GeneID:13540185|photosystem_II_protein_I	AtCg00080	100	2.42e-20	70.5	171	36	37	36
atpA|GeneID:13540189|ATP_synthase_CF1_alpha_subunit	AtCg00120	94.1	0.0	894	2311	507	508	505
atpF|GeneID:13540190|ATP_synthase_CF0_subunit_I	AtCg00130	87.5	4.58e-111	311	796	184	185	184
atpH|GeneID:13540191|ATP_synthase_CF0_subunit_III	AtCg00140	98.8	5.85e-47	140	354	81	82	81
atpI|GeneID:13540192|ATP_synthase_CF0_subunit_IV	AtCg00150	94.0	1.29e-169	464	1194	247	250	249
psbM|GeneID:13540199|photosystem_II_protein_M	AtCg00220	100	6.97e-17	61.6	148	34	35	34
psbD|GeneID:13540204|photosystem_II_protein_D2	AtCg00270	98.9	2.29e-268	723	1865	353	354	353
psbC|GeneID:13540205|photosystem_II_CP43_chlorophyll_apoprotein	AtCg00280	97.6	0.0	942	2435	461	474	461
psbZ|GeneID:13540207|photosystem_II_protein_Z	AtCg00300	95.2	1.46e-34	108	269	62	63	62
psaB|GeneID:13540211|photosystem_I_P700_apoprotein_A2	AtCg00340	97.7	0.0	1511	3913	734	735	734
psaA|GeneID:13540212|photosystem_I_P700_apoprotein_A1	AtCg00350	97.9	0.0	1522	3940	750	751	750
ndhJ|GeneID:13540219|NADH	AtCg00420	89.9	1.07e-110	308	788	158	159	158
ndhK|GeneID:13540220|NADH	GRMZM2G448142_T01.CDS	81.3	4.53e-144	401	1031	284	255	256
ndhK|GeneID:13540220|NADH	AtCg00430	89.3	4.60e-144	400	1028	284	226	225
ndhC|GeneID:13540221|NADH	AtCg00440	88.3	1.98e-72	208	529	120	121	120
atpE|GeneID:13540224|ATP_synthase_CF1_epsilon_subunit	AtCg00470	88.6	4.84e-79	226	575	133	133	132
atpB|GeneID:13540225|ATP_synthase_CF1_beta_subunit	AtCg00480	93.0	0.0	894	2309	498	499	498
atpB|GeneID:13540225|ATP_synthase_CF1_beta_subunit	GRMZM2G385622_T01.CDS	91.4	0.0	885	2286	498	499	498
atpB|GeneID:13540225|ATP_synthase_CF1_beta_subunit	GRMZM5G808402_T01.CDS	91.4	0.0	885	2286	498	499	498
atpB|GeneID:13540225|ATP_synthase_CF1_beta_subunit	GRMZM2G448389_T01.CDS	91.2	0.0	883	2282	498	499	498
atpB|GeneID:13540225|ATP_synthase_CF1_beta_subunit	GRMZM2G062854_T01.CDS	91.0	6.23e-267	728	1878	498	410	409
atpB|GeneID:13540225|ATP_synthase_CF1_beta_subunit	GRMZM2G448142_T03.CDS	95.7	7.99e-247	678	1750	498	449	368
atpB|GeneID:13540225|ATP_synthase_CF1_beta_subunit	GRMZM2G448142_T02.CDS	95.7	7.99e-247	678	1750	498	449	368
rbcL|GeneID:13540226|ribulose	AtCg00490	93.1	0.0	919	2375	477	480	476
rbcL|GeneID:13540226|ribulose	GRMZM2G360821_T01.CDS	91.2	0.0	902	2331	477	484	476
rbcL|GeneID:13540226|ribulose	GRMZM2G385635_T01.CDS	91.2	0.0	902	2331	477	484	476
rbcL|GeneID:13540226|ribulose	GRMZM2G448344_T01.CDS	91.2	0.0	902	2331	477	484	476
rbcL|GeneID:13540226|ribulose	GRMZM5G815453_T01.CDS	91.2	0.0	902	2331	477	484	476
psaI|GeneID:13540228|photosystem_I_subunit_VIII	AtCg00510	93.5	4.66e-16	59.7	143	36	38	31
psbJ|GeneID:13540232|photosystem_II_protein_J	AtCg00550	97.5	2.74e-23	78.2	191	40	41	40
psbL|GeneID:13540233|photosystem_II_protein_L	AtCg00560	97.3	1.16e-21	73.9	180	38	39	37
psbF|GeneID:13540234|photosystem_II_cytochrome_b559_beta_subunit	AtCg00570	97.4	6.30e-24	79.7	195	39	40	39
psbE|GeneID:13540235|photosystem_II_cytochrome_b559_alpha_subunit	AtCg00580	100	1.02e-59	173	438	83	84	83
psaJ|GeneID:13540240|photosystem_I_subunit_IX	AtCg00630	95.5	2.67e-27	88.6	218	44	45	44
psbB|GeneID:13540246|photosystem_II_CP47_chlorophyll_apoprotein	AtCg00680	98.6	0.0	1051	2719	508	509	507
psbT|GeneID:13540247|photosystem_II_protein_T	AtCg00690	93.9	4.83e-17	62.0	149	34	34	33
psbN|GeneID:13540248|photosystem_II_protein_N	AtCg00700	100	3.55e-27	88.2	217	43	44	43
psbH|GeneID:13540249|photosystem_II_phosphoprotein	AtCg00710	91.8	7.57e-44	132	332	73	74	73
ndhB|GeneID:13540267|NADH	AtCg00890	96.6	1.56e-265	724	1868	510	390	387
ndhD|GeneID:13540282|NADH	AtCg01050	85.9	4.14e-315	853	2205	500	507	498
ndhD|GeneID:13540282|NADH	GRMZM5G800096_T01.CDS	81.0	1.78e-302	822	2123	500	516	499
psaC|GeneID:13540283|photosystem_I_subunit_VII	AtCg01060	100	1.38e-45	137	345	81	82	81
ndhE|GeneID:13540284|NADH	AtCg01070	92.0	7.28e-57	167	423	101	102	100
ndhG|GeneID:13540285|NADH	AtCg01080	81.3	1.52e-96	273	699	176	177	176
ndhI|GeneID:13540286|NADH	AtCg01090	92.2	8.65e-102	286	732	167	173	166
ndhA|GeneID:13540287|NADH	AtCg01100	87.3	2.32e-222	607	1565	363	361	363
ndhH|GeneID:13540288|NADH	AtCg01110	90.6	7.86e-278	750	1936	393	394	393
ndhB|GeneID:13540303|NADH	AtCg00890	96.6	1.56e-265	724	1868	510	390	387
lcl|AYRZ02000003.1_prot_PHT85292.1_171	AtCg00130	80.3	9.66e-56	173	439	252	185	117
lcl|AYRZ02000003.1_prot_PHT85292.1_171	AtCg00140	100	1.17e-14	63.9	154	252	82	33
lcl|AYRZ02000003.1_prot_PHT85293.1_172	AtCg00120	94.7	6.36e-278	767	1981	686	508	430
lcl|AYRZ02000003.1_prot_PHT85293.1_172	AtCg00020	98.5	5.13e-183	520	1339	686	354	259
lcl|AYRZ02000003.1_prot_PHT85322.1_201	Potri.017G059400	92.2	1.33e-84	251	642	129	486	129
lcl|AYRZ02000003.1_prot_PHT85322.1_201	Potri.001G320500	89.9	1.68e-82	246	628	129	486	129
lcl|AYRZ02000003.1_prot_PHT85323.1_202	Potri.017G059400	91.1	8.03e-213	587	1513	343	486	325
lcl|AYRZ02000003.1_prot_PHT85323.1_202	Potri.001G320500	90.2	1.54e-210	581	1498	343	486	325
lcl|AYRZ02000003.1_prot_PHT85416.1_295	AtCg00350	87.7	4.49e-42	141	355	83	751	81
lcl|AYRZ02000003.1_prot_PHT85433.1_312	AtCg00340	97.7	0.0	1511	3913	734	735	734
lcl|AYRZ02000003.1_prot_PHT85434.1_313	AtCg00350	99.3	1.17e-92	280	715	139	751	139
lcl|AYRZ02000003.1_prot_PHT85437.1_316	AtCg00280	94.8	4.63e-178	496	1277	289	474	249
lcl|AYRZ02000003.1_prot_PHT85437.1_316	AtCg00270	89.7	1.07e-08	51.6	122	289	354	29
lcl|AYRZ02000003.1_prot_PHT85456.1_335	AtCg00120	84.3	2.74e-58	189	479	240	508	115
lcl|AYRZ02000003.1_prot_PHT85493.1_372	At1g04620	82.2	1.56e-284	773	1995	460	463	454
lcl|AYRZ02000003.1_prot_PHT85643.1_522	Potri.010G174000	81.0	4.46e-297	810	2092	520	537	495
lcl|AYRZ02000003.1_prot_PHT85710.1_589	AtCg00500	86.4	2.15e-62	194	493	125	489	118
lcl|AYRZ02000003.1_prot_PHT85781.1_660	At3g22960	85.2	5.52e-319	871	2250	589	597	528
lcl|AYRZ02000003.1_prot_PHT85815.1_694	AtCg00500	80.9	9.58e-49	157	397	97	489	94
lcl|AYRZ02000003.1_prot_PHT85838.1_717	At3g22890	88.6	9.80e-241	657	1696	359	464	359
lcl|AYRZ02000003.1_prot_PHT85838.1_717	At5g43780	86.9	1.29e-228	627	1617	359	470	358
lcl|AYRZ02000003.1_prot_PHT85838.1_717	GRMZM2G149952_T01.CDS	82.2	2.59e-223	614	1584	359	488	360
lcl|AYRZ02000003.1_prot_PHT85838.1_717	GRMZM2G051270_T01.CDS	81.9	1.60e-222	612	1579	359	490	360
lcl|AYRZ02000003.1_prot_PHT85838.1_717	At4g14680	86.3	6.85e-203	563	1452	359	511	322
lcl|AYRZ02000003.1_prot_PHT85930.1_809	At3g22425	82.8	3.90e-128	361	927	276	271	221
lcl|AYRZ02000003.1_prot_PHT86088.1_967	At4g29840	85.0	7.73e-310	842	2175	522	527	488
lcl|AYRZ02000003.1_prot_PHT86088.1_967	At1g72810	85.2	1.14e-297	811	2094	522	517	472
lcl|AYRZ02000003.1_prot_PHT86153.1_1032	Potri.015G088500	88.9	8.43e-160	446	1146	321	329	253
lcl|AYRZ02000003.1_prot_PHT86416.1_1295	At4g30950	81.3	5.46e-09	53.9	128	430	449	32
lcl|AYRZ02000003.1_prot_PHT86432.1_1311	AtCg01100	82.5	1.96e-80	238	608	160	361	154
lcl|AYRZ02000003.1_prot_PHT86433.1_1312	AtCg00890	86.8	7.48e-15	67.0	162	161	390	38
lcl|AYRZ02000003.1_prot_PHT86469.1_1348	GRMZM2G385622_T01.CDS	81.0	9.64e-156	444	1141	367	499	289
lcl|AYRZ02000003.1_prot_PHT86469.1_1348	GRMZM5G808402_T01.CDS	81.0	9.64e-156	444	1141	367	499	289
lcl|AYRZ02000003.1_prot_PHT86469.1_1348	AtCg00480	80.3	1.94e-155	443	1139	367	499	289
lcl|AYRZ02000003.1_prot_PHT86469.1_1348	GRMZM2G448389_T01.CDS	80.6	3.89e-155	442	1137	367	499	289
lcl|AYRZ02000003.1_prot_PHT86469.1_1348	GRMZM2G062854_T01.CDS	83.3	1.19e-122	356	914	367	410	227
lcl|AYRZ02000003.1_prot_PHT86469.1_1348	AtCg00470	83.1	4.56e-39	132	332	367	133	83
lcl|AYRZ02000003.1_prot_PHT86512.1_1391	AtCg00270	90.3	1.55e-99	286	733	155	354	155
lcl|AYRZ02000003.1_prot_PHT86515.1_1394	AtCg00350	92.0	2.56e-69	217	552	112	751	112
lcl|AYRZ02000003.1_prot_PHT86516.1_1395	AtCg00350	95.8	6.27e-08	49.7	117	286	751	24
lcl|AYRZ02000003.1_prot_PHT86523.1_1402	AtCg00270	93.2	5.13e-109	311	797	168	354	162
lcl|AYRZ02000003.1_prot_PHT86547.1_1426	At5g04140	93.5	4.64e-72	235	600	255	1649	123
lcl|AYRZ02000003.1_prot_PHT86547.1_1426	At2g41220	85.4	3.12e-67	221	564	255	1630	123
lcl|AYRZ02000003.1_prot_PHT86548.1_1427	At2g41220	80.7	7.70e-178	538	1386	503	1630	326
lcl|AYRZ02000003.1_prot_PHT86549.1_1428	Potri.007G144600	84.4	4.94e-199	545	1403	321	322	321
lcl|AYRZ02000003.1_prot_PHT86552.1_1431	AtCg00020	99.7	1.49e-264	713	1840	353	354	353
lcl|AYRZ02000003.1_prot_PHT86581.1_1460	AtCg00550	87.5	3.77e-21	72.8	177	40	41	40
lcl|AYRZ02000003.1_prot_PHT86636.1_1515	AtCg00680	100	8.10e-64	198	503	118	509	96
lcl|AYRZ02000003.1_prot_PHT86642.1_1521	AtCg00080	88.9	1.12e-16	61.2	147	36	37	36
lcl|AYRZ02000003.1_prot_PHT86731.1_1610	AtCg00340	92.9	4.06e-44	146	368	70	735	70
lcl|AYRZ02000003.1_prot_PHT86891.1_1770	Potri.010G198800	91.4	5.41e-246	667	1720	361	362	361
lcl|AYRZ02000003.1_prot_PHT86891.1_1770	Potri.008G060100	90.9	4.44e-245	664	1714	361	362	361
lcl|AYRZ02000003.1_prot_PHT86891.1_1770	Potri.006G090300	86.7	1.32e-230	628	1619	361	362	361
lcl|AYRZ02000003.1_prot_PHT86891.1_1770	Potri.008G006700	81.3	7.60e-215	588	1517	361	376	368
lcl|AYRZ02000003.1_prot_PHT86897.1_1776	At3g02630	80.5	1.64e-227	623	1606	393	397	370
lcl|AYRZ02000003.1_prot_PHT86941.1_1820	AtCg00080	100	6.67e-21	72.8	177	55	37	36
lcl|AYRZ02000003.1_prot_PHT86942.1_1821	AtCg00070	80.3	2.99e-29	94.7	234	61	62	61
lcl|AYRZ02000003.1_prot_PHT86943.1_1822	AtCg00120	86.5	1.55e-297	808	2087	476	508	505
lcl|AYRZ02000003.1_prot_PHT86945.1_1824	AtCg00140	92.6	7.99e-45	135	340	81	82	81
lcl|AYRZ02000003.1_prot_PHT87111.1_1990	At1g29900	86.2	3.10e-24	99.8	247	324	1188	58
lcl|AYRZ02000003.1_prot_PHT87133.1_2012	At5g17990	87.0	8.04e-06	40.4	93	143	445	23
lcl|AYRZ02000003.1_prot_PHT87222.1_2101	AtCg00220	82.4	9.26e-13	51.2	121	34	35	34
lcl|AYRZ02000003.1_prot_PHT87231.1_2110	Potri.003G125400	97.7	0.0	876	2263	447	447	441
lcl|AYRZ02000003.1_prot_PHT87231.1_2110	Potri.001G106100	97.3	0.0	875	2262	447	448	442
lcl|AYRZ02000003.1_prot_PHT87231.1_2110	Potri.009G040200	96.8	0.0	875	2261	447	451	442
lcl|AYRZ02000003.1_prot_PHT87231.1_2110	Potri.001G246900	96.6	0.0	868	2243	447	450	439
lcl|AYRZ02000003.1_prot_PHT87231.1_2110	Potri.016G033200	95.3	0.0	866	2237	447	451	445
lcl|AYRZ02000003.1_prot_PHT87231.1_2110	Potri.009G067200	96.2	0.0	865	2234	447	447	442
lcl|AYRZ02000003.1_prot_PHT87231.1_2110	Potri.006G095000	95.7	0.0	865	2234	447	445	443
lcl|AYRZ02000003.1_prot_PHT87231.1_2110	Potri.006G035400	96.1	8.43e-321	863	2231	447	449	441
lcl|AYRZ02000003.1_prot_PHT87231.1_2110	Potri.009G067100	95.9	8.47e-321	863	2229	447	447	443
lcl|AYRZ02000003.1_prot_PHT87231.1_2110	Potri.001G272800	95.5	8.49e-321	863	2229	447	446	443
lcl|AYRZ02000003.1_prot_PHT87360.1_2239	At4g34200	83.8	0.0	879	2272	600	604	544
lcl|AYRZ02000003.1_prot_PHT87360.1_2239	At3g19480	82.5	3.27e-314	859	2219	600	589	543
lcl|AYRZ02000003.1_prot_PHT87364.1_2243	At5g52570	81.4	1.18e-123	353	905	315	304	204
lcl|AYRZ02000003.1_prot_PHT87419.1_2298	At5g52920	83.4	1.20e-312	854	2206	584	580	549
lcl|AYRZ02000003.1_prot_PHT87421.1_2300	AtCg01050	85.7	1.25e-39	132	332	75	507	70
lcl|AYRZ02000003.1_prot_PHT87421.1_2300	GRMZM5G800096_T01.CDS	81.9	5.08e-38	128	321	75	516	72
lcl|AYRZ02000003.1_prot_PHT87477.1_2356	At5g53460	84.6	0.0	3049	7904	1873	2209	1784
lcl|AYRZ02000003.1_prot_PHT87717.1_2596	At1g62640	83.6	1.11e-35	120	302	84	405	73
lcl|AYRZ02000003.1_prot_PHT87717.1_2596	A0AAN7RLJ0	87.3	3.70e-34	119	297	84	844	71
lcl|AYRZ02000003.1_prot_PHT87798.1_2677	At3g17810	82.5	2.74e-240	658	1697	428	427	395
lcl|AYRZ02000003.1_prot_PHT87912.1_2791	Potri.006G020900	80.5	4.64e-306	832	2148	514	515	512
lcl|AYRZ02000003.1_prot_PHT87912.1_2791	Potri.016G018500	80.1	2.20e-304	827	2137	514	515	512
lcl|AYRZ02000003.1_prot_PHT87972.1_2851	Potri.014G094900	91.4	7.97e-321	865	2235	462	475	474
lcl|AYRZ02000003.1_prot_PHT87972.1_2851	Potri.002G167800	90.7	2.34e-317	856	2212	462	475	474
lcl|AYRZ02000003.1_prot_PHT88012.1_2891	AtCg00340	96.7	0.0	1246	3224	764	735	607
lcl|AYRZ02000003.1_prot_PHT88013.1_2892	AtCg00350	86.7	1.38e-77	240	613	145	751	128
lcl|AYRZ02000003.1_prot_PHT88134.1_3013	AtCg00140	89.5	2.53e-16	62.8	151	64	82	38
lcl|AYRZ02000003.1_prot_PHT88137.1_3016	AtCg00140	91.7	4.80e-23	81.6	200	108	82	48
lcl|AYRZ02000003.1_prot_PHT88181.1_3060	At5g62790	89.5	3.39e-215	593	1528	327	498	324
lcl|AYRZ02000003.1_prot_PHT88221.1_3100	At1g74030	88.8	1.45e-207	572	1475	320	478	320
lcl|AYRZ02000003.1_prot_PHT88265.1_3144	Potri.008G094300	86.9	1.35e-313	848	2190	480	481	480
lcl|AYRZ02000003.1_prot_PHT88265.1_3144	Potri.017G092000	86.5	4.02e-313	847	2187	480	482	481
lcl|AYRZ02000003.1_prot_PHT88265.1_3144	Potri.010G159800	86.5	3.18e-312	844	2181	480	481	480
lcl|AYRZ02000003.1_prot_PHT88265.1_3144	Potri.004G118600	86.9	3.01e-308	834	2155	480	482	481
lcl|AYRZ02000003.1_prot_PHT88291.1_3170	GRMZM2G029573_T03.CDS	80.5	2.36e-231	637	1644	428	482	379
lcl|AYRZ02000003.1_prot_PHT88291.1_3170	GRMZM2G029573_T02.CDS	80.7	1.05e-224	621	1601	428	489	373
lcl|AYRZ02000003.1_prot_PHT88291.1_3170	GRMZM2G029573_T01.CDS	80.0	1.07e-131	379	973	428	337	230
lcl|AYRZ02000003.1_prot_PHT88291.1_3170	GRMZM2G029573_T04.CDS	82.4	8.70e-91	272	695	428	263	159
lcl|AYRZ02000003.1_prot_PHT88351.1_3230	At1g74470	85.3	5.13e-242	662	1707	378	468	380
lcl|AYRZ02000003.1_prot_PHT88351.1_3230	GRMZM2G105644_T01.CDS	80.9	4.38e-229	629	1621	378	458	382
lcl|AYRZ02000003.1_prot_PHT88490.1_3369	Potri.003G030900	81.6	6.86e-316	857	2214	522	520	516
lcl|AYRZ02000003.1_prot_PHT88578.1_3457	GRMZM2G123922_T01.CDS	89.3	0.0	1033	2671	615	922	607
lcl|AYRZ02000003.1_prot_PHT88578.1_3457	GRMZM2G001084_T01.CDS	89.0	0.0	1030	2664	615	897	607
lcl|AYRZ02000003.1_prot_PHT88578.1_3457	GRMZM2G009443_T01.CDS	87.9	0.0	1009	2609	615	922	601
lcl|AYRZ02000003.1_prot_PHT88617.1_3496	Potri.001G272800	93.8	2.86e-315	849	2193	443	446	439
lcl|AYRZ02000003.1_prot_PHT88617.1_3496	Potri.015G038800	92.7	1.59e-314	847	2188	443	445	441
lcl|AYRZ02000003.1_prot_PHT88617.1_3496	Potri.009G067200	93.4	1.72e-314	847	2188	443	447	439
lcl|AYRZ02000003.1_prot_PHT88617.1_3496	Potri.016G033200	92.9	8.12e-314	845	2184	443	451	439
lcl|AYRZ02000003.1_prot_PHT88617.1_3496	Potri.009G067100	93.4	1.41e-313	845	2182	443	447	439
lcl|AYRZ02000003.1_prot_PHT88617.1_3496	Potri.012G047600	92.7	1.85e-313	844	2181	443	445	441
lcl|AYRZ02000003.1_prot_PHT88617.1_3496	Potri.006G035400	92.9	3.06e-313	844	2180	443	449	439
lcl|AYRZ02000003.1_prot_PHT88617.1_3496	Potri.011G162500	93.8	7.84e-313	843	2177	443	446	432
lcl|AYRZ02000003.1_prot_PHT88617.1_3496	Potri.006G095000	92.9	1.07e-312	842	2176	443	445	439
lcl|AYRZ02000003.1_prot_PHT88617.1_3496	Potri.003G125400	92.5	1.35e-311	840	2169	443	447	439
lcl|AYRZ02000003.1_prot_PHT88795.1_3674	GRMZM2G088305_T01.CDS	85.4	7.57e-16	74.7	182	1001	249	41
lcl|AYRZ02000003.1_prot_PHT88882.1_3761	At4g14210	82.3	0.0	931	2405	582	567	542
lcl|AYRZ02000003.1_prot_PHT88894.1_3773	At1g17290	82.3	5.23e-303	824	2128	487	544	481
lcl|AYRZ02000009.1_prot_PHT71660.1_97	AtCg00440	88.3	1.98e-72	208	529	120	121	120
lcl|AYRZ02000009.1_prot_PHT72030.1_467	AtCg00280	98.2	2.74e-247	675	1741	367	474	325
lcl|AYRZ02000009.1_prot_PHT72107.1_544	Potri.004G091000	84.5	0.0	2154	5581	1271	1315	1260
lcl|AYRZ02000009.1_prot_PHT72181.1_618	Potri.008G060100	85.6	9.32e-231	628	1620	361	362	361
lcl|AYRZ02000009.1_prot_PHT72181.1_618	Potri.010G198800	85.9	2.67e-230	627	1617	361	362	361
lcl|AYRZ02000009.1_prot_PHT72181.1_618	Potri.006G090300	85.3	3.46e-226	617	1590	361	362	361
lcl|AYRZ02000009.1_prot_PHT72249.1_686	GRMZM2G162282_T01.CDS	82.5	2.36e-230	635	1637	441	464	365
lcl|AYRZ02000009.1_prot_PHT72250.1_687	AtCg00150	94.2	1.46e-86	250	638	155	250	138
lcl|AYRZ02000009.1_prot_PHT72308.1_745	AtCg00490	80.8	2.30e-39	131	329	73	480	73
lcl|AYRZ02000009.1_prot_PHT72315.1_752	AtCg00020	83.7	5.63e-56	177	449	198	354	104
lcl|AYRZ02000009.1_prot_PHT72326.1_763	AtCg00350	95.5	1.54e-118	349	896	196	751	177
lcl|AYRZ02000009.1_prot_PHT72365.1_802	At3g54050	85.4	8.08e-236	645	1664	404	418	370
lcl|AYRZ02000009.1_prot_PHT72472.1_909	Potri.009G073700	81.0	1.45e-06	40.0	92	77	236	21
lcl|AYRZ02000009.1_prot_PHT72487.1_924	At3g46970	81.2	0.0	1402	3630	847	842	826
lcl|AYRZ02000009.1_prot_PHT72510.1_947	AtCg00500	86.4	2.15e-62	194	493	125	489	118
lcl|AYRZ02000009.1_prot_PHT72512.1_949	AtCg00580	100	1.02e-59	173	438	83	84	83
lcl|AYRZ02000009.1_prot_PHT72541.1_978	GRMZM2G360821_T01.CDS	84.3	6.25e-118	340	871	198	484	198
lcl|AYRZ02000009.1_prot_PHT72541.1_978	GRMZM2G385635_T01.CDS	84.3	6.25e-118	340	871	198	484	198
lcl|AYRZ02000009.1_prot_PHT72541.1_978	GRMZM2G448344_T01.CDS	84.3	6.25e-118	340	871	198	484	198
lcl|AYRZ02000009.1_prot_PHT72541.1_978	GRMZM5G815453_T01.CDS	84.3	6.25e-118	340	871	198	484	198
lcl|AYRZ02000009.1_prot_PHT72541.1_978	AtCg00490	86.4	1.57e-117	338	868	198	480	191
lcl|AYRZ02000009.1_prot_PHT72543.1_980	AtCg00580	91.6	7.54e-53	155	393	83	84	83
lcl|AYRZ02000009.1_prot_PHT72546.1_983	AtCg00340	97.3	3.29e-47	155	391	75	735	74
lcl|AYRZ02000009.1_prot_PHT72607.1_1044	GRMZM2G073351_T03.CDS	80.1	1.13e-165	463	1191	345	366	287
lcl|AYRZ02000009.1_prot_PHT72607.1_1044	GRMZM2G073351_T01.CDS	81.5	1.05e-139	394	1012	345	285	232
lcl|AYRZ02000009.1_prot_PHT72607.1_1044	GRMZM2G073351_T04.CDS	81.5	1.05e-139	394	1012	345	285	232
lcl|AYRZ02000009.1_prot_PHT72669.1_1106	Potri.016G119300	81.1	0.0	1374	3557	797	855	853
lcl|AYRZ02000009.1_prot_PHT72669.1_1106	Potri.006G102000	81.6	0.0	1373	3554	797	850	850
lcl|AYRZ02000009.1_prot_PHT72670.1_1107	At3g51820	85.9	2.52e-217	596	1536	374	388	334
lcl|AYRZ02000009.1_prot_PHT72857.1_1294	AtCg00350	81.3	4.39e-43	149	376	196	751	80
lcl|AYRZ02000009.1_prot_PHT72868.1_1305	Potri.003G120400	88.9	3.28e-31	105	262	68	255	54
lcl|AYRZ02000009.1_prot_PHT72868.1_1305	Potri.003G120300	88.9	1.12e-30	107	267	68	465	54
lcl|AYRZ02000009.1_prot_PHT72868.1_1305	Potri.001G111700	85.2	1.08e-29	104	260	68	465	54
lcl|AYRZ02000009.1_prot_PHT72937.1_1374	At5g48300	83.5	8.22e-313	849	2194	523	521	520
lcl|AYRZ02000009.1_prot_PHT73009.1_1446	AtCg00580	100	1.02e-59	173	438	83	84	83
lcl|AYRZ02000009.1_prot_PHT73024.1_1461	AtCg00890	91.3	1.72e-56	177	450	152	390	103
lcl|AYRZ02000009.1_prot_PHT73045.1_1482	Potri.001G272700	83.0	9.33e-23	85.1	209	61	443	53
lcl|AYRZ02000009.1_prot_PHT73045.1_1482	Potri.009G067200	81.1	2.45e-22	84.0	206	61	447	53
lcl|AYRZ02000009.1_prot_PHT73045.1_1482	Potri.009G067100	81.1	2.45e-22	84.0	206	61	447	53
lcl|AYRZ02000009.1_prot_PHT73045.1_1482	Potri.001G272800	81.1	3.35e-22	83.6	205	61	446	53
lcl|AYRZ02000009.1_prot_PHT73045.1_1482	Potri.006G095000	83.0	1.63e-21	81.6	200	61	445	53
lcl|AYRZ02000009.1_prot_PHT73045.1_1482	Potri.011G162500	80.9	2.81e-20	78.2	191	61	446	47
lcl|AYRZ02000009.1_prot_PHT73045.1_1482	Potri.001G464400	84.4	5.27e-20	77.4	189	61	446	45
lcl|AYRZ02000009.1_prot_PHT73045.1_1482	Potri.016G109300	83.7	4.76e-19	74.7	182	61	444	43
lcl|AYRZ02000009.1_prot_PHT73077.1_1514	AtCg00890	90.7	3.32e-123	350	898	204	390	204
lcl|AYRZ02000009.1_prot_PHT73084.1_1521	AtCg00580	100	1.02e-59	173	438	83	84	83
lcl|AYRZ02000009.1_prot_PHT73102.1_1539	At3g58610	88.5	8.18e-271	742	1915	430	592	416
lcl|AYRZ02000009.1_prot_PHT73102.1_1539	GRMZM2G004382_T02.CDS	85.1	3.52e-262	719	1857	430	580	416
lcl|AYRZ02000009.1_prot_PHT73102.1_1539	GRMZM2G004382_T01.CDS	83.2	7.41e-215	595	1535	430	475	352
lcl|AYRZ02000009.1_prot_PHT73121.1_1558	AtCg00350	81.3	4.07e-257	711	1835	379	751	443
lcl|AYRZ02000009.1_prot_PHT73151.1_1588	At2g05710	84.9	0.0	1277	3304	812	991	755
lcl|AYRZ02000009.1_prot_PHT73151.1_1588	GRMZM2G020801_T01.CDS	89.7	0.0	1081	2796	812	798	591
lcl|AYRZ02000009.1_prot_PHT73152.1_1589	GRMZM2G020801_T01.CDS	85.5	7.94e-34	117	294	80	798	62
lcl|AYRZ02000009.1_prot_PHT73152.1_1589	At2g05710	83.9	2.45e-32	113	283	80	991	62
lcl|AYRZ02000009.1_prot_PHT73206.1_1643	AtCg00350	89.6	2.11e-61	196	497	113	751	106
lcl|AYRZ02000009.1_prot_PHT73409.1_1846	GRMZM2G076006_T02.CDS	85.1	6.72e-184	509	1311	363	348	282
lcl|AYRZ02000009.1_prot_PHT73409.1_1846	GRMZM2G081268_T01.CDS	80.1	4.68e-173	481	1239	363	341	282
lcl|AYRZ02000009.1_prot_PHT73409.1_1846	GRMZM2G081268_T03.CDS	80.1	4.68e-173	481	1239	363	341	282
lcl|AYRZ02000009.1_prot_PHT73409.1_1846	GRMZM2G081268_T02.CDS	80.1	4.68e-173	481	1239	363	341	282
lcl|AYRZ02000009.1_prot_PHT73409.1_1846	GRMZM2G076006_T03.CDS	84.0	2.22e-95	281	718	363	249	156
lcl|AYRZ02000009.1_prot_PHT73409.1_1846	GRMZM2G076006_T01.CDS	87.0	2.15e-55	173	438	363	94	92
lcl|AYRZ02000009.1_prot_PHT73472.1_1909	At2g26670	80.0	2.87e-31	110	274	158	283	65
lcl|AYRZ02000009.1_prot_PHT73490.1_1927	At4g34740	84.7	4.06e-123	382	980	942	562	222
lcl|AYRZ02000009.1_prot_PHT73490.1_1927	At2g16570	84.2	1.48e-120	375	963	942	567	222
lcl|AYRZ02000009.1_prot_PHT73533.1_1970	GRMZM2G147450_T02.CDS	80.5	5.37e-236	648	1671	429	447	379
lcl|AYRZ02000009.1_prot_PHT73533.1_1970	GRMZM2G029573_T03.CDS	81.5	3.87e-235	647	1669	429	482	379
lcl|AYRZ02000009.1_prot_PHT73533.1_1970	GRMZM2G029573_T02.CDS	81.5	2.45e-228	630	1625	429	489	373
lcl|AYRZ02000009.1_prot_PHT73533.1_1970	GRMZM2G029573_T01.CDS	80.4	4.80e-133	382	982	429	337	230
lcl|AYRZ02000009.1_prot_PHT73533.1_1970	GRMZM2G029573_T04.CDS	83.0	3.17e-91	273	698	429	263	159
lcl|AYRZ02000009.1_prot_PHT73580.1_2017	AtCg00470	95.8	3.81e-07	44.7	104	271	133	24
lcl|AYRZ02000009.1_prot_PHT73627.1_2064	Potri.006G020900	82.4	1.46e-73	225	574	161	515	131
lcl|AYRZ02000009.1_prot_PHT73628.1_2065	Potri.016G018500	80.7	8.63e-314	851	2199	516	515	513
lcl|AYRZ02000009.1_prot_PHT73628.1_2065	Potri.006G020900	81.0	7.85e-310	841	2173	516	515	500
lcl|AYRZ02000009.1_prot_PHT73700.1_2137	Potri.018G100400	85.7	8.82e-281	761	1964	433	432	433
lcl|AYRZ02000009.1_prot_PHT73700.1_2137	Potri.006G178500	83.6	5.42e-275	746	1926	433	432	433
lcl|AYRZ02000009.1_prot_PHT73724.1_2161	At1g25220	83.0	1.70e-115	326	836	189	290	182
lcl|AYRZ02000009.1_prot_PHT73724.1_2161	At1g24909	81.3	2.30e-114	321	822	189	223	182
lcl|AYRZ02000009.1_prot_PHT73724.1_2161	At1g24807	81.3	3.60e-114	321	822	189	236	182
lcl|AYRZ02000009.1_prot_PHT73724.1_2161	At5g57890	81.9	6.60e-114	322	824	189	274	182
lcl|AYRZ02000009.1_prot_PHT73813.1_2250	At4g26300	84.2	1.26e-14	66.2	160	152	654	38
lcl|AYRZ02000011.1_prot_PHT67202.1_23	AtCg01100	85.1	4.08e-216	591	1524	363	361	363
lcl|AYRZ02000011.1_prot_PHT67203.1_24	AtCg01090	92.8	6.09e-102	286	733	167	173	166
lcl|AYRZ02000011.1_prot_PHT67229.1_50	At2g01350	82.6	2.19e-168	467	1201	290	349	288
lcl|AYRZ02000011.1_prot_PHT67265.1_86	At2g01140	84.4	7.69e-241	656	1693	393	392	392
lcl|AYRZ02000011.1_prot_PHT67311.1_132	At1g80560	84.3	4.12e-228	625	1612	403	406	375
lcl|AYRZ02000011.1_prot_PHT67311.1_132	At1g31180	83.3	5.36e-225	618	1593	403	420	372
lcl|AYRZ02000011.1_prot_PHT67311.1_132	At5g14200	82.4	6.14e-224	615	1585	403	410	375
lcl|AYRZ02000011.1_prot_PHT67495.1_316	AtCg00280	91.7	1.07e-258	710	1832	510	474	372
lcl|AYRZ02000011.1_prot_PHT67602.1_423	AtCg00580	100	1.02e-59	173	438	83	84	83
lcl|AYRZ02000011.1_prot_PHT67606.1_427	AtCg00890	90.2	1.16e-123	351	901	204	390	204
lcl|AYRZ02000011.1_prot_PHT68008.1_829	AtCg00120	88.1	3.95e-93	275	704	159	508	159
lcl|AYRZ02000011.1_prot_PHT68009.1_830	AtCg00140	89.8	8.97e-24	81.3	199	56	82	49
lcl|AYRZ02000011.1_prot_PHT68068.1_889	AtCg00350	90.3	3.12e-66	211	537	165	751	113
lcl|AYRZ02000011.1_prot_PHT68075.1_896	AtCg00350	90.1	1.19e-46	154	388	81	751	81
lcl|AYRZ02000011.1_prot_PHT68126.1_947	Potri.010G094600	82.2	9.92e-203	555	1431	341	336	332
lcl|AYRZ02000011.1_prot_PHT68126.1_947	Potri.008G147200	86.9	8.93e-199	544	1402	341	307	297
lcl|AYRZ02000011.1_prot_PHT68161.1_982	AtCg00340	97.5	6.86e-136	394	1011	199	735	197
lcl|AYRZ02000011.1_prot_PHT68189.1_1010	Solyc05g005480	93.0	8.31e-252	684	1764	388	388	388
lcl|AYRZ02000011.1_prot_PHT68261.1_1082	AtCg00080	100	5.50e-20	70.5	171	55	37	35
lcl|AYRZ02000011.1_prot_PHT68262.1_1083	AtCg00140	88.2	5.17e-20	80.1	196	383	82	51
lcl|AYRZ02000011.1_prot_PHT68316.1_1137	At1g70580	85.3	9.59e-276	753	1943	493	482	429
lcl|AYRZ02000011.1_prot_PHT68316.1_1137	At1g23310	83.9	2.14e-272	744	1921	493	482	429
lcl|AYRZ02000011.1_prot_PHT68331.1_1152	AtCg00340	89.5	1.16e-30	107	268	61	735	57
lcl|AYRZ02000011.1_prot_PHT68383.1_1204	AtCg00350	84.5	3.06e-125	367	942	206	751	206
lcl|AYRZ02000011.1_prot_PHT68407.1_1228	AtCg00630	88.6	6.28e-25	83.6	205	65	45	44
lcl|AYRZ02000011.1_prot_PHT68410.1_1231	AtCg00680	98.0	0.0	1048	2709	508	509	507
lcl|AYRZ02000011.1_prot_PHT68411.1_1232	AtCg00700	100	3.55e-27	88.2	217	43	44	43
lcl|AYRZ02000011.1_prot_PHT68425.1_1246	AtCg00350	93.1	1.31e-213	600	1546	361	751	306
lcl|AYRZ02000011.1_prot_PHT68443.1_1264	AtCg00350	96.2	0.0	1043	2698	767	751	522
lcl|AYRZ02000011.1_prot_PHT68444.1_1265	AtCg00340	84.7	7.13e-224	624	1608	324	735	352
lcl|AYRZ02000011.1_prot_PHT68445.1_1266	AtCg00340	97.8	2.69e-129	376	966	190	735	183
lcl|AYRZ02000011.1_prot_PHT68638.1_1459	AtCg00140	98.8	5.85e-47	140	354	81	82	81
lcl|AYRZ02000011.1_prot_PHT68639.1_1460	AtCg00140	98.8	5.85e-47	140	354	81	82	81
lcl|AYRZ02000011.1_prot_PHT68656.1_1477	AtCg00580	100	1.02e-59	173	438	83	84	83
lcl|AYRZ02000011.1_prot_PHT68681.1_1502	GRMZM2G110063_T01.CDS	80.3	5.35e-142	404	1039	447	298	254
lcl|AYRZ02000011.1_prot_PHT68716.1_1537	A0A1U7W5N1	91.3	0.0	2535	6571	1369	1369	1369
lcl|AYRZ02000011.1_prot_PHT68726.1_1547	GRMZM2G029566_T03.CDS	80.0	1.21e-08	51.6	122	304	355	25
lcl|AYRZ02000011.1_prot_PHT68726.1_1547	GRMZM2G093359_T01.CDS	80.0	1.39e-08	51.6	122	304	427	25
lcl|AYRZ02000011.1_prot_PHT68726.1_1547	GRMZM2G029566_T01.CDS	80.0	1.39e-08	51.6	122	304	428	25
lcl|AYRZ02000011.1_prot_PHT68726.1_1547	GRMZM2G093359_T02.CDS	80.0	1.44e-08	51.6	122	304	455	25
lcl|AYRZ02000011.1_prot_PHT68824.1_1645	GRMZM2G062854_T01.CDS	92.3	1.60e-17	76.3	186	210	410	39
lcl|AYRZ02000011.1_prot_PHT68824.1_1645	GRMZM2G448142_T03.CDS	92.3	1.77e-17	76.3	186	210	449	39
lcl|AYRZ02000011.1_prot_PHT68824.1_1645	GRMZM2G448142_T02.CDS	92.3	1.77e-17	76.3	186	210	449	39
lcl|AYRZ02000011.1_prot_PHT68824.1_1645	AtCg00480	92.3	1.90e-17	76.3	186	210	499	39
lcl|AYRZ02000011.1_prot_PHT68824.1_1645	GRMZM2G385622_T01.CDS	92.3	1.90e-17	76.3	186	210	499	39
lcl|AYRZ02000011.1_prot_PHT68824.1_1645	GRMZM2G448389_T01.CDS	92.3	1.90e-17	76.3	186	210	499	39
lcl|AYRZ02000011.1_prot_PHT68824.1_1645	GRMZM5G808402_T01.CDS	92.3	1.90e-17	76.3	186	210	499	39
lcl|AYRZ02000011.1_prot_PHT69068.1_1889	Potri.004G199600	84.7	5.40e-221	603	1556	347	378	347
lcl|AYRZ02000011.1_prot_PHT69291.1_2112	At5g60600	83.8	0.0	1243	3215	740	742	740
lcl|AYRZ02000011.1_prot_PHT69465.1_2286	AtCg00140	83.8	5.77e-17	65.1	157	80	82	37
lcl|AYRZ02000010.1_prot_PHT69600.1_102	At5g54810	92.6	3.66e-208	573	1478	318	471	299
lcl|AYRZ02000010.1_prot_PHT69600.1_102	At4g27070	91.6	1.45e-206	570	1468	318	476	299
lcl|AYRZ02000010.1_prot_PHT69641.1_143	Potri.011G103700	86.3	0.0	1192	3085	704	671	673
lcl|AYRZ02000010.1_prot_PHT69641.1_143	Potri.001G383500	85.9	0.0	1184	3064	704	671	674
lcl|AYRZ02000010.1_prot_PHT69641.1_143	Potri.003G120000	80.5	1.12e-172	492	1267	704	303	298
lcl|AYRZ02000010.1_prot_PHT69641.1_143	Potri.001G112000	82.2	3.62e-171	488	1257	704	303	286
lcl|AYRZ02000010.1_prot_PHT69678.1_180	AtCg00630	95.5	2.67e-27	88.6	218	44	45	44
lcl|AYRZ02000010.1_prot_PHT69679.1_181	AtCg00710	82.2	9.22e-38	117	292	72	74	73
lcl|AYRZ02000010.1_prot_PHT69680.1_182	AtCg00700	86.0	7.87e-22	74.7	182	43	44	43
lcl|AYRZ02000010.1_prot_PHT69699.1_201	At3g25660	80.5	3.03e-218	604	1558	379	538	375
lcl|AYRZ02000010.1_prot_PHT69700.1_202	AtCg00890	90.7	5.78e-124	352	903	204	390	204
lcl|AYRZ02000010.1_prot_PHT69823.1_325	At5g45930	83.1	6.46e-223	613	1582	428	419	384
lcl|AYRZ02000010.1_prot_PHT69823.1_325	GRMZM2G419806_T03.CDS	81.5	1.17e-219	605	1561	428	423	394
lcl|AYRZ02000010.1_prot_PHT69823.1_325	GRMZM2G419806_T01.CDS	84.2	5.05e-219	605	1559	428	444	380
lcl|AYRZ02000010.1_prot_PHT69823.1_325	GRMZM2G419806_T02.CDS	84.2	8.99e-219	605	1559	428	460	380
lcl|AYRZ02000010.1_prot_PHT69886.1_388	AtCg01090	92.8	1.70e-101	286	731	175	173	166
lcl|AYRZ02000010.1_prot_PHT69892.1_394	AtCg00020	84.7	3.36e-214	584	1505	313	354	353
lcl|AYRZ02000010.1_prot_PHT69894.1_396	AtCg00020	96.6	7.26e-256	691	1783	353	354	353
lcl|AYRZ02000010.1_prot_PHT69913.1_415	At4g33510	82.6	6.80e-21	83.6	205	138	508	46
lcl|AYRZ02000010.1_prot_PHT69983.1_485	AtCg00220	100	6.97e-17	61.6	148	34	35	34
lcl|AYRZ02000010.1_prot_PHT70065.1_567	GRMZM2G016602_T04.CDS	86.3	1.43e-76	224	571	131	267	131
lcl|AYRZ02000010.1_prot_PHT70065.1_567	GRMZM2G016602_T03.CDS	86.3	1.07e-74	224	571	131	416	131
lcl|AYRZ02000010.1_prot_PHT70065.1_567	GRMZM2G016602_T01.CDS	86.3	1.07e-74	224	571	131	416	131
lcl|AYRZ02000010.1_prot_PHT70068.1_570	At1g03475	83.4	1.08e-224	615	1587	398	387	349
lcl|AYRZ02000010.1_prot_PHT70157.1_659	AtCg00270	88.1	1.36e-30	105	263	69	354	59
lcl|AYRZ02000010.1_prot_PHT70199.1_701	Potri.009G040200	98.0	0.0	885	2288	447	451	441
lcl|AYRZ02000010.1_prot_PHT70199.1_701	Potri.003G125400	98.0	0.0	882	2278	447	447	441
lcl|AYRZ02000010.1_prot_PHT70199.1_701	Potri.001G106100	97.5	0.0	881	2276	447	448	442
lcl|AYRZ02000010.1_prot_PHT70199.1_701	Potri.001G246900	98.2	0.0	879	2271	447	450	436
lcl|AYRZ02000010.1_prot_PHT70199.1_701	Potri.006G095000	95.7	0.0	872	2254	447	445	445
lcl|AYRZ02000010.1_prot_PHT70199.1_701	Potri.016G033200	95.7	0.0	872	2253	447	451	442
lcl|AYRZ02000010.1_prot_PHT70199.1_701	Potri.006G035400	96.4	0.0	870	2247	447	449	441
lcl|AYRZ02000010.1_prot_PHT70199.1_701	Potri.001G272800	94.8	0.0	869	2245	447	446	444
lcl|AYRZ02000010.1_prot_PHT70199.1_701	Potri.009G067200	95.5	0.0	868	2243	447	447	444
lcl|AYRZ02000010.1_prot_PHT70199.1_701	Potri.009G067100	94.8	0.0	865	2236	447	447	444
lcl|AYRZ02000010.1_prot_PHT70236.1_738	AtCg00280	82.7	5.21e-95	280	716	178	474	162
lcl|AYRZ02000010.1_prot_PHT70274.1_776	At3g60750	81.8	0.0	1212	3137	741	742	741
lcl|AYRZ02000010.1_prot_PHT70274.1_776	At2g45290	80.6	0.0	1202	3109	741	742	743
lcl|AYRZ02000010.1_prot_PHT70275.1_777	Potri.014G068400	81.5	3.48e-261	711	1835	430	432	432
lcl|AYRZ02000010.1_prot_PHT70275.1_777	Potri.002G146500	80.2	2.12e-256	699	1804	430	436	434
lcl|AYRZ02000010.1_prot_PHT70338.1_840	AtCg00120	88.1	2.22e-34	119	297	90	508	67
lcl|AYRZ02000010.1_prot_PHT70425.1_927	Potri.016G126600	80.0	1.17e-64	188	477	115	116	115
lcl|AYRZ02000010.1_prot_PHT70436.1_938	AtCg00220	100	6.97e-17	61.6	148	34	35	34
lcl|AYRZ02000010.1_prot_PHT70513.1_1015	Potri.016G120100	84.0	0.0	1048	2711	603	606	606
lcl|AYRZ02000010.1_prot_PHT70513.1_1015	Potri.006G102500	81.4	0.0	1017	2630	603	606	607
lcl|AYRZ02000010.1_prot_PHT70513.1_1015	Potri.011G064000	82.6	0.0	969	2504	603	594	562
lcl|AYRZ02000010.1_prot_PHT70513.1_1015	Potri.T102400	82.4	0.0	967	2501	603	594	562
lcl|AYRZ02000010.1_prot_PHT70513.1_1015	Potri.004G054100	81.2	0.0	964	2492	603	583	570
lcl|AYRZ02000010.1_prot_PHT70513.1_1015	Potri.T143400	81.9	1.01e-196	550	1418	603	322	321
lcl|AYRZ02000010.1_prot_PHT70540.1_1042	GRMZM2G162282_T01.CDS	81.4	6.89e-227	626	1614	439	464	365
lcl|AYRZ02000010.1_prot_PHT70633.1_1135	Potri.016G080500	85.6	1.12e-151	427	1097	266	436	243
lcl|AYRZ02000010.1_prot_PHT70633.1_1135	Potri.006G214000	85.6	7.43e-151	424	1091	266	430	243
lcl|AYRZ02000010.1_prot_PHT70648.1_1150	GRMZM2G155323_T01.CDS	81.5	2.57e-65	217	552	589	453	130
lcl|AYRZ02000010.1_prot_PHT70807.1_1309	Potri.009G040200	98.0	0.0	884	2284	446	451	441
lcl|AYRZ02000010.1_prot_PHT70807.1_1309	Potri.003G125400	98.2	0.0	881	2276	446	447	436
lcl|AYRZ02000010.1_prot_PHT70807.1_1309	Potri.001G106100	97.5	0.0	880	2275	446	448	443
lcl|AYRZ02000010.1_prot_PHT70807.1_1309	Potri.001G246900	98.2	0.0	879	2270	446	450	436
lcl|AYRZ02000010.1_prot_PHT70807.1_1309	Potri.016G033200	95.7	0.0	870	2249	446	451	442
lcl|AYRZ02000010.1_prot_PHT70807.1_1309	Potri.006G035400	96.6	0.0	868	2244	446	449	436
lcl|AYRZ02000010.1_prot_PHT70807.1_1309	Potri.006G095000	96.2	0.0	867	2239	446	445	442
lcl|AYRZ02000010.1_prot_PHT70807.1_1309	Potri.009G067200	95.0	0.0	866	2238	446	447	443
lcl|AYRZ02000010.1_prot_PHT70807.1_1309	Potri.001G272800	95.2	0.0	866	2238	446	446	442
lcl|AYRZ02000010.1_prot_PHT70807.1_1309	Potri.009G067100	95.2	8.47e-321	863	2231	446	447	442
lcl|AYRZ02000010.1_prot_PHT70843.1_1345	GRMZM2G162282_T01.CDS	85.5	2.63e-234	645	1663	441	464	365
lcl|AYRZ02000010.1_prot_PHT71019.1_1521	GRMZM2G155323_T01.CDS	83.6	1.01e-175	495	1275	429	453	292
lcl|AYRZ02000010.1_prot_PHT71135.1_1637	At2g45440	81.9	8.87e-210	575	1482	355	366	337
lcl|AYRZ02000010.1_prot_PHT71137.1_1639	AtCg00560	86.8	2.65e-18	65.5	158	38	39	38
lcl|AYRZ02000010.1_prot_PHT71149.1_1651	AtCg00440	87.5	8.08e-72	206	525	120	121	120
lcl|AYRZ02000010.1_prot_PHT71208.1_1710	At1g06820	86.7	0.0	912	2358	608	596	518
lcl|AYRZ02000010.1_prot_PHT71251.1_1753	At5g20980	80.8	0.0	1241	3210	779	813	767
lcl|AYRZ02000010.1_prot_PHT71312.1_1814	Potri.006G035400	99.1	0.0	894	2310	447	449	440
lcl|AYRZ02000010.1_prot_PHT71312.1_1814	Potri.016G033200	98.9	0.0	894	2309	447	451	440
lcl|AYRZ02000010.1_prot_PHT71312.1_1814	Potri.009G067200	98.6	0.0	892	2306	447	447	442
lcl|AYRZ02000010.1_prot_PHT71312.1_1814	Potri.009G067100	98.6	0.0	889	2296	447	447	440
lcl|AYRZ02000010.1_prot_PHT71312.1_1814	Potri.001G272800	97.5	0.0	879	2270	447	446	440
lcl|AYRZ02000010.1_prot_PHT71312.1_1814	Potri.003G125400	97.7	0.0	877	2267	447	447	440
lcl|AYRZ02000010.1_prot_PHT71312.1_1814	Potri.001G106100	97.3	0.0	875	2262	447	448	440
lcl|AYRZ02000010.1_prot_PHT71312.1_1814	Potri.009G040200	96.8	0.0	874	2258	447	451	440
lcl|AYRZ02000010.1_prot_PHT71312.1_1814	Potri.001G246900	96.6	0.0	870	2247	447	450	438
lcl|AYRZ02000010.1_prot_PHT71312.1_1814	Potri.015G038800	95.9	0.0	868	2244	447	445	439
lcl|AYRZ02000010.1_prot_PHT71379.1_1881	At3g57610	86.3	1.44e-281	768	1984	509	491	432
lcl|AYRZ02000010.1_prot_PHT71391.1_1893	At2g41680	83.4	5.83e-287	785	2027	540	530	469
lcl|AYRZ02000010.1_prot_PHT71405.1_1907	At4g34350	81.3	9.26e-74	224	572	161	467	128
lcl|AYRZ02000010.1_prot_PHT71462.1_1964	AT3G10230	81.8	2.24e-225	621	1601	501	370	369
lcl|AYRZ02000001.1_prot_PHT92180.1_62	Potri.003G143700	85.5	0.0	1296	3354	731	731	732
lcl|AYRZ02000001.1_prot_PHT92180.1_62	Potri.001G087400	85.5	0.0	1296	3353	731	731	731
lcl|AYRZ02000001.1_prot_PHT92251.1_133	At4g11010	88.8	2.25e-118	333	854	225	239	179
lcl|AYRZ02000001.1_prot_PHT92251.1_133	At4g23900	88.2	5.91e-116	327	838	225	238	178
lcl|AYRZ02000001.1_prot_PHT92344.1_226	At1g63970	84.0	3.31e-112	317	813	227	232	181
lcl|AYRZ02000001.1_prot_PHT92347.1_229	At1g63940	80.2	1.11e-286	781	2016	492	494	491
lcl|AYRZ02000001.1_prot_PHT92352.1_234	At3g20330	80.4	5.08e-189	530	1365	511	391	336
lcl|AYRZ02000001.1_prot_PHT92440.1_322	Potri.015G089600	84.6	2.62e-131	364	935	209	218	208
lcl|AYRZ02000001.1_prot_PHT92513.1_395	Potri.001G111700	85.9	1.15e-287	781	2016	462	465	447
lcl|AYRZ02000001.1_prot_PHT92513.1_395	Potri.003G120300	84.2	7.76e-286	776	2004	462	465	462
lcl|AYRZ02000001.1_prot_PHT92513.1_395	Potri.003G120400	88.0	2.22e-163	457	1177	462	255	251
lcl|AYRZ02000001.1_prot_PHT92516.1_398	Potri.003G120000	83.1	4.36e-189	518	1333	297	303	302
lcl|AYRZ02000001.1_prot_PHT92516.1_398	Potri.001G112000	82.5	1.77e-188	516	1329	297	303	302
lcl|AYRZ02000001.1_prot_PHT92516.1_398	Potri.011G103700	80.8	8.21e-170	483	1242	297	671	286
lcl|AYRZ02000001.1_prot_PHT92516.1_398	Potri.001G383500	80.4	2.67e-168	479	1232	297	671	286
lcl|AYRZ02000001.1_prot_PHT92612.1_494	At3g55010	83.6	1.30e-197	547	1410	404	390	329
lcl|AYRZ02000001.1_prot_PHT92616.1_498	Potri.002G146500	81.5	1.69e-173	483	1243	287	436	281
lcl|AYRZ02000001.1_prot_PHT92616.1_498	Potri.014G068400	81.1	3.44e-172	479	1234	287	432	281
lcl|AYRZ02000001.1_prot_PHT92616.1_498	Potri.003G114600	80.6	4.84e-168	469	1207	287	435	284
lcl|AYRZ02000001.1_prot_PHT92616.1_498	Potri.017G059100	80.6	1.19e-166	466	1200	287	457	278
lcl|AYRZ02000001.1_prot_PHT92616.1_498	Potri.001G320000	80.9	3.52e-166	465	1197	287	458	278
lcl|AYRZ02000001.1_prot_PHT92686.1_568	Potri.001G122400	85.1	4.40e-212	580	1495	350	351	350
lcl|AYRZ02000001.1_prot_PHT92686.1_568	Potri.003G111200	84.9	3.13e-163	453	1166	350	273	272
lcl|AYRZ02000001.1_prot_PHT92724.1_606	At3g14390	81.4	2.29e-289	786	2031	477	485	483
lcl|AYRZ02000001.1_prot_PHT92724.1_606	At5g11880	83.0	1.86e-287	782	2019	477	490	460
lcl|AYRZ02000001.1_prot_PHT92853.1_735	Potri.003G083600	83.2	1.07e-172	477	1227	304	311	279
lcl|AYRZ02000001.1_prot_PHT92932.1_814	At2g35390	83.7	7.13e-214	599	1545	656	404	355
lcl|AYRZ02000001.1_prot_PHT92932.1_814	At1g32380	84.0	1.04e-212	596	1537	656	401	351
lcl|AYRZ02000001.1_prot_PHT92935.1_817	At1g32440	81.1	3.55e-281	773	1997	573	572	487
lcl|AYRZ02000001.1_prot_PHT92966.1_848	Potri.001G143200	83.6	2.64e-282	765	1975	438	436	434
lcl|AYRZ02000001.1_prot_PHT92966.1_848	Potri.003G091100	84.3	7.56e-282	764	1972	438	436	433
lcl|AYRZ02000001.1_prot_PHT93013.1_895	Potri.003G094500	83.8	0.0	1479	3830	862	862	862
lcl|AYRZ02000001.1_prot_PHT93013.1_895	Potri.001G139500	80.7	0.0	1430	3701	862	863	864
lcl|AYRZ02000001.1_prot_PHT93078.1_960	AtCg00270	86.4	7.72e-36	119	299	70	354	66
lcl|AYRZ02000001.1_prot_PHT93081.1_963	GRMZM2G162529_T02.CDS	85.4	6.49e-252	686	1769	409	406	411
lcl|AYRZ02000001.1_prot_PHT93081.1_963	GRMZM2G026024_T01.CDS	84.6	7.83e-247	680	1754	409	583	415
lcl|AYRZ02000001.1_prot_PHT93081.1_963	At1g32060	82.8	1.76e-242	661	1706	409	396	402
lcl|AYRZ02000001.1_prot_PHT93081.1_963	GRMZM2G463280_T01.CDS	85.0	3.58e-213	587	1512	409	382	340
lcl|AYRZ02000001.1_prot_PHT93081.1_963	GRMZM2G463280_T02.CDS	84.9	4.96e-108	315	806	409	248	185
lcl|AYRZ02000001.1_prot_PHT93081.1_963	GRMZM2G162529_T01.CDS	88.9	1.75e-27	100	248	409	61	54
lcl|AYRZ02000001.1_prot_PHT93085.1_967	At3g57610	80.9	2.51e-17	81.6	200	737	491	47
lcl|AYRZ02000001.1_prot_PHT93336.1_1218	At2g35040	84.5	0.0	913	2360	543	597	537
lcl|AYRZ02000001.1_prot_PHT93378.1_1260	At1g69740	80.7	2.25e-249	681	1758	436	431	435
lcl|AYRZ02000001.1_prot_PHT93441.1_1323	AtCg00420	84.8	1.35e-104	292	748	158	159	158
lcl|AYRZ02000001.1_prot_PHT93442.1_1324	AtCg00470	81.1	5.80e-71	205	522	133	133	132
lcl|AYRZ02000001.1_prot_PHT93473.1_1355	At4g33510	81.9	3.10e-34	119	299	115	508	72
lcl|AYRZ02000001.1_prot_PHT93527.1_1409	At4g38970	84.3	1.35e-245	669	1727	411	399	413
lcl|AYRZ02000001.1_prot_PHT93527.1_1409	At2g21330	83.5	6.32e-242	660	1703	411	400	413
lcl|AYRZ02000001.1_prot_PHT93597.1_1479	Potri.014G068400	82.9	3.90e-269	731	1888	437	432	434
lcl|AYRZ02000001.1_prot_PHT93597.1_1479	Potri.002G146500	82.3	2.04e-265	722	1864	437	436	434
lcl|AYRZ02000001.1_prot_PHT93598.1_1480	At1g48860	82.4	1.19e-272	748	1930	521	522	455
lcl|AYRZ02000001.1_prot_PHT93600.1_1482	At4g08870	80.5	1.44e-203	558	1438	346	345	344
lcl|AYRZ02000001.1_prot_PHT93668.1_1550	At2g05990	94.4	3.55e-16	68.2	165	95	391	36
lcl|AYRZ02000001.1_prot_PHT93730.1_1612	At1g50480	86.9	0.0	1104	2855	623	635	634
lcl|AYRZ02000001.1_prot_PHT94087.1_1969	AtCg00220	100	6.97e-17	61.6	148	34	35	34
lcl|AYRZ02000001.1_prot_PHT94088.1_1970	AtCg00350	96.5	3.33e-76	237	604	149	751	113
lcl|AYRZ02000001.1_prot_PHT94092.1_1974	AtCg00350	84.0	2.94e-245	681	1758	389	751	419
lcl|AYRZ02000001.1_prot_PHT94093.1_1975	AtCg00340	83.5	0.0	999	2584	564	735	593
lcl|AYRZ02000001.1_prot_PHT94094.1_1976	AtCg00340	97.5	1.28e-78	241	616	118	735	118
lcl|AYRZ02000001.1_prot_PHT94102.1_1984	AtCg00140	95.1	3.98e-43	136	343	216	82	81
lcl|AYRZ02000001.1_prot_PHT94102.1_1984	AtCg00150	81.3	2.32e-11	57.8	138	216	250	32
lcl|AYRZ02000001.1_prot_PHT94106.1_1988	At5g64300	84.3	2.91e-239	659	1699	398	544	383
lcl|AYRZ02000001.1_prot_PHT94108.1_1990	AtCg01080	81.3	1.52e-96	273	699	176	177	176
lcl|AYRZ02000001.1_prot_PHT94109.1_1991	AtCg01090	92.8	1.70e-101	286	731	175	173	166
lcl|AYRZ02000001.1_prot_PHT94164.1_2046	AtCg00270	91.8	1.26e-25	92.0	227	56	354	49
lcl|AYRZ02000001.1_prot_PHT94277.1_2159	Potri.010G148100	81.0	2.65e-297	808	2087	500	497	500
lcl|AYRZ02000001.1_prot_PHT94277.1_2159	Potri.008G102800	81.0	2.52e-295	803	2074	500	497	500
lcl|AYRZ02000001.1_prot_PHT94329.1_2211	At1g23190	82.8	0.0	982	2538	583	584	581
lcl|AYRZ02000001.1_prot_PHT94329.1_2211	At1g70730	83.4	0.0	981	2535	583	663	585
lcl|AYRZ02000001.1_prot_PHT94386.1_2268	At3g20330	80.4	3.55e-71	219	558	243	391	138
lcl|AYRZ02000001.1_prot_PHT94397.1_2279	AtCg00130	80.3	5.78e-52	177	448	1211	185	117
lcl|AYRZ02000001.1_prot_PHT94397.1_2279	AtCg00140	86.1	9.94e-13	61.2	147	1211	82	36
lcl|AYRZ02000001.1_prot_PHT94398.1_2280	AtCg00120	85.7	1.61e-245	673	1737	403	508	426
lcl|AYRZ02000001.1_prot_PHT94399.1_2281	AtCg00080	100	5.96e-17	62.8	151	54	37	31
lcl|AYRZ02000001.1_prot_PHT94400.1_2282	AtCg00120	90.7	1.36e-121	350	898	204	508	204
lcl|AYRZ02000001.1_prot_PHT94401.1_2283	AtCg00120	85.7	6.09e-45	149	377	142	508	91
lcl|AYRZ02000001.1_prot_PHT94401.1_2283	AtCg00140	98.0	2.52e-26	91.3	225	142	82	51
lcl|AYRZ02000001.1_prot_PHT94403.1_2285	AtCg00490	84.6	9.56e-151	425	1093	248	480	241
lcl|AYRZ02000001.1_prot_PHT94403.1_2285	GRMZM2G360821_T01.CDS	83.0	5.86e-148	418	1075	248	484	241
lcl|AYRZ02000001.1_prot_PHT94403.1_2285	GRMZM2G385635_T01.CDS	83.0	5.86e-148	418	1075	248	484	241
lcl|AYRZ02000001.1_prot_PHT94403.1_2285	GRMZM2G448344_T01.CDS	83.0	5.86e-148	418	1075	248	484	241
lcl|AYRZ02000001.1_prot_PHT94403.1_2285	GRMZM5G815453_T01.CDS	83.0	5.86e-148	418	1075	248	484	241
lcl|AYRZ02000001.1_prot_PHT94405.1_2287	GRMZM2G062854_T01.CDS	81.3	4.16e-103	301	770	229	410	192
lcl|AYRZ02000001.1_prot_PHT94405.1_2287	GRMZM2G448142_T03.CDS	81.3	1.35e-102	301	770	229	449	192
lcl|AYRZ02000001.1_prot_PHT94405.1_2287	GRMZM2G448142_T02.CDS	81.3	1.35e-102	301	770	229	449	192
lcl|AYRZ02000001.1_prot_PHT94405.1_2287	AtCg00480	81.3	1.44e-102	302	774	229	499	192
lcl|AYRZ02000001.1_prot_PHT94405.1_2287	GRMZM2G385622_T01.CDS	81.3	5.77e-102	301	770	229	499	192
lcl|AYRZ02000001.1_prot_PHT94405.1_2287	GRMZM5G808402_T01.CDS	81.3	5.77e-102	301	770	229	499	192
lcl|AYRZ02000001.1_prot_PHT94405.1_2287	GRMZM2G448389_T01.CDS	80.7	2.31e-101	299	766	229	499	192
lcl|AYRZ02000001.1_prot_PHT94405.1_2287	AtCg00470	80.4	4.81e-19	76.6	187	229	133	51
lcl|AYRZ02000001.1_prot_PHT94406.1_2288	AtCg00420	89.2	4.26e-49	158	399	327	159	83
lcl|AYRZ02000001.1_prot_PHT94408.1_2290	AtCg00280	92.4	2.17e-87	258	660	132	474	132
lcl|AYRZ02000001.1_prot_PHT94409.1_2291	AtCg00270	92.8	2.16e-37	132	333	306	354	69
lcl|AYRZ02000001.1_prot_PHT94412.1_2294	AtCg00020	83.0	2.55e-149	416	1069	227	354	259
lcl|AYRZ02000001.1_prot_PHT94415.1_2297	AtCg00150	93.9	3.44e-157	432	1112	243	250	231
lcl|AYRZ02000001.1_prot_PHT94425.1_2307	Potri.004G189900	87.2	1.07e-259	704	1816	388	390	383
lcl|AYRZ02000001.1_prot_PHT94425.1_2307	Potri.009G150600	86.7	1.98e-255	693	1788	388	390	383
lcl|AYRZ02000001.1_prot_PHT94551.1_2433	AtCg00140	80.6	1.14e-11	51.2	121	70	82	31
lcl|AYRZ02000001.1_prot_PHT94554.1_2436	AtCg00280	95.9	8.69e-233	636	1640	317	474	317
lcl|AYRZ02000001.1_prot_PHT94555.1_2437	AtCg00270	98.9	2.29e-268	723	1865	353	354	353
lcl|AYRZ02000001.1_prot_PHT94558.1_2440	AtCg00430	88.1	6.57e-57	181	460	361	226	101
lcl|AYRZ02000001.1_prot_PHT94558.1_2440	GRMZM2G448142_T01.CDS	87.1	3.10e-56	181	458	361	255	101
lcl|AYRZ02000001.1_prot_PHT94558.1_2440	AtCg00420	82.1	4.95e-42	140	354	361	159	78
lcl|AYRZ02000001.1_prot_PHT94636.1_2518	AtCg00020	95.8	2.65e-198	560	1443	717	354	287
lcl|AYRZ02000001.1_prot_PHT94638.1_2520	AtCg00080	94.4	3.73e-18	65.9	159	55	37	36
lcl|AYRZ02000001.1_prot_PHT94639.1_2521	AtCg00120	84.0	7.23e-264	724	1870	514	508	470
lcl|AYRZ02000001.1_prot_PHT94645.1_2527	AtCg00280	90.2	0.0	879	2271	489	474	479
lcl|AYRZ02000001.1_prot_PHT94646.1_2528	AtCg00340	90.2	0.0	1373	3553	717	735	734
lcl|AYRZ02000001.1_prot_PHT94647.1_2529	AtCg00480	82.1	1.30e-283	772	1993	462	499	498
lcl|AYRZ02000001.1_prot_PHT94647.1_2529	GRMZM2G385622_T01.CDS	80.3	6.83e-279	760	1962	462	499	498
lcl|AYRZ02000001.1_prot_PHT94647.1_2529	GRMZM5G808402_T01.CDS	80.3	6.83e-279	760	1962	462	499	498
lcl|AYRZ02000001.1_prot_PHT94647.1_2529	GRMZM2G448389_T01.CDS	80.1	2.78e-278	758	1958	462	499	498
lcl|AYRZ02000001.1_prot_PHT94647.1_2529	GRMZM2G448142_T03.CDS	81.8	1.64e-201	562	1448	462	449	368
lcl|AYRZ02000001.1_prot_PHT94647.1_2529	GRMZM2G448142_T02.CDS	81.8	1.64e-201	562	1448	462	449	368
lcl|AYRZ02000001.1_prot_PHT94648.1_2530	AtCg00420	89.9	1.07e-110	308	788	158	159	158
lcl|AYRZ02000001.1_prot_PHT94649.1_2531	GRMZM2G448142_T01.CDS	81.3	4.53e-144	401	1031	284	255	256
lcl|AYRZ02000001.1_prot_PHT94649.1_2531	AtCg00430	89.3	4.60e-144	400	1028	284	226	225
lcl|AYRZ02000001.1_prot_PHT94650.1_2532	AtCg00480	93.0	0.0	894	2309	498	499	498
lcl|AYRZ02000001.1_prot_PHT94650.1_2532	GRMZM2G385622_T01.CDS	91.4	0.0	885	2286	498	499	498
lcl|AYRZ02000001.1_prot_PHT94650.1_2532	GRMZM5G808402_T01.CDS	91.4	0.0	885	2286	498	499	498
lcl|AYRZ02000001.1_prot_PHT94650.1_2532	GRMZM2G448389_T01.CDS	91.2	0.0	883	2282	498	499	498
lcl|AYRZ02000001.1_prot_PHT94650.1_2532	GRMZM2G062854_T01.CDS	91.0	6.23e-267	728	1878	498	410	409
lcl|AYRZ02000001.1_prot_PHT94650.1_2532	GRMZM2G448142_T03.CDS	95.7	7.99e-247	678	1750	498	449	368
lcl|AYRZ02000001.1_prot_PHT94650.1_2532	GRMZM2G448142_T02.CDS	95.7	7.99e-247	678	1750	498	449	368
lcl|AYRZ02000001.1_prot_PHT94654.1_2536	AtCg00680	80.3	7.68e-300	812	2097	430	509	507
lcl|AYRZ02000001.1_prot_PHT94655.1_2537	AtCg00710	91.8	9.72e-44	132	332	79	74	73
lcl|AYRZ02000001.1_prot_PHT94733.1_2615	AtCg00120	90.6	1.38e-44	146	368	87	508	85
lcl|AYRZ02000001.1_prot_PHT94734.1_2616	AtCg00120	90.8	6.89e-55	174	440	98	508	98
lcl|AYRZ02000001.1_prot_PHT94735.1_2617	AtCg00080	100	2.42e-20	70.5	171	36	37	36
lcl|AYRZ02000001.1_prot_PHT94759.1_2641	GRMZM2G039396_T01.CDS	80.2	7.68e-167	474	1221	395	538	293
lcl|AYRZ02000001.1_prot_PHT94769.1_2651	At5g12040	81.4	1.42e-142	402	1032	278	370	237
lcl|AYRZ02000001.1_prot_PHT94932.1_2814	At5g35630	85.9	1.29e-277	753	1943	432	431	432
lcl|AYRZ02000001.1_prot_PHT94976.1_2858	At4g15530	83.9	0.0	1485	3844	965	964	889
lcl|AYRZ02000001.1_prot_PHT95029.1_2911	At4g15560	86.4	0.0	1187	3070	713	718	683
lcl|AYRZ02000001.1_prot_PHT95095.1_2977	AtCg00430	90.5	8.49e-110	308	790	169	226	169
lcl|AYRZ02000001.1_prot_PHT95095.1_2977	GRMZM2G448142_T01.CDS	88.5	6.91e-104	295	754	169	255	165
lcl|AYRZ02000001.1_prot_PHT95096.1_2978	AtCg00470	86.3	2.13e-52	168	426	425	133	102
lcl|AYRZ02000001.1_prot_PHT95097.1_2979	AtCg00490	87.7	1.63e-136	387	995	212	480	211
lcl|AYRZ02000001.1_prot_PHT95097.1_2979	GRMZM2G360821_T01.CDS	84.4	1.85e-131	375	962	212	484	211
lcl|AYRZ02000001.1_prot_PHT95097.1_2979	GRMZM2G385635_T01.CDS	84.4	1.85e-131	375	962	212	484	211
lcl|AYRZ02000001.1_prot_PHT95097.1_2979	GRMZM2G448344_T01.CDS	84.4	1.85e-131	375	962	212	484	211
lcl|AYRZ02000001.1_prot_PHT95097.1_2979	GRMZM5G815453_T01.CDS	84.4	1.85e-131	375	962	212	484	211
lcl|AYRZ02000001.1_prot_PHT95101.1_2983	AtCg00680	84.8	1.68e-292	793	2048	423	509	446
lcl|AYRZ02000001.1_prot_PHT95102.1_2984	AtCg00710	80.8	1.23e-37	117	292	79	74	73
lcl|AYRZ02000001.1_prot_PHT95134.1_3016	At2g44350	85.4	4.96e-305	825	2132	470	475	471
lcl|AYRZ02000001.1_prot_PHT95135.1_3017	At1g70730	85.0	0.0	996	2574	583	663	585
lcl|AYRZ02000001.1_prot_PHT95135.1_3017	At1g23190	83.7	0.0	993	2567	583	584	583
lcl|AYRZ02000001.1_prot_PHT95211.1_3093	GRMZM2G460396_T01.CDS	86.4	0.0	1388	3592	1554	991	913
lcl|AYRZ02000001.1_prot_PHT95482.1_3364	At2g30200	80.1	3.44e-198	548	1412	384	394	366
lcl|AYRZ02000001.1_prot_PHT95550.1_3432	At2g34590	85.0	2.51e-249	679	1752	408	407	408
lcl|AYRZ02000001.1_prot_PHT95550.1_3432	At1g30120	82.4	1.99e-239	654	1687	408	407	410
lcl|AYRZ02000001.1_prot_PHT95555.1_3437	AtCg00080	94.4	1.16e-18	66.2	160	36	37	36
lcl|AYRZ02000001.1_prot_PHT95623.1_3505	AtCg00500	86.4	2.15e-62	194	493	125	489	118
lcl|AYRZ02000001.1_prot_PHT95658.1_3540	At1g30380	86.9	3.29e-78	223	569	130	131	130
lcl|AYRZ02000001.1_prot_PHT95692.1_3574	At1g74960	93.9	8.38e-16	72.0	175	228	542	33
lcl|AYRZ02000001.1_prot_PHT95692.1_3574	At5g46290	81.8	2.23e-11	58.9	141	228	490	33
lcl|AYRZ02000001.1_prot_PHT95744.1_3626	Potri.017G059400	82.4	1.05e-40	136	342	101	486	85
lcl|AYRZ02000001.1_prot_PHT95744.1_3626	Potri.001G320500	81.2	1.46e-40	135	341	101	486	85
lcl|AYRZ02000001.1_prot_PHT95904.1_3786	AtCg00120	88.5	1.66e-06	46.6	109	525	508	26
lcl|AYRZ02000001.1_prot_PHT95994.1_3876	Potri.003G111200	82.4	2.72e-156	435	1118	328	273	267
lcl|AYRZ02000001.1_prot_PHT96056.1_3938	At4g23900	80.2	2.50e-131	366	940	234	238	237
lcl|AYRZ02000001.1_prot_PHT96124.1_4006	Potri.003G120300	85.3	1.09e-292	793	2049	462	465	462
lcl|AYRZ02000001.1_prot_PHT96124.1_4006	Potri.001G111700	85.3	2.19e-292	793	2047	462	465	462
lcl|AYRZ02000001.1_prot_PHT96124.1_4006	Potri.003G120400	88.8	4.74e-165	462	1188	462	255	251
lcl|AYRZ02000001.1_prot_PHT96152.1_4034	AT2G35370	80.5	2.32e-90	257	656	165	165	164
lcl|AYRZ02000001.1_prot_PHT96152.1_4034	At2g35370	80.5	2.40e-90	257	656	165	166	164
lcl|AYRZ02000004.1_prot_PHT82618.1_5	At3g22890	83.8	1.12e-266	726	1874	426	464	413
lcl|AYRZ02000004.1_prot_PHT82618.1_5	At5g43780	80.8	7.40e-255	696	1797	426	470	416
lcl|AYRZ02000004.1_prot_PHT82620.1_7	At3g22890	86.3	3.08e-133	378	971	204	464	204
lcl|AYRZ02000004.1_prot_PHT82620.1_7	GRMZM2G051270_T01.CDS	84.7	5.65e-127	363	932	204	490	203
lcl|AYRZ02000004.1_prot_PHT82620.1_7	GRMZM2G149952_T01.CDS	84.2	7.52e-127	363	931	204	488	203
lcl|AYRZ02000004.1_prot_PHT82620.1_7	At5g43780	85.2	2.45e-126	361	926	204	470	203
lcl|AYRZ02000004.1_prot_PHT82620.1_7	GRMZM2G158147_T01.CDS	81.9	2.23e-123	353	907	204	476	204
lcl|AYRZ02000004.1_prot_PHT82620.1_7	At1g19920	80.4	2.26e-118	341	874	204	477	194
lcl|AYRZ02000004.1_prot_PHT82620.1_7	At4g14680	86.2	3.36e-104	306	783	204	511	167
lcl|AYRZ02000004.1_prot_PHT82672.1_59	GRMZM2G010044_T04.CDS	83.5	7.77e-303	823	2127	527	503	472
lcl|AYRZ02000004.1_prot_PHT82672.1_59	GRMZM2G010044_T03.CDS	83.5	8.38e-303	823	2127	527	505	472
lcl|AYRZ02000004.1_prot_PHT82672.1_59	GRMZM2G010044_T01.CDS	83.5	8.70e-303	823	2127	527	506	472
lcl|AYRZ02000004.1_prot_PHT83131.1_518	At3g63520	81.5	4.11e-10	49.7	117	66	539	27
lcl|AYRZ02000004.1_prot_PHT83231.1_618	Potri.005G139800	81.9	0.0	944	2440	567	560	557
lcl|AYRZ02000004.1_prot_PHT83231.1_618	Potri.007G045400	80.6	0.0	931	2405	567	560	557
lcl|AYRZ02000004.1_prot_PHT83274.1_661	At2g45440	81.3	3.22e-209	574	1479	361	366	337
lcl|AYRZ02000004.1_prot_PHT83321.1_708	AtCg01100	81.2	2.22e-78	234	597	183	361	154
lcl|AYRZ02000004.1_prot_PHT83369.1_756	AtCg01090	92.8	6.09e-102	286	733	167	173	166
lcl|AYRZ02000004.1_prot_PHT83370.1_757	AtCg01080	81.3	1.52e-96	273	699	176	177	176
lcl|AYRZ02000004.1_prot_PHT83371.1_758	AtCg01070	92.0	7.28e-57	167	423	101	102	100
lcl|AYRZ02000004.1_prot_PHT83372.1_759	AtCg01060	100	1.38e-45	137	345	81	82	81
lcl|AYRZ02000004.1_prot_PHT83466.1_853	Potri.006G020900	81.6	6.94e-64	207	527	338	515	125
lcl|AYRZ02000004.1_prot_PHT83466.1_853	Potri.016G018500	80.0	4.00e-62	202	515	338	515	125
lcl|AYRZ02000004.1_prot_PHT83523.1_910	AtCg00570	97.4	6.30e-24	79.7	195	39	40	39
lcl|AYRZ02000004.1_prot_PHT83524.1_911	AtCg00580	98.8	1.20e-58	170	431	83	84	83
lcl|AYRZ02000004.1_prot_PHT83612.1_999	AtCg00470	89.2	1.72e-78	225	573	147	133	130
lcl|AYRZ02000004.1_prot_PHT83664.1_1051	AtCg00350	80.5	1.95e-90	288	738	504	751	169
lcl|AYRZ02000004.1_prot_PHT83664.1_1051	GRMZM2G062854_T01.CDS	81.2	5.11e-28	112	279	504	410	69
lcl|AYRZ02000004.1_prot_PHT83664.1_1051	GRMZM2G448142_T03.CDS	81.2	7.93e-28	112	279	504	449	69
lcl|AYRZ02000004.1_prot_PHT83664.1_1051	GRMZM2G448142_T02.CDS	81.2	7.93e-28	112	279	504	449	69
lcl|AYRZ02000004.1_prot_PHT83664.1_1051	AtCg00480	81.2	1.23e-27	112	279	504	499	69
lcl|AYRZ02000004.1_prot_PHT83664.1_1051	GRMZM2G385622_T01.CDS	81.2	1.23e-27	112	279	504	499	69
lcl|AYRZ02000004.1_prot_PHT83664.1_1051	GRMZM2G448389_T01.CDS	81.2	1.23e-27	112	279	504	499	69
lcl|AYRZ02000004.1_prot_PHT83664.1_1051	GRMZM5G808402_T01.CDS	81.2	1.23e-27	112	279	504	499	69
lcl|AYRZ02000004.1_prot_PHT83776.1_1163	Potri.005G183200	94.7	1.14e-06	42.7	99	623	67	19
lcl|AYRZ02000004.1_prot_PHT83778.1_1165	At4g37925	81.3	2.26e-78	230	587	208	218	134
lcl|AYRZ02000004.1_prot_PHT83823.1_1210	At3g48560	80.5	0.0	999	2582	653	671	611
lcl|AYRZ02000004.1_prot_PHT83895.1_1282	AtCg00500	83.9	2.55e-60	189	479	125	489	118
lcl|AYRZ02000004.1_prot_PHT83898.1_1285	AtCg00490	89.4	6.84e-64	198	503	129	480	104
lcl|AYRZ02000004.1_prot_PHT83898.1_1285	GRMZM2G360821_T01.CDS	83.7	1.62e-58	184	467	129	484	104
lcl|AYRZ02000004.1_prot_PHT83898.1_1285	GRMZM2G385635_T01.CDS	83.7	1.62e-58	184	467	129	484	104
lcl|AYRZ02000004.1_prot_PHT83898.1_1285	GRMZM2G448344_T01.CDS	83.7	1.62e-58	184	467	129	484	104
lcl|AYRZ02000004.1_prot_PHT83898.1_1285	GRMZM5G815453_T01.CDS	83.7	1.62e-58	184	467	129	484	104
lcl|AYRZ02000004.1_prot_PHT83949.1_1336	Potri.002G069800	86.9	4.15e-280	760	1963	433	464	412
lcl|AYRZ02000004.1_prot_PHT83949.1_1336	Potri.005G190500	85.7	5.11e-280	761	1964	433	479	413
lcl|AYRZ02000004.1_prot_PHT84063.1_1450	AtCg00280	93.0	1.70e-158	444	1142	235	474	230
lcl|AYRZ02000004.1_prot_PHT84065.1_1452	AtCg00350	98.0	0.0	1523	3943	750	751	750
lcl|AYRZ02000004.1_prot_PHT84067.1_1454	AtCg00420	85.4	3.32e-105	294	752	158	159	158
lcl|AYRZ02000004.1_prot_PHT84068.1_1455	AtCg00470	87.1	1.33e-76	219	559	133	133	132
lcl|AYRZ02000004.1_prot_PHT84069.1_1456	AtCg00490	84.2	5.53e-276	761	1964	674	480	448
lcl|AYRZ02000004.1_prot_PHT84069.1_1456	GRMZM2G360821_T01.CDS	83.3	1.05e-274	758	1956	674	484	448
lcl|AYRZ02000004.1_prot_PHT84069.1_1456	GRMZM2G385635_T01.CDS	83.3	1.05e-274	758	1956	674	484	448
lcl|AYRZ02000004.1_prot_PHT84069.1_1456	GRMZM2G448344_T01.CDS	83.3	1.05e-274	758	1956	674	484	448
lcl|AYRZ02000004.1_prot_PHT84069.1_1456	GRMZM5G815453_T01.CDS	83.3	1.05e-274	758	1956	674	484	448
lcl|AYRZ02000004.1_prot_PHT84072.1_1459	AtCg00580	98.8	1.70e-58	170	430	83	84	83
lcl|AYRZ02000004.1_prot_PHT84180.1_1567	At1g22170	81.5	3.32e-139	390	1002	239	335	227
lcl|AYRZ02000004.1_prot_PHT84256.1_1643	At1g22410	93.4	3.40e-279	759	1960	400	528	395
lcl|AYRZ02000004.1_prot_PHT84256.1_1643	At4g33510	89.3	2.46e-267	728	1880	400	508	394
lcl|AYRZ02000004.1_prot_PHT84256.1_1643	At4g39980	86.6	1.67e-260	712	1837	400	526	397
lcl|AYRZ02000004.1_prot_PHT84415.1_1802	At1g58290	83.1	2.09e-277	761	1965	534	544	486
lcl|AYRZ02000004.1_prot_PHT84415.1_1802	At1g09940	80.5	4.86e-261	719	1856	534	531	481
lcl|AYRZ02000004.1_prot_PHT84537.1_1924	AtCg00020	89.4	9.25e-111	323	829	356	354	179
lcl|AYRZ02000004.1_prot_PHT84592.1_1979	Potri.014G022900	86.0	3.63e-204	558	1438	326	329	328
lcl|AYRZ02000004.1_prot_PHT84592.1_1979	Potri.002G122900	82.6	2.37e-193	531	1367	326	329	328
lcl|AYRZ02000004.1_prot_PHT84930.1_2317	At2g20260	90.4	5.33e-29	99.8	247	134	146	52
lcl|AYRZ02000004.1_prot_PHT84930.1_2317	At4g28750	86.3	3.25e-27	95.1	235	134	144	51
lcl|AYRZ02000004.1_prot_PHT84956.1_2343	Potri.005G239900	95.0	8.42e-321	863	2231	450	450	442
lcl|AYRZ02000004.1_prot_PHT84956.1_2343	Potri.001G464400	95.9	6.79e-320	861	2224	450	446	435
lcl|AYRZ02000004.1_prot_PHT84956.1_2343	Potri.002G021800	94.8	1.18e-319	860	2223	450	450	442
lcl|AYRZ02000004.1_prot_PHT84956.1_2343	Potri.009G067200	93.5	2.12e-319	860	2221	450	447	445
lcl|AYRZ02000004.1_prot_PHT84956.1_2343	Potri.006G035400	94.1	1.32e-318	858	2216	450	449	442
lcl|AYRZ02000004.1_prot_PHT84956.1_2343	Potri.015G038800	94.1	1.62e-318	857	2215	450	445	442
lcl|AYRZ02000004.1_prot_PHT84956.1_2343	Potri.012G047600	93.9	1.62e-318	857	2215	450	445	441
lcl|AYRZ02000004.1_prot_PHT84956.1_2343	Potri.016G033200	93.7	2.03e-318	857	2215	450	451	442
lcl|AYRZ02000004.1_prot_PHT84956.1_2343	Potri.009G040200	92.9	2.88e-318	857	2214	450	451	448
lcl|AYRZ02000004.1_prot_PHT84956.1_2343	Potri.009G067100	93.9	3.52e-318	857	2213	450	447	442
lcl|AYRZ02000004.1_prot_PHT84991.1_2378	Potri.008G102800	83.0	2.88e-75	228	582	142	497	141
lcl|AYRZ02000004.1_prot_PHT84991.1_2378	Potri.010G148100	80.9	1.27e-73	224	571	142	497	141
lcl|AYRZ02000004.1_prot_PHT84992.1_2379	Potri.010G148100	90.6	9.99e-87	258	659	146	497	138
lcl|AYRZ02000004.1_prot_PHT84992.1_2379	Potri.008G102800	88.4	8.91e-85	253	646	146	497	138
lcl|AYRZ02000004.1_prot_PHT85004.1_2391	Q9FPK5	87.1	2.42e-281	762	1967	427	432	434
lcl|AYRZ02000004.1_prot_PHT85008.1_2395	Potri.002G014366	81.3	6.31e-72	226	575	600	190	128
lcl|AYRZ02000004.1_prot_PHT85030.1_2417	GRMZM2G126361_T02.CDS	91.1	0.0	1061	2744	710	689	610
lcl|AYRZ02000004.1_prot_PHT85030.1_2417	GRMZM2G126361_T03.CDS	91.1	0.0	1061	2744	710	689	610
lcl|AYRZ02000004.1_prot_PHT85030.1_2417	GRMZM2G126361_T01.CDS	85.6	6.66e-148	432	1111	710	379	270
lcl|AYRZ02000006.1_prot_PHT77625.1_51	AtCg00490	84.5	5.65e-32	113	283	121	480	58
lcl|AYRZ02000006.1_prot_PHT77625.1_51	GRMZM2G360821_T01.CDS	86.2	1.12e-31	112	281	121	484	58
lcl|AYRZ02000006.1_prot_PHT77625.1_51	GRMZM2G385635_T01.CDS	86.2	1.12e-31	112	281	121	484	58
lcl|AYRZ02000006.1_prot_PHT77625.1_51	GRMZM2G448344_T01.CDS	86.2	1.12e-31	112	281	121	484	58
lcl|AYRZ02000006.1_prot_PHT77625.1_51	GRMZM5G815453_T01.CDS	86.2	1.12e-31	112	281	121	484	58
lcl|AYRZ02000006.1_prot_PHT77626.1_52	AtCg00470	80.0	1.08e-53	160	406	110	133	110
lcl|AYRZ02000006.1_prot_PHT77627.1_53	GRMZM2G062854_T01.CDS	92.1	3.50e-150	423	1088	296	410	239
lcl|AYRZ02000006.1_prot_PHT77627.1_53	AtCg00480	92.5	4.16e-150	426	1096	296	499	239
lcl|AYRZ02000006.1_prot_PHT77627.1_53	GRMZM2G448142_T03.CDS	92.1	1.30e-149	423	1088	296	449	239
lcl|AYRZ02000006.1_prot_PHT77627.1_53	GRMZM2G448142_T02.CDS	92.1	1.30e-149	423	1088	296	449	239
lcl|AYRZ02000006.1_prot_PHT77627.1_53	GRMZM2G385622_T01.CDS	92.1	6.79e-149	423	1088	296	499	239
lcl|AYRZ02000006.1_prot_PHT77627.1_53	GRMZM5G808402_T01.CDS	92.1	6.79e-149	423	1088	296	499	239
lcl|AYRZ02000006.1_prot_PHT77627.1_53	GRMZM2G448389_T01.CDS	91.6	2.74e-148	422	1084	296	499	239
lcl|AYRZ02000006.1_prot_PHT77631.1_57	AtCg00500	83.9	4.64e-61	191	484	125	489	118
lcl|AYRZ02000006.1_prot_PHT77863.1_289	AtCg00070	80.3	2.99e-29	94.7	234	61	62	61
lcl|AYRZ02000006.1_prot_PHT77864.1_290	AtCg00080	100	2.42e-20	70.5	171	36	37	36
lcl|AYRZ02000006.1_prot_PHT78013.1_439	AtCg01060	100	1.38e-45	137	345	81	82	81
lcl|AYRZ02000006.1_prot_PHT78014.1_440	AtCg01070	92.0	7.28e-57	167	423	101	102	100
lcl|AYRZ02000006.1_prot_PHT78015.1_441	AtCg01080	81.3	1.52e-96	273	699	176	177	176
lcl|AYRZ02000006.1_prot_PHT78018.1_444	AtCg01060	100	1.38e-45	137	345	81	82	81
lcl|AYRZ02000006.1_prot_PHT78019.1_445	AtCg01090	92.8	6.09e-102	286	733	167	173	166
lcl|AYRZ02000006.1_prot_PHT78020.1_446	AtCg01100	85.7	2.47e-217	594	1532	363	361	363
lcl|AYRZ02000006.1_prot_PHT78024.1_450	AtCg00680	86.2	0.0	896	2315	474	509	507
lcl|AYRZ02000006.1_prot_PHT78028.1_454	AtCg00680	85.7	3.48e-278	761	1965	521	509	435
lcl|AYRZ02000006.1_prot_PHT78029.1_455	AtCg00680	94.4	3.35e-05	42.7	99	623	509	18
lcl|AYRZ02000006.1_prot_PHT78030.1_456	AtCg00490	93.1	0.0	919	2376	484	480	476
lcl|AYRZ02000006.1_prot_PHT78030.1_456	GRMZM2G360821_T01.CDS	91.1	0.0	915	2366	484	484	483
lcl|AYRZ02000006.1_prot_PHT78030.1_456	GRMZM2G385635_T01.CDS	91.1	0.0	915	2366	484	484	483
lcl|AYRZ02000006.1_prot_PHT78030.1_456	GRMZM2G448344_T01.CDS	91.1	0.0	915	2366	484	484	483
lcl|AYRZ02000006.1_prot_PHT78030.1_456	GRMZM5G815453_T01.CDS	91.1	0.0	915	2366	484	484	483
lcl|AYRZ02000006.1_prot_PHT78031.1_457	GRMZM2G448142_T03.CDS	82.7	1.36e-256	702	1813	487	449	457
lcl|AYRZ02000006.1_prot_PHT78031.1_457	GRMZM2G448142_T02.CDS	82.7	1.36e-256	702	1813	487	449	457
lcl|AYRZ02000006.1_prot_PHT78031.1_457	AtCg00480	86.2	3.04e-237	655	1691	487	499	399
lcl|AYRZ02000006.1_prot_PHT78031.1_457	GRMZM2G385622_T01.CDS	86.5	2.49e-236	653	1685	487	499	399
lcl|AYRZ02000006.1_prot_PHT78031.1_457	GRMZM5G808402_T01.CDS	86.5	2.49e-236	653	1685	487	499	399
lcl|AYRZ02000006.1_prot_PHT78031.1_457	GRMZM2G448389_T01.CDS	86.2	1.01e-235	652	1681	487	499	399
lcl|AYRZ02000006.1_prot_PHT78031.1_457	GRMZM2G062854_T01.CDS	92.4	7.22e-214	593	1528	487	410	331
lcl|AYRZ02000006.1_prot_PHT78031.1_457	AtCg00470	81.3	9.55e-59	186	473	487	133	123
lcl|AYRZ02000006.1_prot_PHT78033.1_459	AtCg00350	91.6	0.0	1409	3647	710	751	750
lcl|AYRZ02000006.1_prot_PHT78035.1_461	AtCg00280	97.9	0.0	968	2502	473	474	473
lcl|AYRZ02000006.1_prot_PHT78036.1_462	AtCg00270	96.7	5.79e-175	486	1250	337	354	245
lcl|AYRZ02000006.1_prot_PHT78036.1_462	AtCg00280	97.5	2.54e-19	84.7	208	337	474	40
lcl|AYRZ02000006.1_prot_PHT78038.1_464	AtCg00080	100	2.24e-19	68.9	167	55	37	33
lcl|AYRZ02000006.1_prot_PHT78168.1_594	Potri.003G125400	96.2	0.0	871	2251	445	447	445
lcl|AYRZ02000006.1_prot_PHT78168.1_594	Potri.001G106100	95.7	0.0	871	2250	445	448	445
lcl|AYRZ02000006.1_prot_PHT78168.1_594	Potri.009G040200	96.1	0.0	868	2244	445	451	441
lcl|AYRZ02000006.1_prot_PHT78168.1_594	Potri.001G246900	96.1	0.0	867	2241	445	450	438
lcl|AYRZ02000006.1_prot_PHT78168.1_594	Potri.006G095000	94.6	4.26e-320	861	2225	445	445	445
lcl|AYRZ02000006.1_prot_PHT78168.1_594	Potri.009G067200	95.0	3.47e-319	859	2219	445	447	441
lcl|AYRZ02000006.1_prot_PHT78168.1_594	Potri.001G272800	94.8	9.68e-319	858	2216	445	446	441
lcl|AYRZ02000006.1_prot_PHT78168.1_594	Potri.016G033200	94.6	3.35e-318	857	2213	445	451	441
lcl|AYRZ02000006.1_prot_PHT78168.1_594	Potri.006G035400	95.0	4.41e-318	856	2212	445	449	440
lcl|AYRZ02000006.1_prot_PHT78168.1_594	Potri.009G067100	94.8	5.80e-318	856	2211	445	447	441
lcl|AYRZ02000006.1_prot_PHT78175.1_601	At2g29630	81.7	0.0	1079	2790	625	645	645
lcl|AYRZ02000006.1_prot_PHT78187.1_613	GRMZM2G087598_T02.CDS	81.8	5.91e-06	40.4	93	806	47	22
lcl|AYRZ02000006.1_prot_PHT78208.1_634	AtCg00340	93.1	2.65e-138	401	1030	224	735	202
lcl|AYRZ02000006.1_prot_PHT78209.1_635	AtCg00350	98.0	0.0	1523	3943	750	751	750
lcl|AYRZ02000006.1_prot_PHT78262.1_688	AtCg00080	94.4	9.88e-20	68.9	167	36	37	36
lcl|AYRZ02000006.1_prot_PHT78323.1_749	AtCg00490	84.6	4.38e-19	74.3	181	51	480	39
lcl|AYRZ02000006.1_prot_PHT78323.1_749	GRMZM2G360821_T01.CDS	84.6	4.38e-19	74.3	181	51	484	39
lcl|AYRZ02000006.1_prot_PHT78323.1_749	GRMZM2G385635_T01.CDS	84.6	4.38e-19	74.3	181	51	484	39
lcl|AYRZ02000006.1_prot_PHT78323.1_749	GRMZM2G448344_T01.CDS	84.6	4.38e-19	74.3	181	51	484	39
lcl|AYRZ02000006.1_prot_PHT78323.1_749	GRMZM5G815453_T01.CDS	84.6	4.38e-19	74.3	181	51	484	39
lcl|AYRZ02000006.1_prot_PHT78347.1_773	At2g40690	84.7	9.92e-220	608	1569	499	421	378
lcl|AYRZ02000006.1_prot_PHT78347.1_773	GRMZM2G063258_T03.CDS	80.2	2.18e-201	562	1449	499	428	364
lcl|AYRZ02000006.1_prot_PHT78347.1_773	GRMZM2G063258_T04.CDS	85.8	1.32e-139	399	1024	499	255	247
lcl|AYRZ02000006.1_prot_PHT78354.1_780	Potri.009G040200	97.3	0.0	879	2270	446	451	442
lcl|AYRZ02000006.1_prot_PHT78354.1_780	Potri.001G106100	97.5	0.0	878	2269	446	448	442
lcl|AYRZ02000006.1_prot_PHT78354.1_780	Potri.003G125400	97.7	0.0	877	2267	446	447	441
lcl|AYRZ02000006.1_prot_PHT78354.1_780	Potri.001G246900	96.8	0.0	870	2249	446	450	439
lcl|AYRZ02000006.1_prot_PHT78354.1_780	Potri.016G033200	95.7	0.0	868	2242	446	451	444
lcl|AYRZ02000006.1_prot_PHT78354.1_780	Potri.009G067200	96.2	0.0	866	2238	446	447	442
lcl|AYRZ02000006.1_prot_PHT78354.1_780	Potri.001G272800	95.1	0.0	866	2238	446	446	446
lcl|AYRZ02000006.1_prot_PHT78354.1_780	Potri.006G035400	96.4	0.0	866	2237	446	449	441
lcl|AYRZ02000006.1_prot_PHT78354.1_780	Potri.006G095000	95.9	0.0	865	2236	446	445	442
lcl|AYRZ02000006.1_prot_PHT78354.1_780	Potri.009G067100	95.5	0.0	865	2234	446	447	445
lcl|AYRZ02000006.1_prot_PHT78426.1_852	At4g34740	82.6	2.57e-125	367	942	336	562	224
lcl|AYRZ02000006.1_prot_PHT78511.1_937	AtCg00580	86.7	2.09e-50	149	377	83	84	83
lcl|AYRZ02000006.1_prot_PHT78526.1_952	At5g52570	85.2	1.33e-130	370	950	308	304	210
lcl|AYRZ02000006.1_prot_PHT78575.1_1001	At2g43710	84.0	1.11e-250	682	1759	396	402	401
lcl|AYRZ02000006.1_prot_PHT78679.1_1105	At1g75330	81.1	1.26e-72	219	557	156	376	127
lcl|AYRZ02000006.1_prot_PHT78768.1_1194	GRMZM2G088689_T05.CDS	80.2	6.80e-136	388	997	340	393	232
lcl|AYRZ02000006.1_prot_PHT78768.1_1194	GRMZM2G088689_T08.CDS	85.3	7.72e-109	318	814	340	347	177
lcl|AYRZ02000006.1_prot_PHT78899.1_1325	At2g43090	81.5	3.79e-102	291	744	184	252	178
lcl|AYRZ02000006.1_prot_PHT78938.1_1364	Potri.015G088500	81.6	2.06e-24	89.0	219	66	329	49
lcl|AYRZ02000006.1_prot_PHT78944.1_1370	AtCg00300	88.7	1.64e-31	100	249	62	63	62
lcl|AYRZ02000006.1_prot_PHT78945.1_1371	AtCg00020	96.0	8.53e-08	46.6	109	161	354	25
lcl|AYRZ02000006.1_prot_PHT78946.1_1372	AtCg00080	91.7	2.42e-18	66.2	160	53	37	36
lcl|AYRZ02000006.1_prot_PHT78948.1_1374	AtCg00150	94.1	4.63e-84	247	631	241	250	136
lcl|AYRZ02000006.1_prot_PHT78951.1_1377	Potri.017G059400	88.9	2.95e-29	106	264	123	486	54
lcl|AYRZ02000006.1_prot_PHT78951.1_1377	Potri.001G320500	88.9	7.74e-29	105	261	123	486	54
lcl|AYRZ02000006.1_prot_PHT78954.1_1380	At2g44530	84.7	2.19e-122	352	903	293	395	209
lcl|AYRZ02000006.1_prot_PHT79110.1_1536	At5g40870	83.5	9.35e-306	829	2142	505	487	503
lcl|AYRZ02000006.1_prot_PHT79110.1_1536	At3g27190	81.9	3.77e-302	820	2118	505	484	507
lcl|AYRZ02000006.1_prot_PHT79184.1_1610	AtCg00020	83.6	9.32e-34	115	287	88	354	67
lcl|AYRZ02000006.1_prot_PHT79252.1_1678	At1g17290	81.9	4.35e-298	811	2095	481	544	476
lcl|AYRZ02000006.1_prot_PHT79292.1_1718	At4g29840	88.7	7.31e-306	832	2150	532	527	459
lcl|AYRZ02000006.1_prot_PHT79292.1_1718	At1g72810	87.8	5.58e-303	825	2130	532	517	468
lcl|AYRZ02000006.1_prot_PHT79402.1_1828	Potri.003G080800	85.7	1.66e-24	89.4	220	85	280	49
lcl|AYRZ02000006.1_prot_PHT79402.1_1828	Potri.001G153300	83.7	7.07e-24	88.2	217	85	312	49
lcl|AYRZ02000006.1_prot_PHT79431.1_1857	Potri.007G013900	82.4	1.86e-45	145	367	87	369	85
lcl|AYRZ02000006.1_prot_PHT79431.1_1857	Potri.005G116200	82.4	3.68e-45	145	365	87	369	85
lcl|AYRZ02000006.1_prot_PHT79602.1_2028	Potri.017G092000	84.8	1.56e-310	840	2170	480	482	481
lcl|AYRZ02000006.1_prot_PHT79602.1_2028	Potri.008G094300	84.8	4.80e-307	831	2147	480	481	480
lcl|AYRZ02000006.1_prot_PHT79602.1_2028	Potri.010G159800	84.4	4.59e-305	826	2134	480	481	480
lcl|AYRZ02000006.1_prot_PHT79602.1_2028	Potri.004G118600	83.6	3.73e-302	819	2115	480	482	481
lcl|AYRZ02000006.1_prot_PHT79606.1_2032	At1g32940	83.3	9.26e-06	45.1	105	735	775	24
lcl|AYRZ02000006.1_prot_PHT79731.1_2157	GRMZM2G043602_T01.CDS	80.6	5.51e-125	355	910	353	226	232
lcl|AYRZ02000006.1_prot_PHT80031.1_2457	At1g08250	81.7	6.77e-216	595	1535	425	414	383
lcl|AYRZ02000006.1_prot_PHT80031.1_2457	At2g27820	81.1	7.11e-216	596	1536	425	425	380
lcl|AYRZ02000006.1_prot_PHT80037.1_2463	Potri.004G189900	88.5	7.60e-264	714	1843	386	390	383
lcl|AYRZ02000006.1_prot_PHT80037.1_2463	Potri.009G150600	88.3	2.43e-260	705	1820	386	390	383
lcl|AYRZ02000006.1_prot_PHT80097.1_2523	At1g29900	92.2	2.42e-229	658	1698	448	1188	360
lcl|AYRZ02000006.1_prot_PHT80098.1_2524	At1g29900	81.8	1.19e-288	813	2099	511	1188	499
lcl|AYRZ02000006.1_prot_PHT80122.1_2548	AtCg00470	84.1	1.81e-74	214	545	133	133	132
lcl|AYRZ02000006.1_prot_PHT80124.1_2550	AtCg00140	85.3	4.60e-12	57.4	137	300	82	34
lcl|AYRZ02000006.1_prot_PHT80247.1_2673	Potri.003G125400	96.4	0.0	874	2257	446	447	447
lcl|AYRZ02000006.1_prot_PHT80247.1_2673	Potri.009G040200	95.7	0.0	871	2251	446	451	446
lcl|AYRZ02000006.1_prot_PHT80247.1_2673	Potri.001G106100	96.4	0.0	868	2242	446	448	441
lcl|AYRZ02000006.1_prot_PHT80247.1_2673	Potri.001G246900	96.6	0.0	867	2239	446	450	438
lcl|AYRZ02000006.1_prot_PHT80247.1_2673	Potri.006G095000	95.5	0.0	865	2236	446	445	440
lcl|AYRZ02000006.1_prot_PHT80247.1_2673	Potri.009G067200	95.0	4.24e-320	861	2225	446	447	444
lcl|AYRZ02000006.1_prot_PHT80247.1_2673	Potri.001G272800	94.8	8.49e-320	860	2223	446	446	444
lcl|AYRZ02000006.1_prot_PHT80247.1_2673	Potri.016G033200	95.2	4.28e-319	859	2219	446	451	441
lcl|AYRZ02000006.1_prot_PHT80247.1_2673	Potri.006G035400	95.7	5.57e-319	858	2218	446	449	440
lcl|AYRZ02000006.1_prot_PHT80247.1_2673	Potri.009G067100	94.8	1.48e-318	857	2215	446	447	444
lcl|AYRZ02000006.1_prot_PHT80283.1_2709	GRMZM2G120652_T01.CDS	85.0	1.24e-180	501	1290	307	414	313
lcl|AYRZ02000006.1_prot_PHT80283.1_2709	GRMZM5G850015_T01.CDS	84.0	2.67e-180	496	1278	307	318	313
lcl|AYRZ02000006.1_prot_PHT80291.1_2717	At4g13050	80.5	1.29e-169	474	1220	371	368	302
lcl|AYRZ02000006.1_prot_PHT80326.1_2752	At4g12800	82.7	3.01e-127	357	916	220	282	220
lcl|AYRZ02000006.1_prot_PHT80327.1_2753	At4g12800	82.7	4.28e-127	357	915	220	282	220
lcl|AYRZ02000006.1_prot_PHT80404.1_2830	At2g20260	86.5	2.48e-42	132	332	106	146	74
lcl|AYRZ02000006.1_prot_PHT80404.1_2830	At4g28750	87.7	2.95e-38	122	305	106	144	65
lcl|AYRZ02000006.1_prot_PHT80509.1_2935	AtCg00270	86.0	9.67e-17	78.2	191	589	354	43
lcl|AYRZ02000008.1_prot_PHT73860.1_42	At5g35360	86.0	0.0	875	2261	536	556	516
lcl|AYRZ02000008.1_prot_PHT73862.1_44	A0A5N6R1Y5	83.5	2.40e-260	721	1861	457	709	437
lcl|AYRZ02000008.1_prot_PHT73873.1_55	At1g70580	81.8	4.31e-291	790	2041	468	482	472
lcl|AYRZ02000008.1_prot_PHT73873.1_55	At1g23310	80.8	1.18e-288	784	2025	468	482	473
lcl|AYRZ02000008.1_prot_PHT73907.1_89	Potri.T059200	81.7	9.53e-312	846	2185	528	497	524
lcl|AYRZ02000008.1_prot_PHT73907.1_89	Potri.004G075200	80.8	4.86e-310	842	2174	528	499	525
lcl|AYRZ02000008.1_prot_PHT73907.1_89	Potri.T059300	80.6	8.38e-26	97.1	240	528	77	62
lcl|AYRZ02000008.1_prot_PHT73934.1_116	Potri.010G104500	87.4	0.0	1519	3932	857	855	852
lcl|AYRZ02000008.1_prot_PHT73934.1_116	Potri.008G136500	84.2	0.0	1469	3802	857	852	856
lcl|AYRZ02000008.1_prot_PHT73980.1_162	At5g14590	81.1	1.05e-248	681	1757	415	486	403
lcl|AYRZ02000008.1_prot_PHT73981.1_163	At3g13490	81.1	1.93e-309	847	2188	590	603	525
lcl|AYRZ02000008.1_prot_PHT73997.1_179	AT4G33010	85.2	0.0	1790	4635	1038	1038	1035
lcl|AYRZ02000008.1_prot_PHT73997.1_179	At4g33010	85.3	0.0	1676	4340	1038	977	975
lcl|AYRZ02000008.1_prot_PHT74032.1_214	AtCg00270	86.3	6.73e-69	207	526	117	354	117
lcl|AYRZ02000008.1_prot_PHT74191.1_373	At4g31990	81.6	1.17e-275	750	1936	462	454	462
lcl|AYRZ02000008.1_prot_PHT74191.1_373	AT4G31990	81.8	1.63e-275	750	1936	462	463	461
lcl|AYRZ02000008.1_prot_PHT74230.1_412	At1g79750	82.0	0.0	950	2456	578	647	567
lcl|AYRZ02000008.1_prot_PHT74269.1_451	AtCg00340	97.6	0.0	1444	3739	917	735	702
lcl|AYRZ02000008.1_prot_PHT74281.1_463	AtCg00340	87.0	2.80e-89	271	692	146	735	146
lcl|AYRZ02000008.1_prot_PHT74296.1_478	GRMZM2G076006_T01.CDS	80.4	3.31e-51	162	410	363	94	92
lcl|AYRZ02000008.1_prot_PHT74389.1_571	AtCg00220	100	6.97e-17	61.6	148	34	35	34
lcl|AYRZ02000008.1_prot_PHT74398.1_580	AtCg00890	94.6	6.35e-133	375	962	204	390	204
lcl|AYRZ02000008.1_prot_PHT74422.1_604	At5g11520	82.4	5.06e-271	738	1904	453	449	443
lcl|AYRZ02000008.1_prot_PHT74422.1_604	AT5G11520	82.4	5.25e-271	738	1904	453	450	443
lcl|AYRZ02000008.1_prot_PHT74542.1_724	Potri.014G086300	80.2	7.85e-212	581	1498	369	375	378
lcl|AYRZ02000008.1_prot_PHT74657.1_839	AtCg00350	94.6	0.0	1091	2822	557	751	557
lcl|AYRZ02000008.1_prot_PHT74658.1_840	AtCg00340	97.7	0.0	1511	3913	734	735	734
lcl|AYRZ02000008.1_prot_PHT74660.1_842	AtCg00300	95.2	1.46e-34	108	269	62	63	62
lcl|AYRZ02000008.1_prot_PHT74661.1_843	AtCg00280	97.9	0.0	968	2502	473	474	473
lcl|AYRZ02000008.1_prot_PHT74796.1_978	AtCg01090	92.8	6.09e-102	286	733	167	173	166
lcl|AYRZ02000008.1_prot_PHT74797.1_979	AtCg01100	85.1	3.34e-215	589	1518	363	361	363
lcl|AYRZ02000008.1_prot_PHT74800.1_982	AtCg00890	93.1	8.01e-129	364	935	204	390	204
lcl|AYRZ02000008.1_prot_PHT74971.1_1153	At3g04870	81.9	0.0	911	2355	588	559	541
lcl|AYRZ02000008.1_prot_PHT75047.1_1229	At3g54640	82.3	1.52e-27	102	254	199	313	62
lcl|AYRZ02000005.1_prot_PHT80580.1_34	AT3G10230	82.9	1.28e-228	629	1622	498	370	369
lcl|AYRZ02000005.1_prot_PHT80589.1_43	Potri.016G067200	80.2	2.02e-75	216	551	130	134	126
lcl|AYRZ02000005.1_prot_PHT80618.1_72	At5g13630	86.1	0.0	2382	6172	1384	1382	1385
lcl|AYRZ02000005.1_prot_PHT80640.1_94	At1g08520	84.3	0.0	1077	2786	765	761	738
lcl|AYRZ02000005.1_prot_PHT80640.1_94	GRMZM2G043453_T02.CDS	83.1	0.0	1068	2763	765	756	751
lcl|AYRZ02000005.1_prot_PHT80640.1_94	GRMZM2G043453_T01.CDS	82.0	0.0	952	2462	765	693	683
lcl|AYRZ02000005.1_prot_PHT80767.1_221	At3g17820	84.8	2.11e-214	585	1507	318	355	315
lcl|AYRZ02000005.1_prot_PHT80894.1_348	Potri.010G207200	89.2	5.50e-235	637	1644	342	347	342
lcl|AYRZ02000005.1_prot_PHT80894.1_348	Potri.008G053100	88.6	4.32e-232	630	1625	342	347	342
lcl|AYRZ02000005.1_prot_PHT80894.1_348	Potri.001G237200	86.1	2.67e-226	615	1587	342	347	345
lcl|AYRZ02000005.1_prot_PHT81091.1_545	At5g63570	82.1	2.47e-284	773	1997	478	475	474
lcl|AYRZ02000005.1_prot_PHT81144.1_598	At1g12900	85.1	7.23e-249	679	1752	402	442	403
lcl|AYRZ02000005.1_prot_PHT81144.1_598	At3g26650	84.9	4.55e-248	675	1742	402	397	404
lcl|AYRZ02000005.1_prot_PHT81195.1_649	AtCg00340	89.4	1.39e-47	156	395	85	735	85
lcl|AYRZ02000005.1_prot_PHT81199.1_653	At2g34590	85.0	2.92e-248	676	1745	408	407	408
lcl|AYRZ02000005.1_prot_PHT81199.1_653	At1g30120	82.7	1.71e-240	657	1694	408	407	410
lcl|AYRZ02000005.1_prot_PHT81277.1_731	A0A8X8C3Q6	92.8	3.33e-104	315	807	194	874	166
lcl|AYRZ02000005.1_prot_PHT81321.1_775	At2g16570	80.8	1.07e-93	282	721	236	567	177
lcl|AYRZ02000005.1_prot_PHT81392.1_846	AtCg00020	99.6	9.34e-166	457	1177	227	354	227
lcl|AYRZ02000005.1_prot_PHT81404.1_858	At1g56190	83.6	1.13e-28	105	263	153	479	67
lcl|AYRZ02000005.1_prot_PHT81430.1_884	At1g68890/At1g68900	80.3	1.07e-24	95.1	235	149	1715	61
lcl|AYRZ02000005.1_prot_PHT81479.1_933	A0AAD6MKV1	82.1	2.72e-69	221	563	172	860	134
lcl|AYRZ02000005.1_prot_PHT81489.1_943	At3g58830	85.0	4.13e-30	107	267	134	349	60
lcl|AYRZ02000005.1_prot_PHT81582.1_1036	Potri.002G146500	90.3	9.82e-173	480	1235	261	436	257
lcl|AYRZ02000005.1_prot_PHT81582.1_1036	Potri.014G068400	89.5	3.47e-172	478	1231	261	432	257
lcl|AYRZ02000005.1_prot_PHT81582.1_1036	Potri.003G114600	82.6	1.84e-158	444	1141	261	435	258
lcl|AYRZ02000005.1_prot_PHT81582.1_1036	Potri.012G128200	81.2	4.05e-153	429	1103	261	406	260
lcl|AYRZ02000005.1_prot_PHT81585.1_1039	AtCg00280	80.5	1.76e-65	201	512	118	474	118
lcl|AYRZ02000005.1_prot_PHT81616.1_1070	At2g45290	84.8	0.0	1188	3074	751	742	679
lcl|AYRZ02000005.1_prot_PHT81616.1_1070	At3g60750	85.8	0.0	1183	3060	751	742	678
lcl|AYRZ02000005.1_prot_PHT81661.1_1115	Potri.006G020900	80.0	3.28e-62	204	518	365	515	125
lcl|AYRZ02000005.1_prot_PHT81885.1_1339	At3g17820	85.0	8.20e-238	645	1665	356	355	353
lcl|AYRZ02000005.1_prot_PHT81885.1_1339	At1g48470	80.0	2.74e-222	606	1563	356	354	350
lcl|AYRZ02000005.1_prot_PHT81996.1_1450	Potri.019G054500	86.0	0.0	1137	2941	723	676	677
lcl|AYRZ02000005.1_prot_PHT82056.1_1510	At3g55800	81.6	3.57e-226	619	1597	394	394	396
lcl|AYRZ02000005.1_prot_PHT82175.1_1629	GRMZM2G145595_T01.CDS	85.9	7.32e-135	379	973	283	281	213
lcl|AYRZ02000005.1_prot_PHT82175.1_1629	GRMZM2G152958_T02.CDS	87.5	1.03e-131	381	979	283	566	208
lcl|AYRZ02000005.1_prot_PHT82175.1_1629	GRMZM2G073774_T01.CDS	87.5	1.03e-131	381	979	283	566	208
lcl|AYRZ02000005.1_prot_PHT82175.1_1629	GRMZM2G145595_T02.CDS	85.9	7.54e-131	379	973	283	563	213
lcl|AYRZ02000005.1_prot_PHT82175.1_1629	GRMZM2G152958_T01.CDS	86.7	9.19e-108	319	817	283	530	173
lcl|AYRZ02000005.1_prot_PHT82229.1_1683	AtCg00490	87.0	6.30e-100	296	757	248	480	161
lcl|AYRZ02000005.1_prot_PHT82229.1_1683	GRMZM2G360821_T01.CDS	86.3	7.99e-99	293	750	248	484	161
lcl|AYRZ02000005.1_prot_PHT82229.1_1683	GRMZM2G385635_T01.CDS	86.3	7.99e-99	293	750	248	484	161
lcl|AYRZ02000005.1_prot_PHT82229.1_1683	GRMZM2G448344_T01.CDS	86.3	7.99e-99	293	750	248	484	161
lcl|AYRZ02000005.1_prot_PHT82229.1_1683	GRMZM5G815453_T01.CDS	86.3	7.99e-99	293	750	248	484	161
lcl|AYRZ02000005.1_prot_PHT82244.1_1698	Potri.008G100800	85.5	6.94e-309	838	2165	503	512	511
lcl|AYRZ02000005.1_prot_PHT82244.1_1698	At1g48030	83.6	3.14e-304	826	2134	503	508	507
lcl|AYRZ02000005.1_prot_PHT82244.1_1698	AT1G48030	83.6	3.14e-304	826	2134	503	508	507
lcl|AYRZ02000005.1_prot_PHT82305.1_1759	At3g23940	84.0	0.0	950	2456	611	609	567
lcl|AYRZ02000005.1_prot_PHT82340.1_1794	Potri.T059200	82.0	4.33e-177	495	1274	299	497	294
lcl|AYRZ02000005.1_prot_PHT82340.1_1794	Potri.004G075200	81.3	6.57e-177	494	1273	299	499	300
lcl|AYRZ02000005.1_prot_PHT82340.1_1794	Potri.004G075300	80.1	9.98e-177	494	1272	299	501	302
lcl|AYRZ02000005.1_prot_PHT82451.1_1905	Potri.010G207200	90.6	5.98e-237	642	1657	343	347	341
lcl|AYRZ02000005.1_prot_PHT82451.1_1905	Potri.008G053100	90.3	4.03e-235	638	1645	343	347	341
lcl|AYRZ02000005.1_prot_PHT82451.1_1905	Potri.001G237200	88.2	2.49e-229	623	1607	343	347	346
lcl|AYRZ02000005.1_prot_PHT82534.1_1988	At5g16440	89.5	1.78e-153	424	1091	235	292	228
lcl|AYRZ02000005.1_prot_PHT82535.1_1989	At5g16440	88.6	2.41e-151	419	1077	235	292	228
lcl|AYRZ02000002.1_prot_PHT89146.1_193	At4g38970	83.1	7.75e-237	646	1667	389	399	403
lcl|AYRZ02000002.1_prot_PHT89146.1_193	At2g21330	82.7	8.51e-232	634	1634	389	400	399
lcl|AYRZ02000002.1_prot_PHT89152.1_199	At1g12900	83.7	7.29e-242	661	1706	402	442	405
lcl|AYRZ02000002.1_prot_PHT89152.1_199	At3g26650	86.1	9.30e-241	657	1694	402	397	388
lcl|AYRZ02000002.1_prot_PHT89167.1_214	Potri.006G222200	81.4	1.62e-191	527	1358	343	340	307
lcl|AYRZ02000002.1_prot_PHT89201.1_248	O64966	87.8	1.41e-81	247	631	148	585	148
lcl|AYRZ02000002.1_prot_PHT89201.1_248	O64967	85.1	2.14e-79	243	619	148	628	148
lcl|AYRZ02000002.1_prot_PHT89277.1_324	GRMZM2G013236_T05.CDS	82.1	1.47e-265	724	1868	451	450	441
lcl|AYRZ02000002.1_prot_PHT89277.1_324	GRMZM2G013236_T02.CDS	80.1	3.47e-225	619	1596	451	386	382
lcl|AYRZ02000002.1_prot_PHT89277.1_324	GRMZM2G013236_T04.CDS	82.2	2.31e-199	551	1421	451	336	332
lcl|AYRZ02000002.1_prot_PHT89284.1_331	AtCg00500	81.8	2.78e-52	167	422	104	489	99
lcl|AYRZ02000002.1_prot_PHT89300.1_347	At2g40840	89.3	7.95e-95	294	752	237	956	149
lcl|AYRZ02000002.1_prot_PHT89312.1_359	GRMZM2G164835_T01.CDS	87.9	4.92e-65	207	526	147	737	107
lcl|AYRZ02000002.1_prot_PHT89318.1_365	At1g70580	81.0	6.11e-26	99.0	245	169	482	58
lcl|AYRZ02000002.1_prot_PHT89358.1_405	AtCg00570	94.9	2.57e-23	78.2	191	39	40	39
lcl|AYRZ02000002.1_prot_PHT89581.1_628	At3g50820	80.1	1.72e-192	529	1362	329	332	331
lcl|AYRZ02000002.1_prot_PHT89597.1_644	AtCg00140	87.5	1.81e-23	80.5	197	56	82	48
lcl|AYRZ02000002.1_prot_PHT89648.1_695	AtCg00020	84.5	3.27e-30	104	259	58	354	58
lcl|AYRZ02000002.1_prot_PHT89705.1_752	At5g40610	83.8	4.46e-213	585	1509	370	401	345
lcl|AYRZ02000002.1_prot_PHT89822.1_869	At2g15620	81.0	0.0	926	2392	552	587	546
lcl|AYRZ02000002.1_prot_PHT89840.1_887	Potri.001G159700	85.0	5.09e-314	849	2194	485	487	486
lcl|AYRZ02000002.1_prot_PHT89840.1_887	Potri.003G074700	83.6	8.28e-309	836	2160	485	489	488
lcl|AYRZ02000002.1_prot_PHT89941.1_988	Potri.008G084800	87.3	0.0	1013	2619	567	564	552
lcl|AYRZ02000002.1_prot_PHT89941.1_988	Potri.010G170000	87.0	0.0	1009	2608	567	564	552
lcl|AYRZ02000002.1_prot_PHT89954.1_1001	Potri.011G064000	90.4	0.0	1046	2706	587	594	562
lcl|AYRZ02000002.1_prot_PHT89954.1_1001	Potri.T102400	90.2	0.0	1045	2703	587	594	562
lcl|AYRZ02000002.1_prot_PHT89954.1_1001	Potri.004G054100	88.2	0.0	1031	2667	587	583	574
lcl|AYRZ02000002.1_prot_PHT89954.1_1001	Potri.017G151900	86.2	0.0	1014	2621	587	583	574
lcl|AYRZ02000002.1_prot_PHT89954.1_1001	Potri.016G120100	83.3	0.0	961	2483	587	606	562
lcl|AYRZ02000002.1_prot_PHT89954.1_1001	Potri.006G102500	81.9	0.0	946	2444	587	606	562
lcl|AYRZ02000002.1_prot_PHT89954.1_1001	Potri.T143400	89.1	8.47e-216	598	1542	587	322	321
lcl|AYRZ02000002.1_prot_PHT90089.1_1136	At5g46290	82.0	1.89e-292	794	2051	470	490	494
lcl|AYRZ02000002.1_prot_PHT90278.1_1325	Potri.011G070900	82.8	0.0	1406	3639	821	854	816
lcl|AYRZ02000002.1_prot_PHT90278.1_1325	Potri.004G061500	82.1	0.0	1390	3597	821	850	816
lcl|AYRZ02000002.1_prot_PHT90300.1_1347	At5g63890	83.8	2.33e-268	733	1892	485	467	437
lcl|AYRZ02000002.1_prot_PHT90373.1_1420	Potri.005G139800	87.0	0.0	988	2555	559	560	548
lcl|AYRZ02000002.1_prot_PHT90373.1_1420	Potri.007G045400	83.5	0.0	975	2521	559	560	559
lcl|AYRZ02000002.1_prot_PHT90774.1_1821	A0A816UFB7	80.2	1.97e-156	461	1186	293	1103	268
lcl|AYRZ02000002.1_prot_PHT90784.1_1831	AT1G11860	85.3	2.08e-264	717	1851	406	409	407
lcl|AYRZ02000002.1_prot_PHT90784.1_1831	At1g11860	85.3	3.64e-264	717	1851	406	424	407
lcl|AYRZ02000002.1_prot_PHT90784.1_1831	A0A816UFB7	84.8	5.45e-251	709	1830	406	1103	408
lcl|AYRZ02000002.1_prot_PHT90847.1_1894	AT5G17230	82.5	6.37e-211	583	1504	432	423	354
lcl|AYRZ02000002.1_prot_PHT90930.1_1977	GRMZM2G087598_T02.CDS	81.5	5.02e-09	48.9	115	688	47	27
lcl|AYRZ02000002.1_prot_PHT91073.1_2120	At4g35630	83.6	4.48e-205	565	1455	330	431	329
lcl|AYRZ02000002.1_prot_PHT91073.1_2120	At2g17630	82.7	2.75e-204	562	1449	330	423	329
lcl|AYRZ02000002.1_prot_PHT91086.1_2133	At5g66120	87.7	3.16e-237	651	1680	441	443	365
lcl|AYRZ02000002.1_prot_PHT91106.1_2153	Potri.005G112900	85.4	5.42e-233	634	1635	362	364	363
lcl|AYRZ02000002.1_prot_PHT91106.1_2153	Potri.007G057200	86.0	6.32e-232	631	1628	362	364	363
lcl|AYRZ02000002.1_prot_PHT91106.1_2153	At5g66190	81.1	5.83e-218	596	1536	362	361	366
lcl|AYRZ02000002.1_prot_PHT91130.1_2177	At4g38970	86.7	2.89e-244	665	1716	391	399	399
lcl|AYRZ02000002.1_prot_PHT91130.1_2177	At2g21330	85.0	4.52e-239	652	1682	391	400	399
lcl|AYRZ02000002.1_prot_PHT91192.1_2239	At3g57610	83.9	4.59e-287	782	2020	508	491	459
lcl|AYRZ02000002.1_prot_PHT91470.1_2517	Os08g0120000	84.3	4.21e-29	100	250	74	281	51
lcl|AYRZ02000002.1_prot_PHT91730.1_2777	At5g14590	83.4	8.24e-271	740	1910	484	486	428
lcl|AYRZ02000002.1_prot_PHT91756.1_2803	At5g14780	85.3	1.80e-228	624	1609	375	385	354
lcl|AYRZ02000002.1_prot_PHT91758.1_2805	At3g01480	90.0	4.31e-149	418	1075	221	438	221
lcl|AYRZ02000002.1_prot_PHT91784.1_2831	At2g04700	81.4	2.66e-83	238	606	148	147	140
lcl|AYRZ02000002.1_prot_PHT91927.1_2974	GRMZM2G162968_T01.CDS	84.7	0.0	1431	3705	975	975	889
lcl|AYRZ02000002.1_prot_PHT91927.1_2974	GRMZM2G130121_T01.CDS	81.3	0.0	959	2478	975	654	636
lcl|AYRZ02000002.1_prot_PHT91931.1_2978	Potri.017G092000	89.7	7.17e-303	839	2168	934	482	466
lcl|AYRZ02000002.1_prot_PHT91931.1_2978	Potri.004G118600	89.9	3.85e-300	832	2150	934	482	466
lcl|AYRZ02000002.1_prot_PHT91931.1_2978	Potri.010G159800	86.5	3.51e-288	802	2071	934	481	466
lcl|AYRZ02000002.1_prot_PHT91931.1_2978	Potri.008G094300	86.3	4.98e-288	801	2070	934	481	466
lcl|AYRZ02000002.1_prot_PHT91935.1_2982	Potri.017G092000	89.9	2.44e-317	857	2214	474	482	474
lcl|AYRZ02000002.1_prot_PHT91935.1_2982	Potri.004G118600	90.1	1.35e-314	850	2196	474	482	474
lcl|AYRZ02000002.1_prot_PHT91935.1_2982	Potri.010G159800	86.7	1.40e-302	820	2117	474	481	474
lcl|AYRZ02000002.1_prot_PHT91935.1_2982	Potri.008G094300	86.5	1.99e-302	819	2116	474	481	474
lcl|AYRZ02000002.1_prot_PHT91993.1_3040	Os08g0120000	84.7	7.42e-132	368	944	201	281	202
lcl|AYRZ02000002.1_prot_PHT92114.1_3161	At5g36880	81.7	0.0	1214	3141	781	744	704
lcl|AYRZ02000007.1_prot_PHT75191.1_116	AtCg00350	98.0	0.0	1523	3943	750	751	750
lcl|AYRZ02000007.1_prot_PHT75218.1_143	GRMZM5G809546_T01.CDS	82.0	4.53e-275	756	1952	546	554	477
lcl|AYRZ02000007.1_prot_PHT75445.1_370	AtCg00140	90.1	1.09e-42	130	326	81	82	81
lcl|AYRZ02000007.1_prot_PHT75446.1_371	AtCg00130	83.8	5.67e-103	290	743	185	185	185
lcl|AYRZ02000007.1_prot_PHT75447.1_372	AtCg00120	81.1	4.11e-126	363	931	231	508	249
lcl|AYRZ02000007.1_prot_PHT75448.1_373	AtCg00120	95.0	5.06e-97	285	730	160	508	160
lcl|AYRZ02000007.1_prot_PHT75449.1_374	AtCg00080	100	2.42e-20	70.5	171	36	37	36
lcl|AYRZ02000007.1_prot_PHT75612.1_537	Solyc05g005480	81.0	1.67e-28	104	260	159	388	63
lcl|AYRZ02000007.1_prot_PHT75706.1_631	A0A7G2DUG9	89.0	3.07e-66	213	543	165	963	127
lcl|AYRZ02000007.1_prot_PHT75707.1_632	A0A7G2DUG9	89.0	3.25e-67	216	550	165	963	127
lcl|AYRZ02000007.1_prot_PHT75718.1_643	Potri.006G075100	84.3	1.48e-67	195	496	115	116	115
lcl|AYRZ02000007.1_prot_PHT75767.1_692	AtCg00550	90.0	1.08e-20	71.6	174	40	41	40
lcl|AYRZ02000007.1_prot_PHT75795.1_720	AtCg00080	100	2.42e-20	70.5	171	36	37	36
lcl|AYRZ02000007.1_prot_PHT75796.1_721	AtCg00070	80.3	2.99e-29	94.7	234	61	62	61
lcl|AYRZ02000007.1_prot_PHT75858.1_783	GRMZM2G177077_T01.CDS	83.0	4.29e-310	848	2190	573	599	489
lcl|AYRZ02000007.1_prot_PHT75858.1_783	At5g13110	80.3	4.62e-309	845	2183	573	597	508
lcl|AYRZ02000007.1_prot_PHT75858.1_783	At1g24280	80.4	3.11e-303	830	2145	573	600	501
lcl|AYRZ02000007.1_prot_PHT75942.1_867	AT5G48230	84.7	2.89e-244	666	1718	404	404	398
lcl|AYRZ02000007.1_prot_PHT75989.1_914	GRMZM2G062854_T01.CDS	90.5	2.91e-81	254	650	491	410	148
lcl|AYRZ02000007.1_prot_PHT75989.1_914	GRMZM2G448142_T03.CDS	90.5	8.66e-81	254	650	491	449	148
lcl|AYRZ02000007.1_prot_PHT75989.1_914	GRMZM2G448142_T02.CDS	90.5	8.66e-81	254	650	491	449	148
lcl|AYRZ02000007.1_prot_PHT75989.1_914	GRMZM2G385622_T01.CDS	90.5	3.27e-80	254	650	491	499	148
lcl|AYRZ02000007.1_prot_PHT75989.1_914	GRMZM5G808402_T01.CDS	90.5	3.27e-80	254	650	491	499	148
lcl|AYRZ02000007.1_prot_PHT75989.1_914	AtCg00480	90.5	4.60e-80	254	649	491	499	148
lcl|AYRZ02000007.1_prot_PHT75989.1_914	GRMZM2G448389_T01.CDS	89.9	1.28e-79	253	646	491	499	148
lcl|AYRZ02000007.1_prot_PHT75990.1_915	AtCg00510	87.1	2.23e-14	55.5	132	36	38	31
lcl|AYRZ02000007.1_prot_PHT76066.1_991	AtCg00890	95.1	4.48e-133	375	963	204	390	204
lcl|AYRZ02000007.1_prot_PHT76085.1_1010	AtCg00890	95.1	4.48e-133	375	963	204	390	204
lcl|AYRZ02000007.1_prot_PHT76102.1_1027	AtCg00020	87.3	2.92e-155	442	1138	505	354	252
lcl|AYRZ02000007.1_prot_PHT76103.1_1028	AtCg00150	92.6	1.46e-71	212	540	162	250	121
lcl|AYRZ02000007.1_prot_PHT76106.1_1031	AtCg00350	88.9	2.26e-48	159	403	101	751	90
lcl|AYRZ02000007.1_prot_PHT76107.1_1032	AtCg00350	81.9	1.37e-254	704	1818	376	751	420
lcl|AYRZ02000007.1_prot_PHT76203.1_1128	AtCg00680	91.9	0.0	980	2533	508	509	507
lcl|AYRZ02000007.1_prot_PHT76207.1_1132	AtCg00470	81.9	7.52e-68	197	501	128	133	127
lcl|AYRZ02000007.1_prot_PHT76212.1_1137	AtCg00270	91.3	2.30e-214	585	1507	321	354	309
lcl|AYRZ02000007.1_prot_PHT76214.1_1139	AtCg00340	90.6	4.65e-88	267	683	140	735	139
lcl|AYRZ02000007.1_prot_PHT76215.1_1140	AtCg00340	95.3	1.51e-97	293	749	155	735	149
lcl|AYRZ02000007.1_prot_PHT76219.1_1144	AtCg00150	87.9	4.10e-123	344	882	188	250	190
lcl|AYRZ02000007.1_prot_PHT76220.1_1145	AtCg00140	87.8	4.49e-22	76.6	187	49	82	49
lcl|AYRZ02000007.1_prot_PHT76221.1_1146	AtCg00120	86.0	5.52e-65	201	512	128	508	121
lcl|AYRZ02000007.1_prot_PHT76346.1_1271	Potri.017G092000	85.3	3.70e-215	593	1530	361	482	347
lcl|AYRZ02000007.1_prot_PHT76346.1_1271	Potri.004G118600	85.0	1.16e-211	585	1507	361	482	347
lcl|AYRZ02000007.1_prot_PHT76346.1_1271	Potri.008G094300	82.1	4.09e-207	573	1477	361	481	346
lcl|AYRZ02000007.1_prot_PHT76346.1_1271	Potri.010G159800	82.4	2.36e-206	571	1472	361	481	346
lcl|AYRZ02000007.1_prot_PHT76444.1_1369	At2g05710	88.2	6.30e-185	531	1368	287	991	287
lcl|AYRZ02000007.1_prot_PHT76444.1_1369	GRMZM2G020801_T01.CDS	87.4	5.18e-184	523	1346	287	798	285
lcl|AYRZ02000007.1_prot_PHT76445.1_1370	At2g05710	81.7	0.0	996	2575	634	991	622
lcl|AYRZ02000007.1_prot_PHT76445.1_1370	GRMZM2G020801_T01.CDS	89.9	2.69e-277	775	2001	634	798	425
lcl|AYRZ02000007.1_prot_PHT76566.1_1491	At5g14780	88.4	6.71e-42	148	373	403	385	86
lcl|AYRZ02000007.1_prot_PHT76620.1_1545	GRMZM2G073351_T01.CDS	81.7	1.10e-171	477	1228	398	285	284
lcl|AYRZ02000007.1_prot_PHT76620.1_1545	GRMZM2G073351_T04.CDS	81.7	1.10e-171	477	1228	398	285	284
lcl|AYRZ02000007.1_prot_PHT76620.1_1545	GRMZM2G084958_T01.CDS	80.0	1.79e-168	469	1207	398	286	285
lcl|AYRZ02000007.1_prot_PHT76662.1_1587	At1g66430	81.6	1.31e-14	69.7	169	301	385	38
lcl|AYRZ02000007.1_prot_PHT76734.1_1659	GRMZM2G110408_T02.CDS	80.2	0.0	1036	2678	658	678	692
lcl|AYRZ02000007.1_prot_PHT76734.1_1659	GRMZM2G110408_T01.CDS	80.2	0.0	1036	2678	658	678	692
lcl|AYRZ02000007.1_prot_PHT76734.1_1659	GRMZM2G110408_T03.CDS	80.2	0.0	1036	2678	658	678	692
lcl|AYRZ02000007.1_prot_PHT76734.1_1659	GRMZM2G087598_T01.CDS	82.8	0.0	1033	2670	658	678	662
lcl|AYRZ02000007.1_prot_PHT76734.1_1659	GRMZM2G087598_T03.CDS	82.8	0.0	1033	2670	658	678	662
lcl|AYRZ02000007.1_prot_PHT76734.1_1659	GRMZM2G087598_T02.CDS	85.2	8.98e-09	48.1	113	658	47	27
lcl|AYRZ02000007.1_prot_PHT76799.1_1724	AtCg00580	100	1.02e-59	173	438	83	84	83
lcl|AYRZ02000007.1_prot_PHT76814.1_1739	At3g58610	91.1	0.0	960	2482	530	592	530
lcl|AYRZ02000007.1_prot_PHT76814.1_1739	GRMZM2G004382_T02.CDS	87.3	0.0	917	2369	530	580	526
lcl|AYRZ02000007.1_prot_PHT76814.1_1739	GRMZM2G004382_T01.CDS	84.7	3.22e-256	704	1818	530	475	418
lcl|AYRZ02000007.1_prot_PHT76914.1_1839	At5g48300	87.8	0.0	891	2303	517	521	518
lcl|AYRZ02000007.1_prot_PHT76979.1_1904	Potri.005G204800	81.1	1.35e-144	403	1035	250	298	238
lcl|AYRZ02000007.1_prot_PHT77000.1_1925	Potri.001G383500	87.5	0.0	1199	3101	674	671	674
lcl|AYRZ02000007.1_prot_PHT77000.1_1925	Potri.011G103700	86.5	0.0	1188	3073	674	671	673
lcl|AYRZ02000007.1_prot_PHT77000.1_1925	Potri.003G120000	81.8	4.83e-172	489	1260	674	303	291
lcl|AYRZ02000007.1_prot_PHT77000.1_1925	Potri.001G112000	80.5	1.37e-171	488	1257	674	303	297
lcl|AYRZ02000007.1_prot_PHT77001.1_1926	Potri.011G103900	81.7	0.0	1489	3855	929	923	925
lcl|AYRZ02000007.1_prot_PHT77001.1_1926	Potri.001G383600	81.4	0.0	1476	3820	929	923	925
lcl|AYRZ02000007.1_prot_PHT77070.1_1995	At3g63520	80.6	1.31e-13	67.0	162	297	539	36
lcl|AYRZ02000007.1_prot_PHT77244.1_2169	At2g05710	83.6	0.0	1597	4134	966	991	917
lcl|AYRZ02000007.1_prot_PHT77244.1_2169	GRMZM2G020801_T01.CDS	85.1	0.0	1402	3628	966	798	793
lcl|AYRZ02000007.1_prot_PHT77279.1_2204	At4g27070	86.7	1.40e-251	686	1771	381	476	398
lcl|AYRZ02000007.1_prot_PHT77279.1_2204	At5g54810	85.9	6.41e-249	679	1753	381	471	398
lcl|AYRZ02000007.1_prot_PHT77287.1_2212	GRMZM2G018375_T02.CDS	84.1	3.90e-181	502	1293	358	355	301
lcl|AYRZ02000007.1_prot_PHT77309.1_2234	At4g26900	83.0	0.0	918	2372	587	593	547
lcl|AYRZ02000007.1_prot_PHT77520.1_2445	At1g56190	88.3	5.85e-272	745	1923	540	479	444
lcl|AYRZ02000007.1_prot_PHT77520.1_2445	At3g12780	81.6	1.19e-267	734	1895	540	482	489
lcl|AYRZ02000007.1_prot_PHT77521.1_2446	At3g12780	84.2	1.00e-239	657	1696	401	482	398
lcl|AYRZ02000007.1_prot_PHT77521.1_2446	At1g56190	83.2	3.66e-239	656	1692	401	479	398
lcl|AYRZ02000007.1_prot_PHT77547.1_2472	GRMZM2G016602_T04.CDS	85.9	6.72e-153	430	1105	421	267	256
lcl|AYRZ02000007.1_prot_PHT77548.1_2473	A0A9E7H647	88.5	2.93e-47	155	393	136	524	87
