psbA|GeneID:38328409|photosystem_II_protein_D1	AtCg00020	98.9	2.02e-262	707	1826	353	354	353
psbI|GeneID:38328290|photosystem_II_protein_I	AtCg00080	100	2.42e-20	70.5	171	36	37	36
atpA|GeneID:38328294|ATP_synthase_CF1_alpha_subunit	AtCg00120	92.5	0.0	870	2249	507	508	505
atpH|GeneID:38328296|ATP_synthase_CF0_subunit_III	AtCg00140	98.8	5.85e-47	140	354	81	82	81
atpI|GeneID:38328297|ATP_synthase_CF0_subunit_IV	AtCg00150	88.8	2.55e-160	441	1133	247	250	249
psbM|GeneID:38328304|photosystem_II_protein_M	AtCg00220	100	6.97e-17	61.6	148	34	35	34
psbD|GeneID:38328309|photosystem_II_protein_D2	AtCg00270	98.0	1.27e-265	716	1847	353	354	353
psbC|GeneID:38328310|photosystem_II_CP43_chlorophyll_apoprotein	AtCg00280	97.9	0.0	964	2492	473	474	473
psbZ|GeneID:38328312|photosystem_II_protein_Z	AtCg00300	93.5	1.99e-32	102	255	62	63	62
psaB|GeneID:38328316|photosystem_I_P700_apoprotein_A2	AtCg00340	97.1	0.0	1501	3885	734	735	734
psaA|GeneID:38328317|photosystem_I_P700_apoprotein_A1	AtCg00350	96.3	0.0	1511	3913	750	751	750
ndhJ|GeneID:38328324|NADH	AtCg00420	82.8	1.07e-101	285	729	158	159	157
ndhK|GeneID:38328325|NADH	GRMZM2G448142_T01.CDS	84.3	5.01e-143	397	1020	247	255	249
ndhK|GeneID:38328325|NADH	AtCg00430	84.9	9.53e-132	367	943	247	226	225
ndhC|GeneID:38328326|NADH	AtCg00440	89.2	2.94e-74	213	541	120	121	120
atpE|GeneID:38328329|ATP_synthase_CF1_epsilon_subunit	AtCg00470	87.1	1.19e-77	222	566	134	133	132
atpB|GeneID:38328330|ATP_synthase_CF1_beta_subunit	AtCg00480	93.2	0.0	890	2300	496	499	498
atpB|GeneID:38328330|ATP_synthase_CF1_beta_subunit	GRMZM2G385622_T01.CDS	92.2	0.0	878	2268	496	499	498
atpB|GeneID:38328330|ATP_synthase_CF1_beta_subunit	GRMZM5G808402_T01.CDS	92.2	0.0	878	2268	496	499	498
atpB|GeneID:38328330|ATP_synthase_CF1_beta_subunit	GRMZM2G448389_T01.CDS	92.0	0.0	876	2264	496	499	498
atpB|GeneID:38328330|ATP_synthase_CF1_beta_subunit	GRMZM2G062854_T01.CDS	91.9	1.57e-264	721	1862	496	410	409
atpB|GeneID:38328330|ATP_synthase_CF1_beta_subunit	GRMZM2G448142_T03.CDS	95.7	2.12e-246	677	1747	496	449	368
atpB|GeneID:38328330|ATP_synthase_CF1_beta_subunit	GRMZM2G448142_T02.CDS	95.7	2.12e-246	677	1747	496	449	368
rbcL|GeneID:38328331|ribulose	AtCg00490	93.3	0.0	924	2387	477	480	476
rbcL|GeneID:38328331|ribulose	GRMZM2G360821_T01.CDS	93.5	0.0	920	2378	477	484	476
rbcL|GeneID:38328331|ribulose	GRMZM2G385635_T01.CDS	93.5	0.0	920	2378	477	484	476
rbcL|GeneID:38328331|ribulose	GRMZM2G448344_T01.CDS	93.5	0.0	920	2378	477	484	476
rbcL|GeneID:38328331|ribulose	GRMZM5G815453_T01.CDS	93.5	0.0	920	2378	477	484	476
psaI|GeneID:38328333|photosystem_I_subunit_VIII	AtCg00510	87.1	2.61e-13	52.8	125	36	38	31
psbJ|GeneID:38328337|photosystem_II_protein_J	AtCg00550	90.0	2.65e-21	73.2	178	40	41	40
psbL|GeneID:38328338|photosystem_II_protein_L	AtCg00560	97.4	1.40e-22	76.3	186	38	39	38
psbF|GeneID:38328339|photosystem_II_cytochrome_b559_beta_subunit	AtCg00570	97.4	6.30e-24	79.7	195	39	40	39
psbE|GeneID:38328340|photosystem_II_cytochrome_b559_alpha_subunit	AtCg00580	98.8	2.42e-58	169	429	83	84	83
psaJ|GeneID:38328345|photosystem_I_subunit_IX	AtCg00630	85.7	5.50e-23	77.8	190	46	45	42
psbB|GeneID:38328350|photosystem_II_CP47_chlorophyll_apoprotein	AtCg00680	96.3	0.0	1033	2670	508	509	508
psbT|GeneID:38328351|photosystem_II_protein_T	AtCg00690	93.9	7.17e-17	61.6	148	35	34	33
psbN|GeneID:38328352|photosystem_II_protein_N	AtCg00700	95.3	4.88e-25	82.8	203	43	44	43
psbH|GeneID:38328353|photosystem_II_phosphoprotein	AtCg00710	90.4	6.23e-43	130	326	73	74	73
ndhB|GeneID:38328373|NADH	AtCg00890	95.3	3.65e-264	720	1859	510	390	387
ndhH|GeneID:38328382|NADH	AtCg01110	88.1	1.24e-270	732	1889	395	394	395
ndhA|GeneID:38328383|NADH	AtCg01100	85.4	1.84e-212	582	1500	363	361	363
ndhI|GeneID:38328384|NADH	AtCg01090	85.4	1.89e-97	276	705	180	173	171
ndhE|GeneID:38328386|NADH	AtCg01070	83.0	6.44e-51	152	384	101	102	100
psaC|GeneID:38328387|photosystem_I_subunit_VII	AtCg01060	96.3	2.29e-44	134	337	81	82	81
ndhD|GeneID:38328388|NADH	GRMZM5G800096_T01.CDS	85.0	1.65e-312	847	2189	501	516	499
ndhD|GeneID:38328388|NADH	AtCg01050	81.2	1.09e-294	802	2071	501	507	499
ndhB|GeneID:38328399|NADH	AtCg00890	95.3	3.65e-264	720	1859	510	390	387
lcl|JAFBII010000003.1_prot_KAH7688172.1_235	At4g34200	81.6	4.72e-315	859	2220	545	604	543
lcl|JAFBII010000003.1_prot_KAH7688253.1_315	GRMZM2G142873_T01.CDS	87.1	1.53e-260	716	1848	492	530	396
lcl|JAFBII010000003.1_prot_KAH7688253.1_315	GRMZM2G142873_T02.CDS	88.6	1.43e-210	587	1512	492	460	317
lcl|JAFBII010000003.1_prot_KAH7688252.1_316	GRMZM2G142873_T01.CDS	86.8	3.44e-238	654	1687	367	530	363
lcl|JAFBII010000003.1_prot_KAH7688252.1_316	GRMZM2G142873_T02.CDS	88.4	3.50e-188	525	1351	367	460	284
lcl|JAFBII010000003.1_prot_KAH7688254.1_317	GRMZM2G142873_T01.CDS	87.2	5.45e-238	653	1685	361	530	360
lcl|JAFBII010000003.1_prot_KAH7688254.1_317	GRMZM2G142873_T02.CDS	89.0	5.58e-188	524	1349	361	460	281
lcl|JAFBII010000003.1_prot_KAH7688276.1_342	At2g25080	82.8	7.12e-103	295	754	244	237	163
lcl|JAFBII010000003.1_prot_KAH7688645.1_708	At1g74920	80.6	4.71e-316	856	2211	503	502	501
lcl|JAFBII010000003.1_prot_KAH7689088.1_1151	At5g48300	88.3	2.79e-315	856	2211	530	521	486
lcl|JAFBII010000003.1_prot_KAH7689089.1_1152	AtCg00710	90.4	6.23e-43	130	326	73	74	73
lcl|JAFBII010000009.1_prot_KAH7671667.1_31	Potri.018G132300	81.8	2.85e-12	59.7	143	434	117	33
lcl|JAFBII010000009.1_prot_KAH7671665.1_32	Potri.018G132300	81.8	2.11e-12	59.7	143	348	117	33
lcl|JAFBII010000009.1_prot_KAH7671666.1_33	Potri.018G132300	81.8	1.73e-12	59.7	143	313	117	33
lcl|JAFBII010000009.1_prot_KAH7671668.1_34	Potri.018G132300	81.8	1.91e-12	59.7	143	329	117	33
lcl|JAFBII010000009.1_prot_KAH7671905.1_271	GRMZM2G088305_T01.CDS	90.6	3.23e-10	58.2	139	1131	249	32
lcl|JAFBII010000009.1_prot_KAH7672005.1_373	Potri.006G036800	81.9	2.10e-175	489	1259	331	421	304
lcl|JAFBII010000009.1_prot_KAH7672006.1_374	Potri.006G036800	81.9	2.10e-175	489	1259	331	421	304
lcl|JAFBII010000009.1_prot_KAH7672101.1_467	At5g54810	84.6	2.30e-268	732	1890	463	471	422
lcl|JAFBII010000009.1_prot_KAH7672101.1_467	At4g27070	83.8	5.58e-268	731	1888	463	476	427
lcl|JAFBII010000009.1_prot_KAH7672202.1_568	At1g74030	86.1	4.05e-274	748	1930	476	478	432
lcl|JAFBII010000009.1_prot_KAH7672203.1_569	At1g74030	85.5	2.53e-259	711	1834	487	478	413
lcl|JAFBII010000009.1_prot_KAH7672482.1_848	GRMZM2G063258_T03.CDS	82.4	1.41e-210	583	1504	448	428	370
lcl|JAFBII010000009.1_prot_KAH7672482.1_848	GRMZM2G063258_T04.CDS	89.6	2.24e-145	411	1057	448	255	249
lcl|JAFBII010000009.1_prot_KAH7672483.1_849	GRMZM2G063258_T03.CDS	82.2	6.87e-209	579	1493	449	428	371
lcl|JAFBII010000009.1_prot_KAH7672483.1_849	GRMZM2G063258_T04.CDS	89.6	2.32e-145	411	1057	449	255	249
lcl|JAFBII010000009.1_prot_KAH7672566.1_932	At2g30200	81.8	1.92e-192	533	1372	364	394	336
lcl|JAFBII010000009.1_prot_KAH7672718.1_1084	Potri.010G207200	91.6	1.81e-241	654	1687	346	347	344
lcl|JAFBII010000009.1_prot_KAH7672718.1_1084	Potri.008G053100	92.2	1.81e-241	654	1687	346	347	344
lcl|JAFBII010000009.1_prot_KAH7672718.1_1084	Potri.001G237200	90.4	2.52e-232	631	1627	346	347	343
lcl|JAFBII010000009.1_prot_KAH7672719.1_1085	Potri.010G207200	91.6	1.81e-241	654	1687	346	347	344
lcl|JAFBII010000009.1_prot_KAH7672719.1_1085	Potri.008G053100	92.2	1.81e-241	654	1687	346	347	344
lcl|JAFBII010000009.1_prot_KAH7672719.1_1085	Potri.001G237200	90.4	2.52e-232	631	1627	346	347	343
lcl|JAFBII010000009.1_prot_KAH7672720.1_1086	Potri.004G091000	83.4	0.0	2095	5429	1258	1315	1256
lcl|JAFBII010000009.1_prot_KAH7672800.1_1166	Potri.010G198800	80.6	8.65e-220	600	1548	361	362	361
lcl|JAFBII010000009.1_prot_KAH7672868.1_1234	At3g46970	82.1	0.0	1381	3574	849	842	826
lcl|JAFBII010000009.1_prot_KAH7672912.1_1277	GRMZM2G161337_T01.CDS	80.5	2.51e-183	516	1329	590	328	323
lcl|JAFBII010000009.1_prot_KAH7672912.1_1277	GRMZM2G161337_T03.CDS	81.3	3.74e-81	248	633	590	153	150
lcl|JAFBII010000009.1_prot_KAH7672911.1_1278	GRMZM2G161337_T03.CDS	81.3	2.35e-81	248	633	571	153	150
lcl|JAFBII010000016.1_prot_KAH7659111.1_180	Potri.003G094500	81.9	0.0	1431	3705	857	862	850
lcl|JAFBII010000016.1_prot_KAH7659112.1_181	Potri.003G094500	81.9	0.0	1431	3705	857	862	850
lcl|JAFBII010000016.1_prot_KAH7659164.1_233	At2g44530	80.3	2.34e-212	585	1507	400	395	375
lcl|JAFBII010000016.1_prot_KAH7659164.1_233	At2g35390	82.1	9.24e-205	566	1458	400	404	351
lcl|JAFBII010000016.1_prot_KAH7659164.1_233	At1g32380	83.8	9.63e-204	563	1451	400	401	334
lcl|JAFBII010000016.1_prot_KAH7659165.1_234	At2g44530	81.3	3.37e-208	574	1479	394	395	363
lcl|JAFBII010000016.1_prot_KAH7659165.1_234	At2g35390	82.3	9.43e-208	573	1477	394	404	355
lcl|JAFBII010000016.1_prot_KAH7659165.1_234	At1g32380	84.0	9.82e-207	570	1470	394	401	338
lcl|JAFBII010000016.1_prot_KAH7659676.1_745	At5g51820	81.8	0.0	970	2507	617	624	573
lcl|JAFBII010000016.1_prot_KAH7659796.1_865	GRMZM5G809546_T01.CDS	83.7	1.21e-287	788	2036	558	554	486
lcl|JAFBII010000016.1_prot_KAH7659798.1_866	GRMZM5G809546_T01.CDS	83.7	1.21e-287	788	2036	558	554	486
lcl|JAFBII010000016.1_prot_KAH7659797.1_867	GRMZM5G809546_T01.CDS	80.6	7.51e-200	560	1444	429	554	360
lcl|JAFBII010000016.1_prot_KAH7659799.1_868	GRMZM5G809546_T01.CDS	80.6	2.95e-200	561	1447	432	554	360
lcl|JAFBII010000016.1_prot_KAH7660140.1_1209	Potri.010G094600	82.2	4.06e-195	536	1380	332	336	325
lcl|JAFBII010000016.1_prot_KAH7660140.1_1209	Potri.008G147200	85.5	6.07e-190	521	1343	332	307	296
lcl|JAFBII010000016.1_prot_KAH7660141.1_1210	Potri.008G147200	81.0	8.56e-08	43.9	102	84	307	21
lcl|JAFBII010000016.1_prot_KAH7660206.1_1273	AT5G48230	80.5	2.74e-231	634	1634	415	404	399
lcl|JAFBII010000016.1_prot_KAH7660204.1_1274	AT5G48230	80.5	2.63e-231	633	1633	405	404	399
lcl|JAFBII010000016.1_prot_KAH7660205.1_1275	AT5G48230	80.5	2.63e-231	633	1633	405	404	399
lcl|JAFBII010000017.1_prot_KAH7657821.1_696	GRMZM2G076006_T02.CDS	83.2	2.09e-172	480	1235	359	348	273
lcl|JAFBII010000017.1_prot_KAH7657821.1_696	GRMZM2G076006_T03.CDS	83.0	7.00e-88	261	668	359	249	147
lcl|JAFBII010000017.1_prot_KAH7657821.1_696	GRMZM2G076006_T01.CDS	82.6	7.54e-52	164	414	359	94	92
lcl|JAFBII010000017.1_prot_KAH7657820.1_697	GRMZM2G076006_T02.CDS	84.5	4.30e-99	291	745	295	348	161
lcl|JAFBII010000017.1_prot_KAH7657822.1_698	GRMZM2G076006_T02.CDS	84.2	2.99e-109	316	809	266	348	177
lcl|JAFBII010000017.1_prot_KAH7657822.1_698	GRMZM2G076006_T03.CDS	83.0	2.75e-89	261	668	266	249	147
lcl|JAFBII010000017.1_prot_KAH7657828.1_704	GRMZM2G088305_T01.CDS	82.9	2.20e-15	73.2	178	896	249	41
lcl|JAFBII010000017.1_prot_KAH7657959.1_835	AtCg00280	87.5	1.53e-98	288	737	157	474	160
lcl|JAFBII010000017.1_prot_KAH7657960.1_836	AtCg00280	88.4	1.30e-85	254	649	139	474	138
lcl|JAFBII010000017.1_prot_KAH7657976.1_852	At3g48110	96.0	8.55e-14	60.1	144	65	1068	25
lcl|JAFBII010000017.1_prot_KAH7657988.1_864	At3g48110	96.0	8.55e-14	60.1	144	65	1068	25
lcl|JAFBII010000017.1_prot_KAH7658172.1_1048	GRMZM2G156158_T02.CDS	86.9	1.29e-28	108	270	763	158	61
lcl|JAFBII010000017.1_prot_KAH7658581.1_1457	GRMZM2G373175_T02.CDS	81.6	0.0	1708	4423	1055	1382	1060
lcl|JAFBII010000017.1_prot_KAH7658581.1_1457	GRMZM2G373175_T01.CDS	85.4	0.0	1358	3514	1055	1126	796
lcl|JAFBII010000017.1_prot_KAH7658583.1_1459	At2g01140	84.5	1.41e-236	645	1665	393	392	394
lcl|JAFBII010000017.1_prot_KAH7658714.1_1590	At5g14780	80.7	1.05e-228	625	1611	379	385	383
lcl|JAFBII010000017.1_prot_KAH7658715.1_1591	At5g14780	80.9	2.20e-228	624	1609	380	385	383
lcl|JAFBII010000017.1_prot_KAH7658910.1_1784	At5g14590	81.9	1.27e-264	724	1869	481	486	421
lcl|JAFBII010000017.1_prot_KAH7658909.1_1785	At5g14590	83.6	2.61e-254	697	1798	452	486	396
lcl|JAFBII010000017.1_prot_KAH7658908.1_1786	At5g14590	84.3	2.67e-228	630	1624	425	486	356
lcl|JAFBII010000017.1_prot_KAH7658911.1_1787	At5g14590	82.7	5.37e-203	561	1446	322	486	318
lcl|JAFBII010000011.1_prot_KAH7668282.1_31	Potri.009G125100	85.4	9.07e-201	548	1412	311	310	308
lcl|JAFBII010000011.1_prot_KAH7668321.1_70	At2g45290	84.0	0.0	1185	3065	744	742	681
lcl|JAFBII010000011.1_prot_KAH7668322.1_71	At2g45300	81.5	1.11e-268	738	1904	523	521	460
lcl|JAFBII010000011.1_prot_KAH7668322.1_71	At1g48860	81.1	4.44e-266	731	1887	523	522	460
lcl|JAFBII010000011.1_prot_KAH7668741.1_490	GRMZM2G088305_T01.CDS	96.3	1.17e-08	53.5	127	1194	249	27
lcl|JAFBII010000011.1_prot_KAH7668742.1_491	GRMZM2G088305_T01.CDS	96.3	1.19e-08	53.5	127	1206	249	27
lcl|JAFBII010000011.1_prot_KAH7668743.1_492	GRMZM2G088305_T01.CDS	96.3	1.20e-08	53.5	127	1214	249	27
lcl|JAFBII010000011.1_prot_KAH7668900.1_649	GRMZM2G087598_T01.CDS	89.7	0.0	1134	2933	693	678	661
lcl|JAFBII010000011.1_prot_KAH7668900.1_649	GRMZM2G087598_T03.CDS	89.7	0.0	1134	2933	693	678	661
lcl|JAFBII010000011.1_prot_KAH7668900.1_649	GRMZM2G110408_T02.CDS	89.7	0.0	1134	2932	693	678	661
lcl|JAFBII010000011.1_prot_KAH7668900.1_649	GRMZM2G110408_T01.CDS	89.7	0.0	1134	2932	693	678	661
lcl|JAFBII010000011.1_prot_KAH7668900.1_649	GRMZM2G110408_T03.CDS	89.7	0.0	1134	2932	693	678	661
lcl|JAFBII010000011.1_prot_KAH7668900.1_649	GRMZM2G087598_T02.CDS	85.2	5.05e-09	48.9	115	693	47	27
lcl|JAFBII010000011.1_prot_KAH7669145.1_894	GRMZM2G126361_T02.CDS	93.4	0.0	1102	2851	696	689	608
lcl|JAFBII010000011.1_prot_KAH7669145.1_894	GRMZM2G126361_T03.CDS	93.4	0.0	1102	2851	696	689	608
lcl|JAFBII010000011.1_prot_KAH7669145.1_894	GRMZM2G126361_T01.CDS	90.3	2.33e-164	474	1219	696	379	269
lcl|JAFBII010000011.1_prot_KAH7669249.1_998	Potri.008G084800	81.3	0.0	964	2493	568	564	568
lcl|JAFBII010000011.1_prot_KAH7669249.1_998	Potri.010G170000	80.4	0.0	953	2464	568	564	566
lcl|JAFBII010000011.1_prot_KAH7669280.1_1029	A0A8X8C3Q6	82.9	8.06e-82	254	649	156	874	146
lcl|JAFBII010000011.1_prot_KAH7669281.1_1030	A0A8X8C3Q6	82.9	8.06e-82	254	649	156	874	146
lcl|JAFBII010000011.1_prot_KAH7669282.1_1031	A0A8X8C3Q6	86.1	1.22e-92	283	725	168	874	158
lcl|JAFBII010000011.1_prot_KAH7669283.1_1032	A0A8X8C3Q6	86.1	1.22e-92	283	725	168	874	158
lcl|JAFBII010000011.1_prot_KAH7669284.1_1033	A0A8X8C3Q6	86.1	1.22e-92	283	725	168	874	158
lcl|JAFBII010000011.1_prot_KAH7669337.1_1086	At1g42970	84.3	1.45e-271	739	1907	449	448	453
lcl|JAFBII010000011.1_prot_KAH7669338.1_1087	At1g42970	90.8	3.52e-257	700	1807	400	448	379
lcl|JAFBII010000011.1_prot_KAH7669338.1_1087	At3g26650	81.4	1.75e-198	550	1416	400	397	344
lcl|JAFBII010000011.1_prot_KAH7669517.1_1265	At3g23940	81.8	0.0	968	2502	601	609	582
lcl|JAFBII010000011.1_prot_KAH7669518.1_1266	At3g23940	82.7	1.32e-295	809	2089	512	609	486
lcl|JAFBII010000011.1_prot_KAH7669516.1_1267	At3g23940	82.7	1.67e-295	809	2089	518	609	486
lcl|JAFBII010000011.1_prot_KAH7669686.1_1434	At2g20260	81.0	5.51e-34	112	280	134	146	63
lcl|JAFBII010000011.1_prot_KAH7669685.1_1435	At2g20260	83.3	6.53e-13	57.4	137	108	146	30
lcl|JAFBII010000011.1_prot_KAH7669693.1_1442	At1g04620	83.6	5.30e-278	756	1952	459	463	426
lcl|JAFBII010000011.1_prot_KAH7669694.1_1443	At1g04620	83.8	1.51e-226	621	1602	353	463	352
lcl|JAFBII010000011.1_prot_KAH7669695.1_1444	At1g04620	82.4	1.00e-167	469	1208	290	463	267
lcl|JAFBII010000010.1_prot_KAH7670078.1_20	At3g26650	85.3	8.65e-242	659	1701	404	397	387
lcl|JAFBII010000010.1_prot_KAH7670078.1_20	At1g12900	82.7	1.76e-238	653	1684	404	442	404
lcl|JAFBII010000010.1_prot_KAH7670154.1_96	GRMZM2G123922_T01.CDS	89.5	0.0	1555	4025	920	922	920
lcl|JAFBII010000010.1_prot_KAH7670154.1_96	GRMZM2G009443_T01.CDS	87.1	0.0	1508	3905	920	922	926
lcl|JAFBII010000010.1_prot_KAH7670154.1_96	GRMZM2G001084_T01.CDS	86.9	0.0	1196	3093	920	897	734
lcl|JAFBII010000010.1_prot_KAH7670155.1_97	GRMZM2G123922_T01.CDS	89.5	0.0	1555	4025	920	922	920
lcl|JAFBII010000010.1_prot_KAH7670155.1_97	GRMZM2G009443_T01.CDS	87.1	0.0	1508	3905	920	922	926
lcl|JAFBII010000010.1_prot_KAH7670155.1_97	GRMZM2G001084_T01.CDS	86.9	0.0	1196	3093	920	897	734
lcl|JAFBII010000010.1_prot_KAH7670156.1_98	GRMZM2G123922_T01.CDS	89.5	0.0	1555	4025	920	922	920
lcl|JAFBII010000010.1_prot_KAH7670156.1_98	GRMZM2G009443_T01.CDS	87.1	0.0	1508	3905	920	922	926
lcl|JAFBII010000010.1_prot_KAH7670156.1_98	GRMZM2G001084_T01.CDS	86.9	0.0	1196	3093	920	897	734
lcl|JAFBII010000010.1_prot_KAH7670476.1_418	Potri.017G059400	90.9	0.0	900	2325	485	486	485
lcl|JAFBII010000010.1_prot_KAH7670476.1_418	Potri.001G320500	91.3	0.0	899	2322	485	486	485
lcl|JAFBII010000010.1_prot_KAH7670563.1_504	At5g16440	84.8	1.34e-151	422	1086	300	292	237
lcl|JAFBII010000010.1_prot_KAH7670562.1_505	At5g16440	86.5	8.25e-127	356	914	219	292	193
lcl|JAFBII010000010.1_prot_KAH7670575.1_517	GRMZM2G120652_T01.CDS	87.6	1.92e-193	534	1375	314	414	314
lcl|JAFBII010000010.1_prot_KAH7670575.1_517	GRMZM5G850015_T01.CDS	87.1	1.98e-193	530	1365	314	318	317
lcl|JAFBII010000010.1_prot_KAH7670576.1_518	GRMZM2G120652_T01.CDS	87.6	1.92e-193	534	1375	314	414	314
lcl|JAFBII010000010.1_prot_KAH7670576.1_518	GRMZM5G850015_T01.CDS	87.1	1.98e-193	530	1365	314	318	317
lcl|JAFBII010000010.1_prot_KAH7670577.1_519	GRMZM2G120652_T01.CDS	87.6	1.92e-193	534	1375	314	414	314
lcl|JAFBII010000010.1_prot_KAH7670577.1_519	GRMZM5G850015_T01.CDS	87.1	1.98e-193	530	1365	314	318	317
lcl|JAFBII010000010.1_prot_KAH7670695.1_637	Potri.015G088500	82.2	1.87e-156	437	1124	321	329	269
lcl|JAFBII010000010.1_prot_KAH7670700.1_642	Potri.015G089600	81.9	3.54e-115	323	829	208	218	188
lcl|JAFBII010000010.1_prot_KAH7670701.1_643	Potri.015G089600	81.9	3.54e-115	323	829	208	218	188
lcl|JAFBII010000010.1_prot_KAH7670742.1_684	GRMZM2G018037_T01.CDS	80.3	1.51e-68	204	518	253	123	122
lcl|JAFBII010000010.1_prot_KAH7670743.1_685	GRMZM2G018037_T01.CDS	80.3	2.45e-68	204	518	267	123	122
lcl|JAFBII010000010.1_prot_KAH7670750.1_691	At2g30390	85.6	4.59e-267	734	1896	545	523	430
lcl|JAFBII010000010.1_prot_KAH7670749.1_692	At2g30390	85.6	1.29e-267	734	1896	512	523	430
lcl|JAFBII010000010.1_prot_KAH7670958.1_899	GRMZM2G370852_T01.CDS	85.3	0.0	872	2254	507	506	497
lcl|JAFBII010000010.1_prot_KAH7670958.1_899	GRMZM2G370852_T03.CDS	85.1	0.0	871	2250	507	506	497
lcl|JAFBII010000010.1_prot_KAH7670958.1_899	GRMZM2G010044_T04.CDS	84.8	6.99e-317	858	2217	507	503	494
lcl|JAFBII010000010.1_prot_KAH7670958.1_899	GRMZM2G010044_T03.CDS	87.5	1.07e-316	858	2216	507	505	472
lcl|JAFBII010000010.1_prot_KAH7670958.1_899	GRMZM2G010044_T01.CDS	87.5	1.11e-316	858	2216	507	506	472
lcl|JAFBII010000010.1_prot_KAH7670958.1_899	At4g13430	82.6	1.44e-313	850	2196	507	510	494
lcl|JAFBII010000010.1_prot_KAH7670957.1_900	GRMZM2G370852_T01.CDS	90.0	7.49e-321	866	2238	462	506	459
lcl|JAFBII010000010.1_prot_KAH7670957.1_900	GRMZM2G370852_T03.CDS	89.8	2.99e-320	865	2234	462	506	459
lcl|JAFBII010000010.1_prot_KAH7670957.1_900	GRMZM2G010044_T04.CDS	89.9	6.73e-317	856	2212	462	503	454
lcl|JAFBII010000010.1_prot_KAH7670957.1_900	GRMZM2G010044_T03.CDS	89.9	7.25e-317	856	2212	462	505	454
lcl|JAFBII010000010.1_prot_KAH7670957.1_900	GRMZM2G010044_T01.CDS	89.9	7.53e-317	856	2212	462	506	454
lcl|JAFBII010000010.1_prot_KAH7670957.1_900	At4g13430	85.6	1.71e-307	833	2151	462	510	458
lcl|JAFBII010000010.1_prot_KAH7670968.1_910	AT1G11860	80.7	2.08e-251	684	1766	409	409	409
lcl|JAFBII010000010.1_prot_KAH7670968.1_910	At1g11860	80.7	3.62e-251	684	1766	409	424	409
lcl|JAFBII010000010.1_prot_KAH7670968.1_910	A0A816UFB7	80.7	1.92e-241	685	1767	409	1103	409
lcl|JAFBII010000010.1_prot_KAH7671045.1_987	GRMZM2G088689_T08.CDS	81.1	3.41e-139	400	1028	473	347	238
lcl|JAFBII010000010.1_prot_KAH7671122.1_1062	At1g77490	80.1	1.07e-198	553	1424	432	427	342
lcl|JAFBII010000010.1_prot_KAH7671120.1_1063	At1g77490	82.5	9.58e-175	490	1261	383	427	291
lcl|JAFBII010000010.1_prot_KAH7671121.1_1064	At1g77490	81.9	3.62e-175	491	1264	385	427	293
lcl|JAFBII010000010.1_prot_KAH7671171.1_1113	At4g38970	81.7	1.17e-231	633	1633	389	399	399
lcl|JAFBII010000010.1_prot_KAH7671171.1_1113	At2g21330	81.2	1.41e-230	630	1626	389	400	398
lcl|JAFBII010000010.1_prot_KAH7671223.1_1165	Potri.005G139800	84.4	0.0	941	2432	551	560	552
lcl|JAFBII010000010.1_prot_KAH7671223.1_1165	Potri.007G045400	82.9	0.0	924	2388	551	560	544
lcl|JAFBII010000010.1_prot_KAH7671291.1_1233	Potri.005G190500	84.3	1.59e-285	776	2003	458	479	433
lcl|JAFBII010000010.1_prot_KAH7671291.1_1233	Potri.002G069800	80.7	1.17e-281	765	1976	458	464	455
lcl|JAFBII010000010.1_prot_KAH7671304.1_1248	At3g18680	84.6	2.99e-95	280	715	231	373	169
lcl|JAFBII010000010.1_prot_KAH7671477.1_1419	Potri.004G189900	86.9	1.39e-252	686	1770	394	390	381
lcl|JAFBII010000010.1_prot_KAH7671477.1_1419	Potri.009G150600	86.2	1.88e-250	681	1756	394	390	385
lcl|JAFBII010000015.1_prot_KAH7660698.1_145	Potri.017G092000	84.8	5.22e-309	836	2160	480	482	481
lcl|JAFBII010000015.1_prot_KAH7660698.1_145	Potri.004G118600	85.7	2.88e-306	829	2142	480	482	481
lcl|JAFBII010000015.1_prot_KAH7660698.1_145	Potri.008G094300	81.7	1.89e-297	807	2084	480	481	480
lcl|JAFBII010000015.1_prot_KAH7660698.1_145	Potri.010G159800	81.7	2.20e-296	804	2077	480	481	480
lcl|JAFBII010000015.1_prot_KAH7660699.1_146	Potri.017G092000	84.8	5.22e-309	836	2160	480	482	481
lcl|JAFBII010000015.1_prot_KAH7660699.1_146	Potri.004G118600	85.7	2.88e-306	829	2142	480	482	481
lcl|JAFBII010000015.1_prot_KAH7660699.1_146	Potri.008G094300	81.7	1.89e-297	807	2084	480	481	480
lcl|JAFBII010000015.1_prot_KAH7660699.1_146	Potri.010G159800	81.7	2.20e-296	804	2077	480	481	480
lcl|JAFBII010000015.1_prot_KAH7660700.1_147	Potri.017G092000	84.8	5.22e-309	836	2160	480	482	481
lcl|JAFBII010000015.1_prot_KAH7660700.1_147	Potri.004G118600	85.7	2.88e-306	829	2142	480	482	481
lcl|JAFBII010000015.1_prot_KAH7660700.1_147	Potri.008G094300	81.7	1.89e-297	807	2084	480	481	480
lcl|JAFBII010000015.1_prot_KAH7660700.1_147	Potri.010G159800	81.7	2.20e-296	804	2077	480	481	480
lcl|JAFBII010000015.1_prot_KAH7661010.1_457	At5g09650	87.6	1.61e-60	183	464	98	301	97
lcl|JAFBII010000015.1_prot_KAH7661208.1_655	At2g34590	85.1	9.29e-195	539	1389	368	407	323
lcl|JAFBII010000015.1_prot_KAH7661208.1_655	At1g30120	81.3	4.56e-188	522	1345	368	407	336
lcl|JAFBII010000015.1_prot_KAH7661222.1_669	Potri.006G020900	82.2	1.39e-290	792	2045	502	515	467
lcl|JAFBII010000015.1_prot_KAH7661404.1_851	At3g22960	86.7	2.07e-318	868	2244	569	597	505
lcl|JAFBII010000015.1_prot_KAH7661419.1_866	GRMZM2G051270_T01.CDS	80.5	8.99e-254	696	1796	462	490	425
lcl|JAFBII010000015.1_prot_KAH7661419.1_866	At4g14680	81.9	2.50e-230	637	1644	462	511	382
lcl|JAFBII010000015.1_prot_KAH7661580.1_1026	At5g20980	80.6	0.0	1229	3181	766	813	762
lcl|JAFBII010000015.1_prot_KAH7661769.1_1216	At1g03130	90.5	6.01e-100	284	726	193	205	148
lcl|JAFBII010000015.1_prot_KAH7661769.1_1216	At4g02770	90.5	6.89e-100	284	726	193	209	148
lcl|JAFBII010000015.1_prot_KAH7661797.1_1242	At3g04870	82.7	0.0	921	2381	576	559	543
lcl|JAFBII010000015.1_prot_KAH7661796.1_1243	At3g04870	80.3	0.0	882	2279	557	559	543
lcl|JAFBII010000015.1_prot_KAH7661795.1_1244	At3g04870	85.8	3.60e-267	732	1889	442	559	409
lcl|JAFBII010000015.1_prot_KAH7661882.1_1329	AtCg00150	84.8	2.96e-130	363	932	215	250	217
lcl|JAFBII010000015.1_prot_KAH7661951.1_1398	At1g56190	84.8	5.60e-265	727	1877	539	479	440
lcl|JAFBII010000015.1_prot_KAH7661951.1_1398	At3g12780	84.8	5.12e-264	725	1871	539	482	440
lcl|JAFBII010000015.1_prot_KAH7662177.1_1624	GRMZM2G018375_T02.CDS	80.6	5.47e-179	496	1278	350	355	319
lcl|JAFBII010000001.1_prot_KAH7691459.1_8	GRMZM5G868168_T03.CDS	82.9	1.32e-175	486	1251	346	313	293
lcl|JAFBII010000001.1_prot_KAH7691459.1_8	GRMZM5G868168_T04.CDS	82.9	2.08e-174	486	1251	346	390	293
lcl|JAFBII010000001.1_prot_KAH7691459.1_8	GRMZM5G868168_T01.CDS	89.4	2.34e-139	390	1003	346	218	216
lcl|JAFBII010000001.1_prot_KAH7691460.1_9	GRMZM5G868168_T03.CDS	82.9	1.32e-175	486	1251	346	313	293
lcl|JAFBII010000001.1_prot_KAH7691460.1_9	GRMZM5G868168_T04.CDS	82.9	2.08e-174	486	1251	346	390	293
lcl|JAFBII010000001.1_prot_KAH7691460.1_9	GRMZM5G868168_T01.CDS	89.4	2.34e-139	390	1003	346	218	216
lcl|JAFBII010000001.1_prot_KAH7691470.1_19	At5g60600	80.6	0.0	1202	3111	747	742	742
lcl|JAFBII010000001.1_prot_KAH7691642.1_191	At2g20260	82.1	8.02e-37	119	298	127	146	67
lcl|JAFBII010000001.1_prot_KAH7691642.1_191	At4g28750	81.5	3.51e-35	115	287	127	144	65
lcl|JAFBII010000001.1_prot_KAH7691685.1_234	At2g28190	80.4	2.91e-80	235	600	214	217	138
lcl|JAFBII010000001.1_prot_KAH7691686.1_235	At2g28190	80.5	2.13e-76	225	574	209	217	133
lcl|JAFBII010000001.1_prot_KAH7691914.1_463	GRMZM2G147450_T01.CDS	80.9	5.50e-201	555	1430	450	321	320
lcl|JAFBII010000001.1_prot_KAH7691915.1_464	GRMZM2G147450_T01.CDS	80.9	5.93e-201	555	1430	452	321	320
lcl|JAFBII010000001.1_prot_KAH7692087.1_635	At1g42970	80.6	1.36e-256	701	1809	452	448	453
lcl|JAFBII010000001.1_prot_KAH7692086.1_636	At1g42970	89.8	1.54e-249	680	1755	384	448	374
lcl|JAFBII010000001.1_prot_KAH7692086.1_636	At1g12900	81.0	4.09e-199	552	1423	384	442	348
lcl|JAFBII010000001.1_prot_KAH7692086.1_636	At3g26650	81.3	9.45e-199	550	1416	384	397	348
lcl|JAFBII010000001.1_prot_KAH7692097.1_647	AT5G17230	83.8	4.85e-195	539	1388	328	423	321
lcl|JAFBII010000001.1_prot_KAH7692097.1_647	At5g17230	80.1	7.45e-191	529	1362	328	438	336
lcl|JAFBII010000001.1_prot_KAH7692123.1_672	A0A8X8C3Q6	89.2	3.64e-96	293	749	167	874	158
lcl|JAFBII010000001.1_prot_KAH7692158.1_707	Potri.008G084800	84.3	0.0	984	2543	560	564	561
lcl|JAFBII010000001.1_prot_KAH7692158.1_707	Potri.010G170000	84.0	0.0	978	2527	560	564	561
lcl|JAFBII010000001.1_prot_KAH7692195.1_742	A0A5N6R1Y5	86.0	1.68e-249	694	1791	470	709	400
lcl|JAFBII010000001.1_prot_KAH7692194.1_743	A0A5N6R1Y5	86.5	1.60e-228	639	1647	419	709	364
lcl|JAFBII010000001.1_prot_KAH7692193.1_744	A0A5N6R1Y5	86.5	1.34e-242	674	1738	403	709	384
lcl|JAFBII010000001.1_prot_KAH7692242.1_790	GRMZM2G126361_T02.CDS	92.3	0.0	1098	2839	694	689	609
lcl|JAFBII010000001.1_prot_KAH7692242.1_790	GRMZM2G126361_T03.CDS	92.3	0.0	1098	2839	694	689	609
lcl|JAFBII010000001.1_prot_KAH7692242.1_790	GRMZM2G126361_T01.CDS	88.1	2.58e-160	463	1192	694	379	269
lcl|JAFBII010000001.1_prot_KAH7692241.1_791	GRMZM2G126361_T02.CDS	91.6	0.0	965	2494	657	689	538
lcl|JAFBII010000001.1_prot_KAH7692241.1_791	GRMZM2G126361_T03.CDS	91.6	0.0	965	2494	657	689	538
lcl|JAFBII010000001.1_prot_KAH7692241.1_791	GRMZM2G126361_T01.CDS	88.1	7.90e-161	463	1192	657	379	269
lcl|JAFBII010000001.1_prot_KAH7692362.1_911	At1g63970	81.7	3.38e-109	310	794	234	232	186
lcl|JAFBII010000001.1_prot_KAH7692440.1_989	Potri.003G120400	83.3	4.20e-157	442	1137	475	255	251
lcl|JAFBII010000001.1_prot_KAH7692507.1_1056	At1g01090	82.3	2.53e-214	591	1524	405	429	355
lcl|JAFBII010000001.1_prot_KAH7692521.1_1070	At2g45290	84.0	0.0	950	2455	559	742	549
lcl|JAFBII010000001.1_prot_KAH7692521.1_1070	At3g60750	84.1	0.0	941	2433	559	742	548
lcl|JAFBII010000001.1_prot_KAH7692892.1_1441	GRMZM2G088305_T01.CDS	96.3	1.11e-08	53.5	127	1137	249	27
lcl|JAFBII010000001.1_prot_KAH7692893.1_1442	GRMZM2G088305_T01.CDS	96.3	1.11e-08	53.5	127	1137	249	27
lcl|JAFBII010000019.1_prot_KAH7652241.1_58	At2g05710	84.0	0.0	1628	4216	966	991	955
lcl|JAFBII010000019.1_prot_KAH7652241.1_58	GRMZM2G020801_T01.CDS	88.9	0.0	1457	3773	966	798	796
lcl|JAFBII010000019.1_prot_KAH7652242.1_59	At2g05710	84.0	0.0	1628	4216	966	991	955
lcl|JAFBII010000019.1_prot_KAH7652242.1_59	GRMZM2G020801_T01.CDS	88.9	0.0	1457	3773	966	798	796
lcl|JAFBII010000019.1_prot_KAH7652243.1_60	At2g05710	84.0	0.0	1628	4216	966	991	955
lcl|JAFBII010000019.1_prot_KAH7652243.1_60	GRMZM2G020801_T01.CDS	88.9	0.0	1457	3773	966	798	796
lcl|JAFBII010000019.1_prot_KAH7652371.1_188	Potri.017G092000	84.8	3.80e-100	293	749	163	482	164
lcl|JAFBII010000019.1_prot_KAH7652371.1_188	Potri.004G118600	81.7	1.01e-94	279	713	163	482	164
lcl|JAFBII010000019.1_prot_KAH7652378.1_195	Potri.017G092000	86.1	1.15e-312	845	2184	480	482	481
lcl|JAFBII010000019.1_prot_KAH7652378.1_195	Potri.004G118600	85.9	7.08e-307	831	2146	480	482	481
lcl|JAFBII010000019.1_prot_KAH7652378.1_195	Potri.008G094300	84.0	2.17e-303	822	2123	480	481	480
lcl|JAFBII010000019.1_prot_KAH7652378.1_195	Potri.010G159800	83.5	2.94e-301	816	2109	480	481	480
lcl|JAFBII010000019.1_prot_KAH7652383.1_200	Potri.017G092000	86.3	2.83e-313	847	2188	480	482	481
lcl|JAFBII010000019.1_prot_KAH7652383.1_200	Potri.004G118600	86.1	4.99e-307	831	2147	480	482	481
lcl|JAFBII010000019.1_prot_KAH7652383.1_200	Potri.008G094300	83.8	5.10e-302	818	2114	480	481	480
lcl|JAFBII010000019.1_prot_KAH7652383.1_200	Potri.010G159800	83.5	3.43e-300	814	2102	480	481	480
lcl|JAFBII010000019.1_prot_KAH7652401.1_218	GRMZM2G162968_T01.CDS	84.0	0.0	1474	3816	981	975	923
lcl|JAFBII010000019.1_prot_KAH7652401.1_218	GRMZM2G130121_T01.CDS	81.8	0.0	984	2545	981	654	636
lcl|JAFBII010000019.1_prot_KAH7652546.1_363	GRMZM2G105644_T01.CDS	82.5	2.15e-265	724	1869	462	458	429
lcl|JAFBII010000019.1_prot_KAH7652546.1_363	At1g74470	81.1	1.55e-258	707	1825	462	468	435
lcl|JAFBII010000019.1_prot_KAH7652550.1_367	GRMZM2G087598_T02.CDS	81.5	4.86e-09	48.9	115	667	47	27
lcl|JAFBII010000019.1_prot_KAH7652551.1_368	GRMZM2G048836_T01.CDS	86.2	1.49e-297	816	2107	482	692	472
lcl|JAFBII010000019.1_prot_KAH7652551.1_368	GRMZM2G087598_T01.CDS	82.8	7.12e-283	778	2009	482	678	464
lcl|JAFBII010000019.1_prot_KAH7652551.1_368	GRMZM2G087598_T03.CDS	82.8	7.12e-283	778	2009	482	678	464
lcl|JAFBII010000019.1_prot_KAH7652551.1_368	GRMZM2G110408_T02.CDS	83.0	7.12e-283	778	2009	482	678	464
lcl|JAFBII010000019.1_prot_KAH7652551.1_368	GRMZM2G110408_T01.CDS	83.0	7.12e-283	778	2009	482	678	464
lcl|JAFBII010000019.1_prot_KAH7652551.1_368	GRMZM2G110408_T03.CDS	83.0	7.12e-283	778	2009	482	678	464
lcl|JAFBII010000019.1_prot_KAH7652551.1_368	GRMZM2G087598_T02.CDS	81.5	3.51e-09	48.9	115	482	47	27
lcl|JAFBII010000019.1_prot_KAH7653140.1_957	GRMZM2G460396_T01.CDS	88.8	0.0	1422	3681	1568	991	918
lcl|JAFBII010000019.1_prot_KAH7653212.1_1029	At1g06820	84.2	5.47e-317	865	2234	564	596	494
lcl|JAFBII010000019.1_prot_KAH7653220.1_1031	At1g06820	83.6	0.0	897	2319	586	596	518
lcl|JAFBII010000019.1_prot_KAH7653214.1_1032	At1g06820	83.3	4.95e-274	754	1946	514	596	437
lcl|JAFBII010000019.1_prot_KAH7653218.1_1033	At1g06820	83.3	4.95e-274	754	1946	514	596	437
lcl|JAFBII010000019.1_prot_KAH7653213.1_1034	At1g06820	86.6	1.89e-184	520	1340	370	596	290
lcl|JAFBII010000019.1_prot_KAH7653215.1_1035	At1g06820	86.6	1.89e-184	520	1340	370	596	290
lcl|JAFBII010000019.1_prot_KAH7653216.1_1036	At1g06820	86.6	1.89e-184	520	1340	370	596	290
lcl|JAFBII010000019.1_prot_KAH7653219.1_1037	At1g06820	86.6	1.89e-184	520	1340	370	596	290
lcl|JAFBII010000019.1_prot_KAH7653383.1_1198	Potri.011G051100	81.5	9.04e-07	44.3	103	504	121	27
lcl|JAFBII010000019.1_prot_KAH7653381.1_1199	Potri.011G051100	81.5	8.53e-07	44.3	103	479	121	27
lcl|JAFBII010000019.1_prot_KAH7653382.1_1201	Potri.011G051100	81.5	8.06e-07	44.3	103	456	121	27
lcl|JAFBII010000019.1_prot_KAH7653426.1_1243	GRMZM2G073351_T03.CDS	80.4	1.59e-214	589	1518	398	366	362
lcl|JAFBII010000019.1_prot_KAH7653426.1_1243	GRMZM2G073351_T01.CDS	87.0	1.58e-185	512	1319	398	285	284
lcl|JAFBII010000019.1_prot_KAH7653426.1_1243	GRMZM2G073351_T04.CDS	87.0	1.58e-185	512	1319	398	285	284
lcl|JAFBII010000019.1_prot_KAH7653426.1_1243	GRMZM2G084958_T02.CDS	80.8	4.29e-179	498	1282	398	336	297
lcl|JAFBII010000019.1_prot_KAH7653426.1_1243	GRMZM2G084958_T01.CDS	81.1	1.63e-171	477	1227	398	286	285
lcl|JAFBII010000019.1_prot_KAH7653731.1_1548	Potri.001G254001	83.1	3.26e-108	311	796	339	205	195
lcl|JAFBII010000019.1_prot_KAH7653780.1_1596	At3g57610	80.0	5.40e-267	731	1888	507	491	450
lcl|JAFBII010000019.1_prot_KAH7653779.1_1597	At3g57610	81.4	1.55e-231	639	1649	454	491	393
lcl|JAFBII010000019.1_prot_KAH7653790.1_1607	At5g04590	80.1	0.0	981	2536	693	643	583
lcl|JAFBII010000019.1_prot_KAH7653790.1_1607	GRMZM2G090338_T01.CDS	80.1	0.0	961	2484	693	636	583
lcl|JAFBII010000019.1_prot_KAH7653815.1_1632	Potri.009G058600	80.9	3.26e-214	585	1508	345	347	345
lcl|JAFBII010000019.1_prot_KAH7653846.1_1663	Potri.005G112900	84.3	1.52e-224	613	1580	366	364	362
lcl|JAFBII010000019.1_prot_KAH7653846.1_1663	Potri.007G057200	82.3	1.61e-219	600	1547	366	364	362
lcl|JAFBII010000019.1_prot_KAH7653846.1_1663	At5g66190	80.6	1.53e-214	587	1514	366	361	366
lcl|JAFBII010000019.1_prot_KAH7653992.1_1809	At5g64300	82.2	2.95e-254	699	1803	446	544	428
lcl|JAFBII010000019.1_prot_KAH7653999.1_1816	At1g22410	82.7	1.80e-306	834	2154	531	528	503
lcl|JAFBII010000019.1_prot_KAH7653999.1_1816	At4g39980	83.7	2.04e-300	818	2114	531	526	478
lcl|JAFBII010000019.1_prot_KAH7654447.1_2264	Potri.011G162500	97.7	0.0	877	2265	445	446	433
lcl|JAFBII010000019.1_prot_KAH7654447.1_2264	Potri.001G464400	97.2	0.0	874	2258	445	446	432
lcl|JAFBII010000019.1_prot_KAH7654447.1_2264	Potri.006G095000	95.6	0.0	864	2232	445	445	434
lcl|JAFBII010000019.1_prot_KAH7654447.1_2264	Potri.009G040200	96.1	1.68e-320	862	2228	445	451	433
lcl|JAFBII010000019.1_prot_KAH7654447.1_2264	Potri.016G033200	95.6	2.52e-320	862	2227	445	451	433
lcl|JAFBII010000019.1_prot_KAH7654447.1_2264	Potri.009G067200	95.6	3.39e-320	862	2226	445	447	433
lcl|JAFBII010000019.1_prot_KAH7654447.1_2264	Potri.003G125400	95.8	4.24e-320	861	2225	445	447	433
lcl|JAFBII010000019.1_prot_KAH7654447.1_2264	Potri.001G106100	95.6	1.27e-319	860	2222	445	448	433
lcl|JAFBII010000019.1_prot_KAH7654447.1_2264	Potri.001G246900	95.8	1.35e-319	860	2222	445	450	433
lcl|JAFBII010000019.1_prot_KAH7654447.1_2264	Potri.006G035400	95.4	2.70e-319	859	2220	445	449	433
lcl|JAFBII010000019.1_prot_KAH7654507.1_2324	At3g12780	83.7	1.23e-240	660	1702	401	482	399
lcl|JAFBII010000019.1_prot_KAH7654507.1_2324	At1g56190	82.7	4.47e-240	658	1698	401	479	399
lcl|JAFBII010000019.1_prot_KAH7654517.1_2336	Potri.006G020900	83.7	3.84e-290	788	2036	448	515	448
lcl|JAFBII010000019.1_prot_KAH7654517.1_2336	Potri.016G018500	83.3	7.39e-288	783	2021	448	515	448
lcl|JAFBII010000019.1_prot_KAH7654540.1_2357	Potri.001G159700	82.5	8.54e-305	826	2134	490	487	491
lcl|JAFBII010000019.1_prot_KAH7654540.1_2357	Potri.003G074700	81.9	1.25e-302	821	2120	490	489	491
lcl|JAFBII010000019.1_prot_KAH7654914.1_2730	GRMZM2G043453_T02.CDS	86.4	0.0	1077	2785	840	756	708
lcl|JAFBII010000019.1_prot_KAH7654914.1_2730	At1g08520	84.6	0.0	1045	2702	840	761	710
lcl|JAFBII010000019.1_prot_KAH7654914.1_2730	GRMZM2G043453_T01.CDS	85.9	0.0	962	2488	840	693	640
lcl|JAFBII010000019.1_prot_KAH7654913.1_2731	GRMZM2G043453_T02.CDS	86.6	0.0	1077	2784	745	756	708
lcl|JAFBII010000019.1_prot_KAH7654913.1_2731	At1g08520	84.6	0.0	1043	2697	745	761	710
lcl|JAFBII010000019.1_prot_KAH7654913.1_2731	GRMZM2G043453_T01.CDS	85.9	0.0	962	2488	745	693	640
lcl|JAFBII010000019.1_prot_KAH7654927.1_2744	Potri.001G253300	88.3	9.05e-272	735	1898	401	402	401
lcl|JAFBII010000019.1_prot_KAH7654927.1_2744	Potri.009G047700	88.1	8.16e-243	660	1704	401	365	360
lcl|JAFBII010000019.1_prot_KAH7654928.1_2745	Potri.009G047700	89.1	1.06e-243	662	1707	376	365	357
lcl|JAFBII010000019.1_prot_KAH7654928.1_2745	Potri.001G253300	88.2	4.86e-242	659	1700	376	402	357
lcl|JAFBII010000019.1_prot_KAH7655105.1_2922	GRMZM2G145595_T02.CDS	84.1	0.0	880	2274	566	563	534
lcl|JAFBII010000019.1_prot_KAH7655105.1_2922	GRMZM2G152958_T02.CDS	82.3	1.00e-319	870	2249	566	566	538
lcl|JAFBII010000019.1_prot_KAH7655105.1_2922	GRMZM2G073774_T01.CDS	82.3	1.00e-319	870	2249	566	566	538
lcl|JAFBII010000019.1_prot_KAH7655105.1_2922	GRMZM2G152958_T01.CDS	81.8	1.59e-286	785	2027	566	530	489
lcl|JAFBII010000019.1_prot_KAH7655105.1_2922	GRMZM2G145595_T01.CDS	87.5	8.65e-176	494	1272	566	281	279
lcl|JAFBII010000004.1_prot_KAH7684777.1_6	At2g43710	80.9	1.43e-234	641	1653	394	402	387
lcl|JAFBII010000004.1_prot_KAH7685402.1_631	GRMZM2G400604_T03.CDS	82.0	6.99e-244	668	1723	459	417	410
lcl|JAFBII010000004.1_prot_KAH7685402.1_631	GRMZM2G400604_T01.CDS	81.5	1.37e-216	597	1539	459	373	367
lcl|JAFBII010000004.1_prot_KAH7685402.1_631	GRMZM2G400604_T02.CDS	84.8	1.70e-165	464	1193	459	278	276
lcl|JAFBII010000004.1_prot_KAH7685717.1_945	At5g11520	81.7	1.49e-253	692	1786	424	449	410
lcl|JAFBII010000004.1_prot_KAH7685717.1_945	AT5G11520	81.7	1.55e-253	692	1786	424	450	410
lcl|JAFBII010000004.1_prot_KAH7685716.1_946	At5g11520	82.1	2.27e-233	639	1648	376	449	375
lcl|JAFBII010000004.1_prot_KAH7685716.1_946	AT5G11520	82.1	2.35e-233	639	1648	376	450	375
lcl|JAFBII010000004.1_prot_KAH7685722.1_951	GRMZM2G419806_T03.CDS	88.6	7.43e-229	628	1619	406	423	369
lcl|JAFBII010000004.1_prot_KAH7685722.1_951	GRMZM2G419806_T01.CDS	88.6	1.60e-228	628	1619	406	444	369
lcl|JAFBII010000004.1_prot_KAH7685722.1_951	GRMZM2G419806_T02.CDS	88.6	2.86e-228	628	1619	406	460	369
lcl|JAFBII010000004.1_prot_KAH7685722.1_951	At4g18480	81.2	2.28e-214	591	1524	406	425	373
lcl|JAFBII010000004.1_prot_KAH7685722.1_951	At5g45930	80.2	1.23e-212	587	1512	406	419	378
lcl|JAFBII010000004.1_prot_KAH7685723.1_952	GRMZM2G419806_T03.CDS	88.6	7.43e-229	628	1619	406	423	369
lcl|JAFBII010000004.1_prot_KAH7685723.1_952	GRMZM2G419806_T01.CDS	88.6	1.60e-228	628	1619	406	444	369
lcl|JAFBII010000004.1_prot_KAH7685723.1_952	GRMZM2G419806_T02.CDS	88.6	2.86e-228	628	1619	406	460	369
lcl|JAFBII010000004.1_prot_KAH7685723.1_952	At4g18480	81.2	2.28e-214	591	1524	406	425	373
lcl|JAFBII010000004.1_prot_KAH7685723.1_952	At5g45930	80.2	1.23e-212	587	1512	406	419	378
lcl|JAFBII010000004.1_prot_KAH7685911.1_1140	At5g53460	83.0	0.0	3606	9350	2192	2209	2152
lcl|JAFBII010000004.1_prot_KAH7685911.1_1140	GRMZM2G077054_T01.CDS	80.2	0.0	3441	8922	2192	2174	2126
lcl|JAFBII010000004.1_prot_KAH7685911.1_1140	GRMZM2G085078_T02.CDS	80.4	0.0	3432	8899	2192	2176	2121
lcl|JAFBII010000004.1_prot_KAH7685911.1_1140	GRMZM2G085078_T01.CDS	80.3	0.0	3429	8891	2192	2188	2127
lcl|JAFBII010000004.1_prot_KAH7685912.1_1141	At5g53460	83.0	0.0	3606	9350	2192	2209	2152
lcl|JAFBII010000004.1_prot_KAH7685912.1_1141	GRMZM2G077054_T01.CDS	80.2	0.0	3441	8922	2192	2174	2126
lcl|JAFBII010000004.1_prot_KAH7685912.1_1141	GRMZM2G085078_T02.CDS	80.4	0.0	3432	8899	2192	2176	2121
lcl|JAFBII010000004.1_prot_KAH7685912.1_1141	GRMZM2G085078_T01.CDS	80.3	0.0	3429	8891	2192	2188	2127
lcl|JAFBII010000004.1_prot_KAH7685913.1_1142	At5g53460	84.6	0.0	3154	8177	1855	2209	1843
lcl|JAFBII010000004.1_prot_KAH7685913.1_1142	GRMZM2G077054_T01.CDS	82.0	0.0	3031	7859	1855	2174	1835
lcl|JAFBII010000004.1_prot_KAH7685913.1_1142	GRMZM2G085078_T02.CDS	82.2	0.0	3026	7845	1855	2176	1830
lcl|JAFBII010000004.1_prot_KAH7685913.1_1142	GRMZM2G085078_T01.CDS	82.1	0.0	3023	7837	1855	2188	1836
lcl|JAFBII010000004.1_prot_KAH7685961.1_1189	GRMZM2G060156_T01.CDS	89.2	1.62e-67	203	516	301	125	111
lcl|JAFBII010000004.1_prot_KAH7685963.1_1190	GRMZM2G060156_T02.CDS	81.7	1.30e-194	535	1377	334	337	334
lcl|JAFBII010000004.1_prot_KAH7685963.1_1190	GRMZM2G060156_T01.CDS	89.2	3.26e-67	203	517	334	125	111
lcl|JAFBII010000004.1_prot_KAH7686317.1_1546	Potri.001G383500	87.3	0.0	1207	3124	673	671	670
lcl|JAFBII010000004.1_prot_KAH7686317.1_1546	Potri.011G103700	86.9	0.0	1204	3116	673	671	670
lcl|JAFBII010000004.1_prot_KAH7686317.1_1546	Potri.003G120000	81.1	8.66e-170	484	1245	673	303	286
lcl|JAFBII010000004.1_prot_KAH7686468.1_1697	At1g29900	85.3	0.0	1863	4827	1188	1188	1085
lcl|JAFBII010000004.1_prot_KAH7686533.1_1764	At5g62530	80.4	1.15e-276	756	1953	458	557	443
lcl|JAFBII010000004.1_prot_KAH7686780.1_2009	At1g01090	86.3	9.91e-227	624	1608	427	429	351
lcl|JAFBII010000004.1_prot_KAH7686978.1_2207	At4g08870	81.7	1.13e-202	555	1431	336	345	338
lcl|JAFBII010000004.1_prot_KAH7687012.1_2241	At1g19920	82.1	2.34e-266	727	1877	459	477	414
lcl|JAFBII010000004.1_prot_KAH7687012.1_2241	GRMZM2G158147_T01.CDS	80.5	3.20e-266	727	1876	459	476	436
lcl|JAFBII010000004.1_prot_KAH7687035.1_2264	Potri.007G013900	83.3	2.87e-218	598	1541	381	369	348
lcl|JAFBII010000004.1_prot_KAH7687231.1_2460	GRMZM2G088305_T01.CDS	100	7.72e-09	53.9	128	1069	249	27
lcl|JAFBII010000004.1_prot_KAH7687232.1_2461	GRMZM2G088305_T01.CDS	100	8.24e-09	53.9	128	1131	249	27
lcl|JAFBII010000004.1_prot_KAH7687233.1_2462	GRMZM2G088305_T01.CDS	100	8.24e-09	53.9	128	1131	249	27
lcl|JAFBII010000004.1_prot_KAH7687255.1_2484	GRMZM2G162529_T02.CDS	92.7	1.67e-231	630	1626	330	406	330
lcl|JAFBII010000004.1_prot_KAH7687255.1_2484	GRMZM2G026024_T01.CDS	93.0	1.93e-228	630	1624	330	583	330
lcl|JAFBII010000004.1_prot_KAH7687255.1_2484	At1g32060	91.7	8.63e-227	618	1594	330	396	327
lcl|JAFBII010000004.1_prot_KAH7687255.1_2484	GRMZM2G463280_T01.CDS	83.2	5.67e-201	552	1423	330	382	321
lcl|JAFBII010000004.1_prot_KAH7687255.1_2484	GRMZM2G463280_T02.CDS	83.7	2.79e-95	279	714	330	248	166
lcl|JAFBII010000004.1_prot_KAH7687255.1_2484	GRMZM2G162529_T01.CDS	92.7	1.02e-29	104	260	330	61	55
lcl|JAFBII010000004.1_prot_KAH7687299.1_2528	Potri.003G094500	83.2	0.0	1446	3742	858	862	857
lcl|JAFBII010000004.1_prot_KAH7687299.1_2528	Potri.001G139500	80.9	0.0	1402	3629	858	863	858
lcl|JAFBII010000004.1_prot_KAH7687300.1_2529	Potri.003G094500	83.2	0.0	1446	3742	858	862	857
lcl|JAFBII010000004.1_prot_KAH7687300.1_2529	Potri.001G139500	80.9	0.0	1402	3629	858	863	858
lcl|JAFBII010000004.1_prot_KAH7687301.1_2530	Potri.003G094500	83.2	0.0	1446	3742	858	862	857
lcl|JAFBII010000004.1_prot_KAH7687301.1_2530	Potri.001G139500	80.9	0.0	1402	3629	858	863	858
lcl|JAFBII010000004.1_prot_KAH7687302.1_2531	Potri.003G094500	83.2	0.0	1446	3742	858	862	857
lcl|JAFBII010000004.1_prot_KAH7687302.1_2531	Potri.001G139500	80.9	0.0	1402	3629	858	863	858
lcl|JAFBII010000004.1_prot_KAH7687508.1_2737	At4g33510	80.4	1.98e-274	751	1938	501	508	444
lcl|JAFBII010000004.1_prot_KAH7687592.1_2821	At3g60370	84.5	2.07e-31	105	263	57	272	58
lcl|JAFBII010000004.1_prot_KAH7687660.1_2890	At4g17300	81.5	3.06e-262	720	1858	428	588	428
lcl|JAFBII010000013.1_prot_KAH7665011.1_62	A0A7G2DUG9	86.2	7.20e-293	818	2113	572	963	471
lcl|JAFBII010000013.1_prot_KAH7665012.1_63	A0A7G2DUG9	84.5	1.07e-210	604	1557	463	963	354
lcl|JAFBII010000013.1_prot_KAH7665236.1_287	Potri.017G092000	87.9	3.78e-318	859	2220	480	482	480
lcl|JAFBII010000013.1_prot_KAH7665236.1_287	Potri.004G118600	87.7	1.34e-311	843	2177	480	482	480
lcl|JAFBII010000013.1_prot_KAH7665236.1_287	Potri.008G094300	85.0	4.12e-308	834	2154	480	481	479
lcl|JAFBII010000013.1_prot_KAH7665236.1_287	Potri.010G159800	85.0	1.95e-306	830	2143	480	481	479
lcl|JAFBII010000013.1_prot_KAH7665556.1_607	At3g63520	80.5	3.61e-266	728	1880	439	539	440
lcl|JAFBII010000013.1_prot_KAH7665745.1_796	Potri.006G102000	95.5	1.87e-237	663	1710	338	850	336
lcl|JAFBII010000013.1_prot_KAH7665745.1_796	Potri.016G119300	94.6	5.06e-236	659	1701	338	855	336
lcl|JAFBII010000013.1_prot_KAH7665745.1_796	Potri.010G034800	84.5	2.42e-214	605	1560	338	881	336
lcl|JAFBII010000013.1_prot_KAH7666127.1_1178	GRMZM2G149952_T01.CDS	82.4	1.09e-258	709	1829	470	488	426
lcl|JAFBII010000013.1_prot_KAH7666127.1_1178	GRMZM2G051270_T01.CDS	81.7	1.17e-258	709	1829	470	490	431
lcl|JAFBII010000013.1_prot_KAH7666283.1_1335	AtCg00140	88.9	8.08e-08	46.6	109	695	82	27
lcl|JAFBII010000006.1_prot_KAH7678590.1_95	Potri.008G100800	83.0	1.37e-303	825	2130	501	512	511
lcl|JAFBII010000006.1_prot_KAH7678590.1_95	At1g48030	82.1	9.66e-303	822	2124	501	508	507
lcl|JAFBII010000006.1_prot_KAH7678590.1_95	AT1G48030	82.1	9.66e-303	822	2124	501	508	507
lcl|JAFBII010000006.1_prot_KAH7678606.1_110	Potri.010G148100	81.1	1.55e-300	816	2108	498	497	498
lcl|JAFBII010000006.1_prot_KAH7678606.1_110	Potri.008G102800	81.1	8.96e-300	814	2103	498	497	498
lcl|JAFBII010000006.1_prot_KAH7678605.1_111	Potri.008G102800	82.8	1.97e-219	606	1562	382	497	367
lcl|JAFBII010000006.1_prot_KAH7678605.1_111	Potri.010G148100	82.3	2.28e-218	603	1555	382	497	367
lcl|JAFBII010000006.1_prot_KAH7678635.1_140	GRMZM2G145595_T02.CDS	84.3	0.0	893	2307	564	563	534
lcl|JAFBII010000006.1_prot_KAH7678635.1_140	GRMZM2G152958_T02.CDS	81.8	0.0	882	2279	564	566	545
lcl|JAFBII010000006.1_prot_KAH7678635.1_140	GRMZM2G073774_T01.CDS	81.8	0.0	882	2279	564	566	545
lcl|JAFBII010000006.1_prot_KAH7678635.1_140	GRMZM2G152958_T01.CDS	80.8	2.32e-290	795	2052	564	530	496
lcl|JAFBII010000006.1_prot_KAH7678635.1_140	GRMZM2G145595_T01.CDS	87.1	1.99e-176	496	1276	564	281	279
lcl|JAFBII010000006.1_prot_KAH7678848.1_353	GRMZM2G013236_T05.CDS	81.8	2.90e-261	712	1839	444	450	433
lcl|JAFBII010000006.1_prot_KAH7678848.1_353	GRMZM2G013236_T02.CDS	81.1	6.20e-224	615	1587	444	386	371
lcl|JAFBII010000006.1_prot_KAH7678848.1_353	GRMZM2G013236_T04.CDS	82.4	8.82e-200	552	1423	444	336	329
lcl|JAFBII010000006.1_prot_KAH7678886.1_391	A0A9E7H647	85.1	4.75e-44	147	371	138	524	87
lcl|JAFBII010000006.1_prot_KAH7678943.1_448	At3g48110	80.4	5.96e-18	76.6	187	172	1068	51
lcl|JAFBII010000006.1_prot_KAH7678974.1_479	At3g48110	80.4	5.96e-18	76.6	187	172	1068	51
lcl|JAFBII010000006.1_prot_KAH7679092.1_597	At2g35040	80.7	0.0	905	2340	596	597	553
lcl|JAFBII010000006.1_prot_KAH7679113.1_618	At3g12780	84.2	1.43e-239	657	1695	401	482	398
lcl|JAFBII010000006.1_prot_KAH7679113.1_618	At1g56190	83.4	2.58e-239	656	1693	401	479	398
lcl|JAFBII010000006.1_prot_KAH7679186.1_691	Potri.011G162500	96.8	0.0	871	2250	446	446	434
lcl|JAFBII010000006.1_prot_KAH7679186.1_691	Potri.001G464400	97.0	0.0	870	2247	446	446	431
lcl|JAFBII010000006.1_prot_KAH7679186.1_691	Potri.016G033200	94.7	9.99e-318	855	2210	446	451	435
lcl|JAFBII010000006.1_prot_KAH7679186.1_691	Potri.009G067200	94.9	1.73e-317	855	2208	446	447	433
lcl|JAFBII010000006.1_prot_KAH7679186.1_691	Potri.009G040200	94.5	1.17e-316	853	2203	446	451	435
lcl|JAFBII010000006.1_prot_KAH7679186.1_691	Potri.006G095000	95.1	1.87e-316	852	2201	446	445	431
lcl|JAFBII010000006.1_prot_KAH7679186.1_691	Potri.001G106100	94.5	2.98e-316	852	2200	446	448	435
lcl|JAFBII010000006.1_prot_KAH7679186.1_691	Potri.006G035400	94.0	3.10e-316	852	2200	446	449	435
lcl|JAFBII010000006.1_prot_KAH7679186.1_691	Potri.009G067100	94.2	5.79e-316	851	2198	446	447	433
lcl|JAFBII010000006.1_prot_KAH7679186.1_691	Potri.003G125400	94.3	8.22e-316	850	2197	446	447	435
lcl|JAFBII010000006.1_prot_KAH7679197.1_702	Potri.006G022000	82.3	3.13e-237	648	1672	418	391	390
lcl|JAFBII010000006.1_prot_KAH7679197.1_702	Potri.016G020000	82.2	1.65e-155	437	1123	418	278	270
lcl|JAFBII010000006.1_prot_KAH7679198.1_703	Potri.006G022000	82.3	3.13e-237	648	1672	418	391	390
lcl|JAFBII010000006.1_prot_KAH7679198.1_703	Potri.016G020000	82.2	1.65e-155	437	1123	418	278	270
lcl|JAFBII010000006.1_prot_KAH7679199.1_704	Potri.006G022000	82.3	3.13e-237	648	1672	418	391	390
lcl|JAFBII010000006.1_prot_KAH7679199.1_704	Potri.016G020000	82.2	1.65e-155	437	1123	418	278	270
lcl|JAFBII010000006.1_prot_KAH7679200.1_705	Potri.006G022000	82.3	3.13e-237	648	1672	418	391	390
lcl|JAFBII010000006.1_prot_KAH7679200.1_705	Potri.016G020000	82.2	1.65e-155	437	1123	418	278	270
lcl|JAFBII010000006.1_prot_KAH7679201.1_706	Potri.006G022000	82.3	3.13e-237	648	1672	418	391	390
lcl|JAFBII010000006.1_prot_KAH7679201.1_706	Potri.016G020000	82.2	1.65e-155	437	1123	418	278	270
lcl|JAFBII010000006.1_prot_KAH7679242.1_747	At5g40610	84.6	2.08e-85	252	643	149	401	149
lcl|JAFBII010000006.1_prot_KAH7679811.1_1316	At3g17820	87.3	9.73e-244	660	1704	357	355	353
lcl|JAFBII010000006.1_prot_KAH7679811.1_1316	At1g48470	81.1	1.55e-226	617	1591	357	354	350
lcl|JAFBII010000006.1_prot_KAH7679828.1_1333	At3g17810	84.7	1.01e-244	669	1726	427	427	386
lcl|JAFBII010000012.1_prot_KAH7666501.1_2	At3g54050	82.6	1.09e-225	620	1598	409	418	367
lcl|JAFBII010000012.1_prot_KAH7666500.1_3	At3g54050	84.5	1.35e-222	611	1576	394	418	349
lcl|JAFBII010000012.1_prot_KAH7666690.1_192	GRMZM2G088305_T01.CDS	81.8	3.42e-09	55.1	131	1133	249	33
lcl|JAFBII010000012.1_prot_KAH7666731.1_233	At5g61410	91.4	2.77e-157	436	1121	288	282	243
lcl|JAFBII010000012.1_prot_KAH7666733.1_234	At5g61410	91.4	2.77e-157	436	1121	288	282	243
lcl|JAFBII010000012.1_prot_KAH7666732.1_235	At5g61410	91.3	4.92e-134	377	967	277	282	207
lcl|JAFBII010000012.1_prot_KAH7666812.1_314	Potri.014G094900	92.6	0.0	876	2264	475	475	475
lcl|JAFBII010000012.1_prot_KAH7666812.1_314	Potri.002G167800	92.4	0.0	872	2254	475	475	475
lcl|JAFBII010000012.1_prot_KAH7666813.1_315	Potri.014G094900	92.6	0.0	876	2264	475	475	475
lcl|JAFBII010000012.1_prot_KAH7666813.1_315	Potri.002G167800	92.4	0.0	872	2254	475	475	475
lcl|JAFBII010000012.1_prot_KAH7666814.1_316	Potri.014G094900	92.6	0.0	876	2264	475	475	475
lcl|JAFBII010000012.1_prot_KAH7666814.1_316	Potri.002G167800	92.4	0.0	872	2254	475	475	475
lcl|JAFBII010000012.1_prot_KAH7666815.1_317	Potri.014G094900	92.6	0.0	876	2264	475	475	475
lcl|JAFBII010000012.1_prot_KAH7666815.1_317	Potri.002G167800	92.4	0.0	872	2254	475	475	475
lcl|JAFBII010000012.1_prot_KAH7666877.1_379	At1g64190	83.2	1.15e-299	813	2101	495	488	487
lcl|JAFBII010000012.1_prot_KAH7666877.1_379	At5g41670	82.8	2.31e-299	813	2099	495	488	488
lcl|JAFBII010000012.1_prot_KAH7666995.1_496	At5g13630	84.9	0.0	1571	4067	900	1382	926
lcl|JAFBII010000012.1_prot_KAH7666994.1_497	At5g13630	87.1	0.0	1631	4224	926	1382	926
lcl|JAFBII010000012.1_prot_KAH7667085.1_587	At2g41680	80.6	8.69e-284	778	2009	566	530	464
lcl|JAFBII010000012.1_prot_KAH7667087.1_589	GRMZM2G005973_T01.CDS	81.0	8.31e-145	409	1052	348	346	247
lcl|JAFBII010000012.1_prot_KAH7667112.1_613	At1g03475	84.5	2.71e-222	609	1571	396	387	348
lcl|JAFBII010000012.1_prot_KAH7667111.1_614	At1g03475	83.7	1.26e-202	559	1441	389	387	326
lcl|JAFBII010000012.1_prot_KAH7667340.1_841	At4g33030	81.9	1.02e-271	742	1915	483	478	447
lcl|JAFBII010000012.1_prot_KAH7667574.1_1076	Potri.011G064000	81.3	0.0	944	2439	605	594	562
lcl|JAFBII010000012.1_prot_KAH7667574.1_1076	Potri.T102400	81.1	0.0	942	2436	605	594	562
lcl|JAFBII010000012.1_prot_KAH7667695.1_1197	GRMZM2G145578_T01.CDS	80.5	3.19e-115	327	839	288	227	185
lcl|JAFBII010000012.1_prot_KAH7667957.1_1459	Potri.010G198800	87.0	5.63e-232	631	1628	361	362	361
lcl|JAFBII010000012.1_prot_KAH7667957.1_1459	Potri.008G060100	85.6	1.04e-227	620	1600	361	362	361
lcl|JAFBII010000012.1_prot_KAH7667957.1_1459	Potri.006G090300	86.7	3.85e-223	609	1570	361	362	361
lcl|JAFBII010000012.1_prot_KAH7667958.1_1460	Potri.010G198800	87.0	5.63e-232	631	1628	361	362	361
lcl|JAFBII010000012.1_prot_KAH7667958.1_1460	Potri.008G060100	85.6	1.04e-227	620	1600	361	362	361
lcl|JAFBII010000012.1_prot_KAH7667958.1_1460	Potri.006G090300	86.7	3.85e-223	609	1570	361	362	361
lcl|JAFBII010000012.1_prot_KAH7667959.1_1461	Potri.010G198800	87.0	5.63e-232	631	1628	361	362	361
lcl|JAFBII010000012.1_prot_KAH7667959.1_1461	Potri.008G060100	85.6	1.04e-227	620	1600	361	362	361
lcl|JAFBII010000012.1_prot_KAH7667959.1_1461	Potri.006G090300	86.7	3.85e-223	609	1570	361	362	361
lcl|JAFBII010000012.1_prot_KAH7667961.1_1463	GRMZM2G059314_T02.CDS	80.0	4.57e-26	97.1	240	311	134	55
lcl|JAFBII010000008.1_prot_KAH7673444.1_151	Potri.017G092000	89.4	0.0	875	2261	480	482	481
lcl|JAFBII010000008.1_prot_KAH7673444.1_151	Potri.004G118600	89.2	7.62e-318	858	2218	480	482	481
lcl|JAFBII010000008.1_prot_KAH7673444.1_151	Potri.008G094300	87.1	2.86e-315	852	2201	480	481	480
lcl|JAFBII010000008.1_prot_KAH7673444.1_151	Potri.010G159800	86.0	5.26e-311	841	2173	480	481	480
lcl|JAFBII010000008.1_prot_KAH7673445.1_152	Potri.017G092000	89.4	0.0	875	2261	480	482	481
lcl|JAFBII010000008.1_prot_KAH7673445.1_152	Potri.004G118600	89.2	7.62e-318	858	2218	480	482	481
lcl|JAFBII010000008.1_prot_KAH7673445.1_152	Potri.008G094300	87.1	2.86e-315	852	2201	480	481	480
lcl|JAFBII010000008.1_prot_KAH7673445.1_152	Potri.010G159800	86.0	5.26e-311	841	2173	480	481	480
lcl|JAFBII010000008.1_prot_KAH7673446.1_153	Potri.017G092000	89.4	0.0	875	2261	480	482	481
lcl|JAFBII010000008.1_prot_KAH7673446.1_153	Potri.004G118600	89.2	7.62e-318	858	2218	480	482	481
lcl|JAFBII010000008.1_prot_KAH7673446.1_153	Potri.008G094300	87.1	2.86e-315	852	2201	480	481	480
lcl|JAFBII010000008.1_prot_KAH7673446.1_153	Potri.010G159800	86.0	5.26e-311	841	2173	480	481	480
lcl|JAFBII010000008.1_prot_KAH7673447.1_154	Potri.017G092000	89.4	0.0	875	2261	480	482	481
lcl|JAFBII010000008.1_prot_KAH7673447.1_154	Potri.004G118600	89.2	7.62e-318	858	2218	480	482	481
lcl|JAFBII010000008.1_prot_KAH7673447.1_154	Potri.008G094300	87.1	2.86e-315	852	2201	480	481	480
lcl|JAFBII010000008.1_prot_KAH7673447.1_154	Potri.010G159800	86.0	5.26e-311	841	2173	480	481	480
lcl|JAFBII010000008.1_prot_KAH7673697.1_404	Potri.011G162500	97.5	0.0	871	2251	444	446	433
lcl|JAFBII010000008.1_prot_KAH7673697.1_404	Potri.001G464400	97.0	0.0	868	2244	444	446	432
lcl|JAFBII010000008.1_prot_KAH7673697.1_404	Potri.016G033200	96.3	0.0	864	2233	444	451	435
lcl|JAFBII010000008.1_prot_KAH7673697.1_404	Potri.006G035400	96.1	4.22e-320	861	2225	444	449	435
lcl|JAFBII010000008.1_prot_KAH7673697.1_404	Potri.009G067200	96.1	4.24e-320	861	2225	444	447	433
lcl|JAFBII010000008.1_prot_KAH7673697.1_404	Potri.009G040200	94.6	9.24e-320	860	2223	444	451	443
lcl|JAFBII010000008.1_prot_KAH7673697.1_404	Potri.009G067100	93.9	2.37e-319	859	2220	444	447	444
lcl|JAFBII010000008.1_prot_KAH7673697.1_404	Potri.003G125400	96.1	2.37e-319	859	2220	444	447	435
lcl|JAFBII010000008.1_prot_KAH7673697.1_404	Potri.001G106100	95.9	4.99e-319	858	2218	444	448	435
lcl|JAFBII010000008.1_prot_KAH7673697.1_404	Potri.006G095000	94.7	2.56e-318	857	2213	444	445	435
lcl|JAFBII010000008.1_prot_KAH7673699.1_405	At4g14910	83.5	2.36e-109	315	806	266	309	188
lcl|JAFBII010000008.1_prot_KAH7673698.1_406	At4g14910	83.5	4.92e-109	314	804	267	309	188
lcl|JAFBII010000008.1_prot_KAH7673762.1_469	GRMZM2G016602_T03.CDS	83.6	2.25e-228	627	1617	423	416	372
lcl|JAFBII010000008.1_prot_KAH7673762.1_469	GRMZM2G016602_T01.CDS	83.6	2.25e-228	627	1617	423	416	372
lcl|JAFBII010000008.1_prot_KAH7673762.1_469	GRMZM2G016602_T02.CDS	80.0	7.91e-224	616	1589	423	434	390
lcl|JAFBII010000008.1_prot_KAH7673762.1_469	GRMZM2G016602_T04.CDS	83.8	2.12e-159	446	1148	423	267	260
lcl|JAFBII010000008.1_prot_KAH7673773.1_480	At2g43750	81.4	6.46e-205	565	1456	383	393	338
lcl|JAFBII010000008.1_prot_KAH7673773.1_480	GRMZM2G082185_T01.CDS	83.7	1.14e-204	565	1455	383	399	338
lcl|JAFBII010000008.1_prot_KAH7673774.1_481	At2g43750	81.4	6.46e-205	565	1456	383	393	338
lcl|JAFBII010000008.1_prot_KAH7673774.1_481	GRMZM2G082185_T01.CDS	83.7	1.14e-204	565	1455	383	399	338
lcl|JAFBII010000008.1_prot_KAH7673775.1_482	At2g43750	81.4	6.46e-205	565	1456	383	393	338
lcl|JAFBII010000008.1_prot_KAH7673775.1_482	GRMZM2G082185_T01.CDS	83.7	1.14e-204	565	1455	383	399	338
lcl|JAFBII010000008.1_prot_KAH7673776.1_483	At2g43750	81.4	6.46e-205	565	1456	383	393	338
lcl|JAFBII010000008.1_prot_KAH7673776.1_483	GRMZM2G082185_T01.CDS	83.7	1.14e-204	565	1455	383	399	338
lcl|JAFBII010000008.1_prot_KAH7673777.1_484	At2g43750	81.4	6.46e-205	565	1456	383	393	338
lcl|JAFBII010000008.1_prot_KAH7673777.1_484	GRMZM2G082185_T01.CDS	83.7	1.14e-204	565	1455	383	399	338
lcl|JAFBII010000008.1_prot_KAH7673784.1_491	At5g63890	80.3	2.38e-251	689	1777	456	467	432
lcl|JAFBII010000008.1_prot_KAH7673785.1_492	At5g63890	80.3	2.38e-251	689	1777	456	467	432
lcl|JAFBII010000008.1_prot_KAH7673794.1_501	At5g63890	81.9	1.07e-255	701	1809	487	467	432
lcl|JAFBII010000008.1_prot_KAH7673797.1_502	At5g63890	81.9	1.07e-255	701	1809	487	467	432
lcl|JAFBII010000008.1_prot_KAH7673795.1_503	At5g63890	82.1	1.46e-256	701	1809	436	467	431
lcl|JAFBII010000008.1_prot_KAH7673796.1_504	At5g63890	82.1	1.46e-256	701	1809	436	467	431
lcl|JAFBII010000008.1_prot_KAH7673829.1_536	GRMZM2G013236_T05.CDS	80.0	9.69e-253	691	1782	435	450	430
lcl|JAFBII010000008.1_prot_KAH7673829.1_536	GRMZM2G013236_T02.CDS	80.6	7.22e-216	595	1533	435	386	366
lcl|JAFBII010000008.1_prot_KAH7673829.1_536	GRMZM2G013236_T04.CDS	81.5	1.14e-195	541	1395	435	336	329
lcl|JAFBII010000008.1_prot_KAH7673830.1_537	GRMZM2G013236_T05.CDS	81.0	1.16e-222	613	1581	405	450	374
lcl|JAFBII010000008.1_prot_KAH7673830.1_537	GRMZM2G013236_T04.CDS	81.9	1.39e-186	517	1332	405	336	310
lcl|JAFBII010000008.1_prot_KAH7673830.1_537	GRMZM2G013236_T02.CDS	81.9	8.46e-186	517	1332	405	386	310
lcl|JAFBII010000008.1_prot_KAH7673882.1_589	GRMZM2G569855_T01.CDS	82.0	8.39e-252	694	1791	593	430	422
lcl|JAFBII010000008.1_prot_KAH7673882.1_589	GRMZM2G569855_T02.CDS	84.1	3.95e-232	642	1657	593	387	377
lcl|JAFBII010000008.1_prot_KAH7674063.1_770	At2g44530	85.8	4.60e-190	528	1359	387	395	310
lcl|JAFBII010000008.1_prot_KAH7674409.1_1116	AtCg00280	93.3	4.97e-45	146	368	74	474	75
lcl|JAFBII010000008.1_prot_KAH7674411.1_1118	At3g19480	82.1	5.40e-319	871	2250	596	589	543
lcl|JAFBII010000008.1_prot_KAH7674431.1_1138	At2g04700	90.7	1.66e-83	238	607	145	147	118
lcl|JAFBII010000008.1_prot_KAH7674650.1_1357	At5g35360	81.3	3.23e-308	840	2169	536	556	524
lcl|JAFBII010000008.1_prot_KAH7674669.1_1376	Potri.005G183200	94.7	8.29e-07	43.1	100	623	67	19
lcl|JAFBII010000008.1_prot_KAH7674849.1_1556	At4g34200	80.5	7.13e-308	844	2180	610	604	544
lcl|JAFBII010000008.1_prot_KAH7674902.1_1609	Potri.018G100400	84.4	1.90e-276	750	1936	437	432	429
lcl|JAFBII010000008.1_prot_KAH7674902.1_1609	Potri.006G178500	83.9	5.21e-274	744	1920	437	432	429
lcl|JAFBII010000008.1_prot_KAH7674941.1_1647	At2g25080	84.8	1.74e-107	306	784	241	237	171
lcl|JAFBII010000008.1_prot_KAH7674941.1_1647	At4g31870	85.7	2.23e-107	306	783	241	234	168
lcl|JAFBII010000008.1_prot_KAH7674940.1_1648	At2g25080	81.3	2.30e-61	187	475	194	237	107
lcl|JAFBII010000008.1_prot_KAH7674940.1_1648	At4g31870	83.7	8.46e-61	186	471	194	234	104
lcl|JAFBII010000008.1_prot_KAH7675023.1_1730	At4g31990	86.5	1.05e-227	624	1608	347	454	347
lcl|JAFBII010000008.1_prot_KAH7675023.1_1730	AT4G31990	86.4	2.40e-226	620	1600	347	463	345
lcl|JAFBII010000008.1_prot_KAH7675250.1_1957	At5g20980	80.0	0.0	1227	3174	764	813	761
lcl|JAFBII010000008.1_prot_KAH7675254.1_1961	At5g52520	84.1	5.54e-310	844	2181	551	544	478
lcl|JAFBII010000008.1_prot_KAH7675527.1_2234	At1g70580	83.0	7.04e-305	826	2133	481	482	481
lcl|JAFBII010000008.1_prot_KAH7675527.1_2234	At1g23310	82.1	1.65e-303	822	2124	481	482	481
lcl|JAFBII010000008.1_prot_KAH7675528.1_2235	At1g70580	83.0	7.04e-305	826	2133	481	482	481
lcl|JAFBII010000008.1_prot_KAH7675528.1_2235	At1g23310	82.1	1.65e-303	822	2124	481	482	481
lcl|JAFBII010000008.1_prot_KAH7675529.1_2236	At1g70580	83.0	7.04e-305	826	2133	481	482	481
lcl|JAFBII010000008.1_prot_KAH7675529.1_2236	At1g23310	82.1	1.65e-303	822	2124	481	482	481
lcl|JAFBII010000008.1_prot_KAH7675581.1_2288	GRMZM2G181192_T01.CDS	80.1	1.06e-176	486	1250	293	291	291
lcl|JAFBII010000008.1_prot_KAH7675581.1_2288	GRMZM2G181192_T03.CDS	80.1	2.62e-176	486	1250	293	316	291
lcl|JAFBII010000008.1_prot_KAH7675581.1_2288	GRMZM2G181192_T02.CDS	80.1	2.62e-176	486	1250	293	316	291
lcl|JAFBII010000005.1_prot_KAH7680552.1_15	Potri.004G189900	81.6	2.35e-246	670	1729	393	390	391
lcl|JAFBII010000005.1_prot_KAH7680552.1_15	Potri.009G150600	81.8	3.88e-245	667	1721	393	390	391
lcl|JAFBII010000005.1_prot_KAH7680553.1_16	Potri.004G189900	81.6	2.35e-246	670	1729	393	390	391
lcl|JAFBII010000005.1_prot_KAH7680553.1_16	Potri.009G150600	81.8	3.88e-245	667	1721	393	390	391
lcl|JAFBII010000005.1_prot_KAH7680554.1_17	Potri.004G189900	81.6	2.35e-246	670	1729	393	390	391
lcl|JAFBII010000005.1_prot_KAH7680554.1_17	Potri.009G150600	81.8	3.88e-245	667	1721	393	390	391
lcl|JAFBII010000005.1_prot_KAH7680613.1_76	At5g22510	84.5	7.97e-320	876	2263	637	618	489
lcl|JAFBII010000005.1_prot_KAH7680614.1_77	At5g22510	89.0	1.52e-250	695	1794	517	618	364
lcl|JAFBII010000005.1_prot_KAH7680796.1_259	GRMZM2G088689_T06.CDS	80.3	5.77e-155	436	1122	466	255	254
lcl|JAFBII010000005.1_prot_KAH7680807.1_270	At1g77060	81.7	6.17e-172	478	1229	340	340	289
lcl|JAFBII010000005.1_prot_KAH7680842.1_305	Potri.002G069800	85.3	2.04e-291	791	2042	475	464	434
lcl|JAFBII010000005.1_prot_KAH7680842.1_305	Potri.005G190500	85.0	5.92e-290	788	2034	475	479	434
lcl|JAFBII010000005.1_prot_KAH7680965.1_428	GRMZM2G001904_T01.CDS	82.0	1.68e-95	278	711	352	180	172
lcl|JAFBII010000005.1_prot_KAH7681188.1_651	Potri.007G144600	80.2	6.17e-184	507	1306	340	322	318
lcl|JAFBII010000005.1_prot_KAH7681322.1_785	At5g36790	84.1	1.05e-195	539	1388	344	363	315
lcl|JAFBII010000005.1_prot_KAH7681322.1_785	At5g36700	84.1	1.05e-195	539	1388	344	363	315
lcl|JAFBII010000005.1_prot_KAH7681359.1_822	GRMZM2G162800_T02.CDS	86.7	3.82e-223	611	1576	387	391	353
lcl|JAFBII010000005.1_prot_KAH7681359.1_822	GRMZM2G162800_T03.CDS	80.6	3.97e-92	272	695	387	210	170
lcl|JAFBII010000005.1_prot_KAH7681704.1_1167	GRMZM2G062854_T01.CDS	94.9	1.63e-58	181	459	101	410	98
lcl|JAFBII010000005.1_prot_KAH7681704.1_1167	AtCg00480	95.9	1.93e-58	183	464	101	499	98
lcl|JAFBII010000005.1_prot_KAH7681704.1_1167	GRMZM2G448142_T03.CDS	94.9	3.86e-58	181	459	101	449	98
lcl|JAFBII010000005.1_prot_KAH7681704.1_1167	GRMZM2G448142_T02.CDS	94.9	3.86e-58	181	459	101	449	98
lcl|JAFBII010000005.1_prot_KAH7681704.1_1167	GRMZM2G385622_T01.CDS	94.9	1.06e-57	181	459	101	499	98
lcl|JAFBII010000005.1_prot_KAH7681704.1_1167	GRMZM2G448389_T01.CDS	94.9	1.06e-57	181	459	101	499	98
lcl|JAFBII010000005.1_prot_KAH7681704.1_1167	GRMZM5G808402_T01.CDS	94.9	1.06e-57	181	459	101	499	98
lcl|JAFBII010000005.1_prot_KAH7682059.1_1522	Potri.001G383500	84.6	0.0	1163	3008	671	671	669
lcl|JAFBII010000005.1_prot_KAH7682059.1_1522	Potri.011G103700	83.9	0.0	1162	3006	671	671	669
lcl|JAFBII010000005.1_prot_KAH7682060.1_1523	Potri.001G383500	84.6	0.0	1163	3008	671	671	669
lcl|JAFBII010000005.1_prot_KAH7682060.1_1523	Potri.011G103700	83.9	0.0	1162	3006	671	671	669
lcl|JAFBII010000005.1_prot_KAH7682791.1_2253	At3g14390	81.2	4.63e-272	743	1918	483	485	442
lcl|JAFBII010000005.1_prot_KAH7682791.1_2253	At5g11880	80.9	2.26e-271	741	1914	483	490	444
lcl|JAFBII010000005.1_prot_KAH7682790.1_2254	At5g11880	81.0	1.76e-207	577	1486	412	490	347
lcl|JAFBII010000005.1_prot_KAH7682790.1_2254	At3g14390	81.2	5.99e-207	575	1482	412	485	345
lcl|JAFBII010000005.1_prot_KAH7682921.1_2384	GRMZM2G120652_T01.CDS	89.5	9.91e-195	537	1383	310	414	313
lcl|JAFBII010000005.1_prot_KAH7682921.1_2384	GRMZM5G850015_T01.CDS	89.1	1.02e-194	533	1373	310	318	313
lcl|JAFBII010000005.1_prot_KAH7682934.1_2396	At5g66120	84.3	2.33e-226	624	1610	454	443	363
lcl|JAFBII010000005.1_prot_KAH7682933.1_2397	At5g66120	83.2	4.04e-197	550	1416	439	443	322
lcl|JAFBII010000005.1_prot_KAH7683042.1_2505	Potri.001G320500	90.3	0.0	885	2287	485	486	485
lcl|JAFBII010000005.1_prot_KAH7683042.1_2505	Potri.017G059400	88.9	0.0	872	2252	485	486	485
lcl|JAFBII010000005.1_prot_KAH7683138.1_2601	At5g40870	83.3	1.05e-275	755	1950	554	487	456
lcl|JAFBII010000005.1_prot_KAH7683138.1_2601	At3g27190	85.8	1.99e-270	742	1915	554	484	422
lcl|JAFBII010000005.1_prot_KAH7683233.1_2696	GRMZM2G177077_T01.CDS	89.0	0.0	934	2414	597	599	518
lcl|JAFBII010000005.1_prot_KAH7683233.1_2696	At5g13110	86.7	0.0	897	2317	597	597	504
lcl|JAFBII010000005.1_prot_KAH7683233.1_2696	At1g24280	84.0	0.0	882	2279	597	600	518
lcl|JAFBII010000005.1_prot_KAH7683233.1_2696	At5g35790	85.0	3.76e-314	858	2217	597	577	492
lcl|JAFBII010000005.1_prot_KAH7683314.1_2777	GRMZM2G123922_T01.CDS	88.8	0.0	1546	4002	921	922	917
lcl|JAFBII010000005.1_prot_KAH7683314.1_2777	GRMZM2G009443_T01.CDS	85.7	0.0	1494	3868	921	922	925
lcl|JAFBII010000005.1_prot_KAH7683314.1_2777	GRMZM2G001084_T01.CDS	86.2	0.0	1187	3071	921	897	731
lcl|JAFBII010000005.1_prot_KAH7683315.1_2778	GRMZM2G123922_T01.CDS	88.8	0.0	1546	4002	921	922	917
lcl|JAFBII010000005.1_prot_KAH7683315.1_2778	GRMZM2G009443_T01.CDS	85.7	0.0	1494	3868	921	922	925
lcl|JAFBII010000005.1_prot_KAH7683315.1_2778	GRMZM2G001084_T01.CDS	86.2	0.0	1187	3071	921	897	731
lcl|JAFBII010000005.1_prot_KAH7683402.1_2865	A0A7G2DUG9	85.2	1.60e-65	211	537	158	963	128
lcl|JAFBII010000005.1_prot_KAH7683404.1_2867	At5g36880	84.9	0.0	1243	3216	751	744	690
lcl|JAFBII010000005.1_prot_KAH7683467.1_2930	At1g23190	84.2	0.0	988	2555	582	584	583
lcl|JAFBII010000005.1_prot_KAH7683467.1_2930	At1g70730	84.3	0.0	978	2527	582	663	585
lcl|JAFBII010000005.1_prot_KAH7683468.1_2931	At3g17820	82.7	1.41e-236	642	1657	357	355	353
lcl|JAFBII010000005.1_prot_KAH7683482.1_2945	At1g22410	84.6	1.17e-305	832	2149	534	528	482
lcl|JAFBII010000005.1_prot_KAH7683763.1_3226	AtCg00020	94.1	2.60e-16	65.5	158	35	354	34
lcl|JAFBII010000005.1_prot_KAH7684135.1_3598	AT5G48230	84.1	3.63e-240	657	1696	448	404	402
lcl|JAFBII010000005.1_prot_KAH7684149.1_3612	At3g20330	85.2	1.20e-187	522	1345	408	391	311
lcl|JAFBII010000005.1_prot_KAH7684150.1_3613	At3g20330	85.2	1.20e-187	522	1345	408	391	311
lcl|JAFBII010000005.1_prot_KAH7684151.1_3614	At3g20330	85.2	1.20e-187	522	1345	408	391	311
lcl|JAFBII010000005.1_prot_KAH7684152.1_3615	At3g20330	85.2	1.20e-187	522	1345	408	391	311
lcl|JAFBII010000005.1_prot_KAH7684355.1_3818	At2g44350	83.9	1.92e-300	814	2102	471	475	472
lcl|JAFBII010000002.1_prot_KAH7689936.1_242	GRMZM2G177077_T01.CDS	81.7	1.07e-211	593	1530	461	599	350
lcl|JAFBII010000002.1_prot_KAH7689936.1_242	At5g13110	81.9	6.62e-210	589	1518	461	597	348
lcl|JAFBII010000002.1_prot_KAH7690053.1_361	GRMZM2G065194_T01.CDS	85.5	2.08e-102	294	752	165	342	165
lcl|JAFBII010000002.1_prot_KAH7690053.1_361	At5g04900	82.3	2.14e-96	279	713	165	349	164
lcl|JAFBII010000002.1_prot_KAH7690054.1_362	GRMZM2G065194_T01.CDS	85.5	2.08e-102	294	752	165	342	165
lcl|JAFBII010000002.1_prot_KAH7690054.1_362	At5g04900	82.3	2.14e-96	279	713	165	349	164
lcl|JAFBII010000002.1_prot_KAH7690055.1_363	GRMZM2G065194_T01.CDS	85.5	2.08e-102	294	752	165	342	165
lcl|JAFBII010000002.1_prot_KAH7690055.1_363	At5g04900	82.3	2.14e-96	279	713	165	349	164
lcl|JAFBII010000002.1_prot_KAH7690070.1_376	At2g05710	85.0	0.0	1608	4163	987	991	915
lcl|JAFBII010000002.1_prot_KAH7690070.1_376	GRMZM2G020801_T01.CDS	87.2	0.0	1428	3696	987	798	795
lcl|JAFBII010000002.1_prot_KAH7690687.1_993	Potri.009G040200	98.0	0.0	885	2288	447	451	441
lcl|JAFBII010000002.1_prot_KAH7690687.1_993	Potri.003G125400	97.7	0.0	881	2276	447	447	440
lcl|JAFBII010000002.1_prot_KAH7690687.1_993	Potri.001G106100	97.3	0.0	880	2273	447	448	441
lcl|JAFBII010000002.1_prot_KAH7690687.1_993	Potri.001G246900	97.5	0.0	877	2266	447	450	437
lcl|JAFBII010000002.1_prot_KAH7690687.1_993	Potri.006G035400	95.5	0.0	869	2246	447	449	444
lcl|JAFBII010000002.1_prot_KAH7690687.1_993	Potri.016G033200	95.5	0.0	868	2244	447	451	443
lcl|JAFBII010000002.1_prot_KAH7690687.1_993	Potri.009G067200	95.9	0.0	867	2240	447	447	441
lcl|JAFBII010000002.1_prot_KAH7690687.1_993	Potri.001G272800	95.0	0.0	865	2234	447	446	443
lcl|JAFBII010000002.1_prot_KAH7690687.1_993	Potri.009G067100	95.5	0.0	864	2233	447	447	443
lcl|JAFBII010000002.1_prot_KAH7690687.1_993	Potri.006G095000	96.1	8.51e-321	863	2231	447	445	441
lcl|JAFBII010000002.1_prot_KAH7690719.1_1025	Potri.003G126800	95.0	0.0	866	2238	443	445	439
lcl|JAFBII010000002.1_prot_KAH7690719.1_1025	Potri.001G104600	94.3	2.98e-319	859	2219	443	445	439
lcl|JAFBII010000002.1_prot_KAH7690719.1_1025	Potri.016G033200	92.1	3.45e-315	849	2193	443	451	442
lcl|JAFBII010000002.1_prot_KAH7690719.1_1025	Potri.009G067100	92.1	1.21e-314	847	2189	443	447	442
lcl|JAFBII010000002.1_prot_KAH7690719.1_1025	Potri.009G067200	91.8	1.72e-314	847	2188	443	447	441
lcl|JAFBII010000002.1_prot_KAH7690719.1_1025	Potri.006G035400	92.3	2.63e-314	847	2187	443	449	439
lcl|JAFBII010000002.1_prot_KAH7690719.1_1025	Potri.015G038800	91.8	2.63e-313	844	2180	443	445	439
lcl|JAFBII010000002.1_prot_KAH7690719.1_1025	Potri.012G047600	91.8	4.36e-312	841	2172	443	445	438
lcl|JAFBII010000002.1_prot_KAH7690719.1_1025	Potri.001G464400	92.1	6.44e-312	840	2171	443	446	432
lcl|JAFBII010000002.1_prot_KAH7690719.1_1025	Potri.001G272800	91.2	2.62e-311	839	2167	443	446	442
lcl|JAFBII010000002.1_prot_KAH7691168.1_1474	GRMZM2G069676_T01.CDS	82.5	1.81e-208	578	1491	351	543	348
lcl|JAFBII010000002.1_prot_KAH7691168.1_1474	GRMZM2G069676_T02.CDS	82.5	2.21e-207	578	1491	351	616	348
lcl|JAFBII010000014.1_prot_KAH7663120.1_503	Potri.004G199600	81.0	8.81e-216	590	1522	349	378	348
lcl|JAFBII010000014.1_prot_KAH7663253.1_636	At2g45290	83.6	0.0	1168	3021	750	742	688
lcl|JAFBII010000014.1_prot_KAH7663293.1_675	At2g05710	85.3	0.0	1573	4072	1003	991	898
lcl|JAFBII010000014.1_prot_KAH7663293.1_675	GRMZM2G020801_T01.CDS	87.5	0.0	1378	3567	1003	798	770
lcl|JAFBII010000014.1_prot_KAH7663536.1_919	AtCg00120	90.6	1.84e-86	259	662	180	508	159
lcl|JAFBII010000014.1_prot_KAH7663537.1_920	AtCg00120	91.8	6.52e-173	485	1248	303	508	282
lcl|JAFBII010000014.1_prot_KAH7663539.1_922	AtCg00140	95.1	6.59e-45	137	344	111	82	81
lcl|JAFBII010000014.1_prot_KAH7663540.1_923	AtCg00150	83.0	8.38e-96	273	699	157	250	159
lcl|JAFBII010000014.1_prot_KAH7663610.1_993	Potri.005G139800	80.8	0.0	923	2385	560	560	557
lcl|JAFBII010000014.1_prot_KAH7663934.1_1317	GRMZM2G164714_T01.CDS	82.0	1.66e-138	395	1016	272	491	245
lcl|JAFBII010000014.1_prot_KAH7663934.1_1317	GRMZM2G164714_T02.CDS	80.4	2.91e-133	382	981	272	487	245
lcl|JAFBII010000014.1_prot_KAH7663935.1_1318	GRMZM2G164714_T01.CDS	82.0	1.66e-138	395	1016	272	491	245
lcl|JAFBII010000014.1_prot_KAH7663935.1_1318	GRMZM2G164714_T02.CDS	80.4	2.91e-133	382	981	272	487	245
lcl|JAFBII010000014.1_prot_KAH7664027.1_1410	At5g13280	80.1	1.41e-268	741	1914	574	570	482
lcl|JAFBII010000014.1_prot_KAH7664029.1_1412	At5g13280	81.6	6.82e-226	629	1621	464	570	396
lcl|JAFBII010000014.1_prot_KAH7664086.1_1469	GRMZM5G840002_T01.CDS	80.9	1.59e-101	292	748	259	250	183
lcl|JAFBII010000014.1_prot_KAH7664086.1_1469	GRMZM5G840002_T02.CDS	80.9	1.59e-101	292	748	259	250	183
lcl|JAFBII010000014.1_prot_KAH7664086.1_1469	GRMZM5G840002_T03.CDS	80.9	1.59e-101	292	748	259	250	183
lcl|JAFBII010000014.1_prot_KAH7664110.1_1493	At2g43710	83.0	1.17e-224	616	1588	395	402	353
lcl|JAFBII010000014.1_prot_KAH7664111.1_1494	At2g43710	83.1	1.46e-213	585	1508	332	402	332
lcl|JAFBII010000014.1_prot_KAH7664185.1_1568	GRMZM2G099696_T02.CDS	85.0	5.83e-158	441	1133	322	319	266
lcl|JAFBII010000014.1_prot_KAH7664185.1_1568	GRMZM2G043602_T03.CDS	85.3	2.22e-156	436	1122	322	313	265
lcl|JAFBII010000014.1_prot_KAH7664185.1_1568	GRMZM2G043602_T02.CDS	84.9	1.96e-155	435	1118	322	335	265
lcl|JAFBII010000014.1_prot_KAH7664185.1_1568	GRMZM2G043602_T01.CDS	88.1	6.58e-135	379	972	322	226	218
lcl|JAFBII010000014.1_prot_KAH7664185.1_1568	GRMZM2G099696_T01.CDS	80.6	2.26e-42	141	355	322	176	93
lcl|JAFBII010000014.1_prot_KAH7664216.1_1599	At5g63310	87.6	3.00e-103	295	755	235	232	161
lcl|JAFBII010000014.1_prot_KAH7664616.1_1999	Potri.003G120000	87.2	1.22e-194	535	1379	382	303	297
lcl|JAFBII010000014.1_prot_KAH7664616.1_1999	Potri.001G112000	86.9	7.02e-194	533	1374	382	303	297
lcl|JAFBII010000014.1_prot_KAH7664616.1_1999	Potri.011G103700	83.1	1.15e-173	496	1277	382	671	284
lcl|JAFBII010000014.1_prot_KAH7664616.1_1999	Potri.001G383500	82.0	2.12e-171	490	1262	382	671	284
lcl|JAFBII010000014.1_prot_KAH7664792.1_2175	GRMZM5G898915_T04.CDS	80.0	2.89e-74	222	565	339	134	125
lcl|JAFBII010000018.1_prot_KAH7655359.1_77	At1g74960	81.6	4.13e-85	256	655	176	542	152
lcl|JAFBII010000018.1_prot_KAH7655360.1_78	At1g74960	85.5	9.71e-93	276	707	185	542	152
lcl|JAFBII010000018.1_prot_KAH7655758.1_476	Potri.011G162500	88.8	6.46e-75	225	574	125	446	125
lcl|JAFBII010000018.1_prot_KAH7655758.1_476	Potri.001G464400	88.0	1.82e-74	224	571	125	446	125
lcl|JAFBII010000018.1_prot_KAH7655758.1_476	Potri.005G239900	88.0	2.01e-74	224	571	125	450	125
lcl|JAFBII010000018.1_prot_KAH7655758.1_476	Potri.015G038800	86.4	1.99e-73	221	564	125	445	125
lcl|JAFBII010000018.1_prot_KAH7655758.1_476	Potri.006G095000	86.4	3.97e-73	221	562	125	445	125
lcl|JAFBII010000018.1_prot_KAH7655758.1_476	Potri.009G067200	86.4	4.17e-73	221	562	125	447	125
lcl|JAFBII010000018.1_prot_KAH7655758.1_476	Potri.009G067100	86.4	4.17e-73	221	562	125	447	125
lcl|JAFBII010000018.1_prot_KAH7655758.1_476	Potri.016G033200	86.4	4.61e-73	221	562	125	451	125
lcl|JAFBII010000018.1_prot_KAH7655758.1_476	Potri.012G047600	86.4	7.91e-73	220	560	125	445	125
lcl|JAFBII010000018.1_prot_KAH7655758.1_476	Potri.002G021800	86.4	1.27e-72	219	559	125	450	125
lcl|JAFBII010000018.1_prot_KAH7655768.1_485	At5g11520	80.0	7.40e-20	78.6	192	93	449	45
lcl|JAFBII010000018.1_prot_KAH7655768.1_485	AT5G11520	80.0	7.41e-20	78.6	192	93	450	45
lcl|JAFBII010000018.1_prot_KAH7655932.1_651	At5g08280	80.1	1.89e-146	413	1062	307	383	267
lcl|JAFBII010000018.1_prot_KAH7655934.1_653	At5g08280	80.1	1.89e-146	413	1062	307	383	267
lcl|JAFBII010000018.1_prot_KAH7655937.1_654	At5g08280	80.9	9.75e-176	487	1254	301	383	299
lcl|JAFBII010000018.1_prot_KAH7655935.1_655	At5g08280	81.1	5.66e-166	462	1188	285	383	281
lcl|JAFBII010000018.1_prot_KAH7656025.1_741	At3g17820	86.2	2.29e-223	610	1573	381	355	327
lcl|JAFBII010000018.1_prot_KAH7656025.1_741	At1g48470	80.6	1.85e-208	572	1475	381	354	324
lcl|JAFBII010000018.1_prot_KAH7656023.1_742	At3g17820	87.0	9.73e-244	660	1704	357	355	353
lcl|JAFBII010000018.1_prot_KAH7656023.1_742	At1g48470	81.1	6.58e-228	620	1600	357	354	350
lcl|JAFBII010000018.1_prot_KAH7656024.1_743	At3g17820	86.6	3.44e-211	576	1485	310	355	306
lcl|JAFBII010000018.1_prot_KAH7656024.1_743	At1g48470	80.9	4.86e-197	540	1392	310	354	303
lcl|JAFBII010000018.1_prot_KAH7656053.1_771	At4g08870	80.6	6.59e-13	57.4	137	63	345	31
lcl|JAFBII010000018.1_prot_KAH7656143.1_862	Potri.012G039000	83.5	1.50e-251	688	1775	394	502	401
lcl|JAFBII010000018.1_prot_KAH7656143.1_862	Potri.004G075300	86.3	5.31e-247	676	1745	394	501	373
lcl|JAFBII010000018.1_prot_KAH7656143.1_862	Potri.004G075200	80.8	2.00e-246	675	1741	394	499	401
lcl|JAFBII010000018.1_prot_KAH7656143.1_862	Potri.010G100500	81.1	6.88e-246	674	1738	394	504	402
lcl|JAFBII010000018.1_prot_KAH7656143.1_862	Potri.008G141100	81.0	1.36e-244	671	1730	394	509	401
lcl|JAFBII010000018.1_prot_KAH7656143.1_862	Potri.T059200	84.2	3.57e-244	669	1726	394	497	373
lcl|JAFBII010000018.1_prot_KAH7656145.1_863	Potri.010G100500	80.1	1.37e-231	637	1644	394	504	397
lcl|JAFBII010000018.1_prot_KAH7656146.1_864	Potri.010G100500	80.1	1.37e-231	637	1644	394	504	397
lcl|JAFBII010000018.1_prot_KAH7656160.1_878	At1g50480	85.9	0.0	1092	2825	636	635	633
lcl|JAFBII010000018.1_prot_KAH7656416.1_1134	At4g14210	83.0	0.0	915	2364	583	567	530
lcl|JAFBII010000018.1_prot_KAH7656417.1_1135	At4g14210	83.0	0.0	915	2364	583	567	530
lcl|JAFBII010000018.1_prot_KAH7656418.1_1136	At4g14210	83.0	0.0	915	2364	583	567	530
lcl|JAFBII010000018.1_prot_KAH7656571.1_1289	Potri.004G075200	86.5	0.0	868	2243	491	499	498
lcl|JAFBII010000018.1_prot_KAH7656571.1_1289	Potri.T059200	86.1	7.62e-321	867	2241	491	497	496
lcl|JAFBII010000018.1_prot_KAH7656571.1_1289	Potri.004G075300	85.4	4.54e-320	865	2236	491	501	500
lcl|JAFBII010000018.1_prot_KAH7656571.1_1289	Potri.008G141100	83.9	7.68e-316	855	2209	491	509	508
lcl|JAFBII010000018.1_prot_KAH7656571.1_1289	Potri.010G100500	84.7	2.36e-311	843	2179	491	504	498
lcl|JAFBII010000018.1_prot_KAH7656571.1_1289	Potri.T059300	80.6	1.52e-27	101	252	491	77	62
lcl|JAFBII010000018.1_prot_KAH7656600.1_1318	At5g57890	82.3	2.69e-123	350	897	290	274	198
lcl|JAFBII010000018.1_prot_KAH7656768.1_1486	Potri.016G120100	84.0	0.0	1020	2637	600	606	594
lcl|JAFBII010000018.1_prot_KAH7656768.1_1486	Potri.006G102500	85.0	0.0	1003	2594	600	606	565
lcl|JAFBII010000018.1_prot_KAH7656768.1_1486	Potri.011G064000	83.5	0.0	984	2544	600	594	562
lcl|JAFBII010000018.1_prot_KAH7656768.1_1486	Potri.T102400	83.3	0.0	983	2541	600	594	562
lcl|JAFBII010000018.1_prot_KAH7656768.1_1486	Potri.004G054100	82.5	0.0	982	2538	600	583	572
lcl|JAFBII010000018.1_prot_KAH7656768.1_1486	Potri.017G151900	80.8	0.0	964	2491	600	583	572
lcl|JAFBII010000018.1_prot_KAH7656768.1_1486	Potri.T143400	81.9	2.93e-200	559	1441	600	322	321
lcl|JAFBII010000018.1_prot_KAH7656873.1_1591	Potri.016G080500	80.1	2.19e-213	590	1520	418	436	367
lcl|JAFBII010000018.1_prot_KAH7656873.1_1591	Potri.006G214000	88.1	2.05e-212	587	1513	418	430	319
lcl|JAFBII010000018.1_prot_KAH7656873.1_1591	Potri.002G204400	82.5	3.46e-205	569	1467	418	445	320
lcl|JAFBII010000018.1_prot_KAH7656873.1_1591	Potri.014G129200	82.5	9.21e-205	568	1464	418	443	320
lcl|JAFBII010000018.1_prot_KAH7656906.1_1624	Potri.010G207200	90.9	3.46e-236	640	1652	343	347	340
lcl|JAFBII010000018.1_prot_KAH7656906.1_1624	Potri.008G053100	90.9	8.13e-235	637	1643	343	347	340
lcl|JAFBII010000018.1_prot_KAH7656906.1_1624	Potri.001G237200	90.7	1.15e-234	637	1642	343	347	344
lcl|JAFBII010000018.1_prot_KAH7656908.1_1625	Potri.010G207200	90.9	3.46e-236	640	1652	343	347	340
lcl|JAFBII010000018.1_prot_KAH7656908.1_1625	Potri.008G053100	90.9	8.13e-235	637	1643	343	347	340
lcl|JAFBII010000018.1_prot_KAH7656908.1_1625	Potri.001G237200	90.7	1.15e-234	637	1642	343	347	344
lcl|JAFBII010000018.1_prot_KAH7656907.1_1626	Potri.010G207200	92.3	6.00e-173	477	1227	257	347	247
lcl|JAFBII010000018.1_prot_KAH7656907.1_1626	Potri.008G053100	92.3	2.44e-172	475	1223	257	347	247
lcl|JAFBII010000018.1_prot_KAH7656907.1_1626	Potri.001G237200	92.0	1.64e-170	471	1211	257	347	251
lcl|JAFBII010000018.1_prot_KAH7656984.1_1702	GRMZM2G162282_T01.CDS	81.1	2.71e-259	709	1831	475	464	428
lcl|JAFBII010000018.1_prot_KAH7656985.1_1703	GRMZM2G162282_T01.CDS	81.1	2.71e-259	709	1831	475	464	428
lcl|JAFBII010000018.1_prot_KAH7656990.1_1708	GRMZM2G162282_T01.CDS	82.8	3.09e-234	650	1676	565	464	384
lcl|JAFBII010000018.1_prot_KAH7656991.1_1709	GRMZM2G162282_T01.CDS	82.8	3.09e-234	650	1676	565	464	384
lcl|JAFBII010000018.1_prot_KAH7657010.1_1726	Potri.010G198800	83.0	1.04e-234	639	1649	388	362	388
lcl|JAFBII010000018.1_prot_KAH7657010.1_1726	Potri.008G060100	82.5	1.41e-232	634	1635	388	362	388
lcl|JAFBII010000018.1_prot_KAH7657008.1_1727	Potri.010G198800	89.2	5.78e-241	654	1687	361	362	361
lcl|JAFBII010000018.1_prot_KAH7657008.1_1727	Potri.008G060100	88.6	7.85e-239	649	1673	361	362	361
lcl|JAFBII010000018.1_prot_KAH7657008.1_1727	Potri.006G090300	83.9	2.33e-224	612	1578	361	362	361
lcl|JAFBII010000018.1_prot_KAH7657009.1_1728	Potri.010G198800	89.2	5.78e-241	654	1687	361	362	361
lcl|JAFBII010000018.1_prot_KAH7657009.1_1728	Potri.008G060100	88.6	7.85e-239	649	1673	361	362	361
lcl|JAFBII010000018.1_prot_KAH7657009.1_1728	Potri.006G090300	83.9	2.33e-224	612	1578	361	362	361
lcl|JAFBII010000018.1_prot_KAH7657063.1_1781	Potri.009G040200	97.3	0.0	880	2275	447	451	441
lcl|JAFBII010000018.1_prot_KAH7657063.1_1781	Potri.001G106100	96.8	0.0	877	2267	447	448	441
lcl|JAFBII010000018.1_prot_KAH7657063.1_1781	Potri.003G125400	97.0	0.0	877	2266	447	447	440
lcl|JAFBII010000018.1_prot_KAH7657063.1_1781	Potri.016G033200	95.7	0.0	872	2253	447	451	445
lcl|JAFBII010000018.1_prot_KAH7657063.1_1781	Potri.001G246900	96.8	0.0	871	2251	447	450	437
lcl|JAFBII010000018.1_prot_KAH7657063.1_1781	Potri.009G067200	96.1	0.0	871	2250	447	447	441
lcl|JAFBII010000018.1_prot_KAH7657063.1_1781	Potri.009G067100	95.3	0.0	870	2247	447	447	445
lcl|JAFBII010000018.1_prot_KAH7657063.1_1781	Potri.006G095000	96.4	0.0	870	2247	447	445	442
lcl|JAFBII010000018.1_prot_KAH7657063.1_1781	Potri.001G272800	95.3	0.0	870	2247	447	446	443
lcl|JAFBII010000018.1_prot_KAH7657063.1_1781	Potri.006G035400	95.7	0.0	865	2236	447	449	440
lcl|JAFBII010000018.1_prot_KAH7657088.1_1806	At3g55800	81.7	1.67e-207	572	1474	391	394	355
lcl|JAFBII010000018.1_prot_KAH7657098.1_1816	GRMZM2G163193_T01.CDS	82.5	2.56e-53	177	449	852	123	114
lcl|JAFBII010000007.1_prot_KAH7676256.1_47	GRMZM2G039396_T01.CDS	83.7	8.99e-297	810	2092	537	538	486
lcl|JAFBII010000007.1_prot_KAH7676296.1_87	GRMZM2G044819_T03.CDS	83.6	2.50e-278	764	1974	640	463	450
lcl|JAFBII010000007.1_prot_KAH7676566.1_357	GRMZM2G387383_T01.CDS	88.4	0.0	944	2439	972	583	536
lcl|JAFBII010000007.1_prot_KAH7676572.1_360	GRMZM2G088305_T01.CDS	81.8	3.43e-09	55.1	131	1136	249	33
lcl|JAFBII010000007.1_prot_KAH7676571.1_361	GRMZM2G088305_T01.CDS	81.8	3.43e-09	55.1	131	1135	249	33
lcl|JAFBII010000007.1_prot_KAH7676569.1_362	GRMZM2G088305_T01.CDS	81.8	3.37e-09	55.1	131	1119	249	33
lcl|JAFBII010000007.1_prot_KAH7676570.1_363	GRMZM2G088305_T01.CDS	81.8	3.37e-09	55.1	131	1118	249	33
lcl|JAFBII010000007.1_prot_KAH7676721.1_512	Potri.014G094900	93.2	0.0	883	2281	474	475	474
lcl|JAFBII010000007.1_prot_KAH7676721.1_512	Potri.002G167800	92.8	0.0	878	2268	474	475	474
lcl|JAFBII010000007.1_prot_KAH7676827.1_617	At4g15560	81.0	0.0	1153	2983	718	718	717
lcl|JAFBII010000007.1_prot_KAH7676826.1_618	At4g15560	81.5	0.0	1080	2792	672	718	672
lcl|JAFBII010000007.1_prot_KAH7676833.1_624	At4g15530	81.7	0.0	1435	3714	952	964	873
lcl|JAFBII010000007.1_prot_KAH7676907.1_698	At5g35630	80.5	9.86e-267	725	1872	436	431	436
lcl|JAFBII010000007.1_prot_KAH7677006.1_797	At5g04140	81.8	0.0	2600	6740	1609	1649	1585
lcl|JAFBII010000007.1_prot_KAH7677006.1_797	At2g41220	80.0	0.0	2546	6599	1609	1630	1578
lcl|JAFBII010000007.1_prot_KAH7677007.1_798	At5g04140	81.8	0.0	2600	6740	1609	1649	1585
lcl|JAFBII010000007.1_prot_KAH7677007.1_798	At2g41220	80.0	0.0	2546	6599	1609	1630	1578
lcl|JAFBII010000007.1_prot_KAH7677258.1_1049	Potri.016G033200	98.0	0.0	887	2292	446	451	442
lcl|JAFBII010000007.1_prot_KAH7677258.1_1049	Potri.009G067200	97.3	0.0	886	2290	446	447	443
lcl|JAFBII010000007.1_prot_KAH7677258.1_1049	Potri.009G067100	96.4	0.0	884	2284	446	447	446
lcl|JAFBII010000007.1_prot_KAH7677258.1_1049	Potri.006G035400	97.5	0.0	882	2279	446	449	440
lcl|JAFBII010000007.1_prot_KAH7677258.1_1049	Potri.001G272800	96.8	0.0	880	2274	446	446	442
lcl|JAFBII010000007.1_prot_KAH7677258.1_1049	Potri.015G038800	95.9	0.0	871	2251	446	445	439
lcl|JAFBII010000007.1_prot_KAH7677258.1_1049	Potri.009G040200	96.1	0.0	871	2250	446	451	441
lcl|JAFBII010000007.1_prot_KAH7677258.1_1049	Potri.003G125400	96.1	0.0	868	2243	446	447	440
lcl|JAFBII010000007.1_prot_KAH7677258.1_1049	Potri.001G106100	95.7	0.0	867	2241	446	448	441
lcl|JAFBII010000007.1_prot_KAH7677258.1_1049	Potri.001G272700	96.4	0.0	867	2240	446	443	442
lcl|JAFBII010000007.1_prot_KAH7677393.1_1184	At3g56940	81.1	3.97e-239	653	1685	405	410	412
lcl|JAFBII010000007.1_prot_KAH7677721.1_1512	GRMZM2G088847_T03.CDS	89.5	1.01e-31	105	263	133	122	57
lcl|JAFBII010000007.1_prot_KAH7677721.1_1512	GRMZM2G088847_T01.CDS	89.5	1.01e-31	105	263	133	122	57
lcl|JAFBII010000007.1_prot_KAH7677721.1_1512	GRMZM2G088847_T04.CDS	87.9	1.20e-31	105	262	133	116	58
lcl|JAFBII010000007.1_prot_KAH7677721.1_1512	GRMZM2G088847_T05.CDS	87.9	1.20e-31	105	262	133	116	58
lcl|JAFBII010000007.1_prot_KAH7677769.1_1559	At2g40490	81.9	1.86e-220	605	1559	389	395	370
lcl|JAFBII010000007.1_prot_KAH7677768.1_1560	At2g40490	85.4	5.43e-195	537	1383	312	395	309
lcl|JAFBII010000007.1_prot_KAH7677895.1_1686	At4g23100	85.2	3.05e-302	822	2124	516	523	458
lcl|JAFBII010000007.1_prot_KAH7677896.1_1687	At4g23100	85.2	3.05e-302	822	2124	516	523	458
lcl|JAFBII010000007.1_prot_KAH7677906.1_1697	At3g51820	85.5	7.24e-218	597	1539	369	388	338
lcl|JAFBII010000007.1_prot_KAH7677907.1_1698	At3g51820	85.5	7.24e-218	597	1539	369	388	338
lcl|JAFBII010000007.1_prot_KAH7677926.1_1717	Potri.001G279100	81.0	0.0	1179	3049	748	749	759
lcl|JAFBII010000007.1_prot_KAH7678142.1_1934	GRMZM2G162282_T01.CDS	85.0	1.91e-244	668	1723	382	464	381
lcl|JAFBII010000007.1_prot_KAH7678157.1_1948	Potri.010G198800	87.5	7.02e-213	582	1499	329	362	329
lcl|JAFBII010000007.1_prot_KAH7678157.1_1948	Potri.008G060100	86.0	4.51e-209	572	1474	329	362	329
lcl|JAFBII010000007.1_prot_KAH7678157.1_1948	Potri.006G090300	82.1	4.83e-197	541	1395	329	362	329
lcl|JAFBII010000007.1_prot_KAH7678158.1_1949	Potri.010G198800	87.5	7.02e-213	582	1499	329	362	329
lcl|JAFBII010000007.1_prot_KAH7678158.1_1949	Potri.008G060100	86.0	4.51e-209	572	1474	329	362	329
lcl|JAFBII010000007.1_prot_KAH7678158.1_1949	Potri.006G090300	82.1	4.83e-197	541	1395	329	362	329
lcl|JAFBII010000007.1_prot_KAH7678213.1_2004	At2g29630	82.6	0.0	1079	2790	640	645	614
