psbA|GeneID:9829619|photosystem_II_protein_D1	AtCg00020	99.7	3.00e-264	712	1838	353	354	353
psbK|GeneID:9829623|photosystem_II_protein_K	AtCg00070	82.0	4.25e-29	94.4	233	61	62	61
psbI|GeneID:9829624|photosystem_II_protein_I	AtCg00080	100	2.42e-20	70.5	171	36	37	36
atpA|GeneID:9829627|ATP_synthase_CF1_alpha_subunit	AtCg00120	95.4	0.0	904	2335	507	508	505
atpF|GeneID:9829628|ATP_synthase_CF0_subunit_I	AtCg00130	89.1	5.58e-112	313	802	184	185	184
atpH|GeneID:9829629|ATP_synthase_CF0_subunit_III	AtCg00140	98.8	5.85e-47	140	354	81	82	81
atpI|GeneID:9829630|ATP_synthase_CF0_subunit_IV	AtCg00150	93.2	6.11e-168	460	1183	247	250	249
psbM|GeneID:9829637|photosystem_II_protein_M	AtCg00220	97.1	8.17e-16	58.9	141	34	35	34
psbD|GeneID:9829642|photosystem_II_protein_D2	AtCg00270	99.2	1.61e-268	723	1866	353	354	353
psbC|GeneID:9829643|photosystem_II_CP43_chlorophyll_apoprotein	AtCg00280	98.9	0.0	977	2526	473	474	473
psbZ|GeneID:9829645|PsbZ	AtCg00300	96.8	7.20e-35	108	271	62	63	62
psaB|GeneID:9829649|photosystem_I_P700_apoprotein_A2	AtCg00340	97.5	0.0	1508	3903	734	735	734
psaA|GeneID:9829650|photosystem_I_P700_apoprotein_A1	AtCg00350	98.8	0.0	1528	3955	750	751	750
ndhJ|GeneID:9829657|NADH	AtCg00420	90.5	2.26e-112	312	799	158	159	158
ndhC|GeneID:9829659|NADH	AtCg00440	91.7	1.25e-75	216	550	120	121	120
atpE|GeneID:9829662|ATP_synthase_CF1_epsilon_subunit	AtCg00470	92.4	2.50e-81	231	590	133	133	132
atpB|GeneID:9829663|ATP_synthase_CF1_beta_subunit	AtCg00480	95.4	0.0	916	2368	498	499	498
atpB|GeneID:9829663|ATP_synthase_CF1_beta_subunit	GRMZM2G385622_T01.CDS	92.0	0.0	890	2301	498	499	498
atpB|GeneID:9829663|ATP_synthase_CF1_beta_subunit	GRMZM5G808402_T01.CDS	92.0	0.0	890	2301	498	499	498
atpB|GeneID:9829663|ATP_synthase_CF1_beta_subunit	GRMZM2G448389_T01.CDS	91.8	0.0	889	2297	498	499	498
atpB|GeneID:9829663|ATP_synthase_CF1_beta_subunit	GRMZM2G062854_T01.CDS	91.4	9.28e-269	732	1890	498	410	409
atpB|GeneID:9829663|ATP_synthase_CF1_beta_subunit	GRMZM2G448142_T03.CDS	95.4	2.29e-246	677	1747	498	449	368
atpB|GeneID:9829663|ATP_synthase_CF1_beta_subunit	GRMZM2G448142_T02.CDS	95.4	2.29e-246	677	1747	498	449	368
rbcL|GeneID:9829664|ribulose	AtCg00490	94.7	0.0	931	2407	475	480	475
rbcL|GeneID:9829664|ribulose	GRMZM2G360821_T01.CDS	93.9	0.0	928	2399	475	484	476
rbcL|GeneID:9829664|ribulose	GRMZM2G385635_T01.CDS	93.9	0.0	928	2399	475	484	476
rbcL|GeneID:9829664|ribulose	GRMZM2G448344_T01.CDS	93.9	0.0	928	2399	475	484	476
rbcL|GeneID:9829664|ribulose	GRMZM5G815453_T01.CDS	93.9	0.0	928	2399	475	484	476
psaI|GeneID:9829666|photosystem_I_subunit_VIII	AtCg00510	86.5	4.15e-17	62.4	150	37	38	37
psbJ|GeneID:9829670|photosystem_II_protein_J	AtCg00550	95.0	7.87e-23	77.0	188	40	41	40
psbF|GeneID:9829672|photosystem_II_cytochrome_b559_beta_subunit	AtCg00570	100	2.66e-25	83.2	204	39	40	39
psbE|GeneID:9829673|photosystem_II_cytochrome_b559_alpha_subunit	AtCg00580	100	1.02e-59	173	438	83	84	83
psaJ|GeneID:9829678|photosystem_I_subunit_IX	AtCg00630	97.7	6.53e-28	90.1	222	44	45	44
psbB|GeneID:9829684|photosystem_II_CP47_chlorophyll_apoprotein	AtCg00680	98.0	0.0	1048	2711	508	509	508
psbT|GeneID:9829685|photosystem_II_protein_T	AtCg00690	93.9	1.66e-16	60.8	146	38	34	33
psbN|GeneID:9829686|photosystem_II_protein_N	AtCg00700	97.7	4.17e-26	85.5	210	43	44	43
psbH|GeneID:9829687|photosystem_II_phosphoprotein	AtCg00710	93.2	3.75e-44	133	334	73	74	73
ndhB|GeneID:9829705|NADH	AtCg00890	97.4	8.51e-270	734	1896	510	390	387
ndhF|GeneID:9829714|NADH	AtCg01010	80.3	0.0	1144	2960	735	747	736
ndhD|GeneID:9829718|NADH	AtCg01050	87.4	1.02e-315	855	2209	500	507	499
ndhD|GeneID:9829718|NADH	GRMZM5G800096_T01.CDS	81.5	1.32e-297	810	2091	500	516	497
psaC|GeneID:9829719|photosystem_I_subunit_VII	AtCg01060	100	1.38e-45	137	345	81	82	81
ndhE|GeneID:9829720|NADH	AtCg01070	91.1	2.09e-56	166	420	101	102	101
ndhG|GeneID:9829721|NADH	AtCg01080	86.9	1.22e-102	289	739	176	177	176
ndhI|GeneID:9829722|NADH	AtCg01090	95.1	2.22e-104	293	749	167	173	163
ndhH|GeneID:9829723|NADH	AtCg01110	91.3	5.53e-278	750	1937	393	394	393
ndhB|GeneID:9829732|NADH	AtCg00890	97.4	8.51e-270	734	1896	510	390	387
lcl|NC_052614.1_prot_XP_039165054.1_261	A0AAP0DXA5	81.5	1.07e-23	90.9	224	119	1096	54
lcl|NC_052614.1_prot_XP_039165055.1_262	A0AAP0DXA5	81.5	1.07e-23	90.9	224	119	1096	54
lcl|NC_052614.1_prot_XP_010047094.2_345	At5g20410	84.0	3.17e-269	734	1896	468	469	420
lcl|NC_052614.1_prot_XP_010047094.2_345	At2g11810	80.8	5.74e-248	681	1756	468	466	400
lcl|NC_052614.1_prot_XP_039165180.1_468	At5g36880	88.3	1.60e-76	246	628	353	744	128
lcl|NC_052614.1_prot_XP_010047290.2_484	At1g79750	80.8	3.42e-296	811	2095	496	647	496
lcl|NC_052614.1_prot_XP_010050398.3_488	Potri.018G057500	81.8	1.52e-298	821	2120	638	588	512
lcl|NC_052614.1_prot_XP_010047334.2_529	AT4G33010	84.2	0.0	1786	4625	1053	1038	1051
lcl|NC_052614.1_prot_XP_010047334.2_529	At4g33010	84.8	0.0	1679	4348	1053	977	983
lcl|NC_052614.1_prot_XP_010047346.1_537	At4g33030	81.0	6.50e-275	750	1936	483	478	441
lcl|NC_052614.1_prot_XP_010047347.1_538	At4g33030	81.0	6.50e-275	750	1936	483	478	441
lcl|NC_052614.1_prot_XP_010047358.2_550	Potri.018G062100	80.6	2.44e-305	832	2148	542	530	506
lcl|NC_052614.1_prot_XP_010047378.2_595	At5g12040	82.6	2.71e-192	531	1369	368	370	316
lcl|NC_052614.1_prot_XP_010047520.2_773	At4g29840	88.0	1.80e-306	833	2153	523	527	468
lcl|NC_052614.1_prot_XP_010047520.2_773	At1g72810	83.7	1.38e-289	790	2041	523	517	472
lcl|NC_052614.1_prot_XP_039165320.1_1448	At4g30950	81.1	3.05e-210	588	1516	561	449	328
lcl|NC_052614.1_prot_XP_010048107.2_1728	At5g11520	84.8	1.46e-260	709	1830	406	449	402
lcl|NC_052614.1_prot_XP_010048107.2_1728	AT5G11520	84.8	1.51e-260	709	1830	406	450	402
lcl|NC_052614.1_prot_XP_039166200.1_2032	GRMZM2G088305_T01.CDS	81.3	3.88e-09	54.3	129	769	249	32
lcl|NC_052614.1_prot_XP_039166201.1_2033	GRMZM2G088305_T01.CDS	81.3	3.79e-09	54.3	129	754	249	32
lcl|NC_052614.1_prot_XP_039164589.1_2167	At4g24620	83.8	1.55e-66	208	529	132	614	117
lcl|NC_052614.1_prot_XP_039164590.1_2168	At4g24620	83.8	1.55e-66	208	529	132	614	117
lcl|NC_052614.1_prot_XP_039165494.1_2251	AtCg00120	95.6	4.72e-68	209	531	114	508	114
lcl|NC_052614.1_prot_XP_010048499.2_2341	At3g57560	81.7	2.43e-159	446	1146	331	348	284
lcl|NC_052614.1_prot_XP_010048531.1_2378	At5g35360	84.7	3.41e-319	867	2241	535	556	523
lcl|NC_052614.1_prot_XP_010048532.1_2379	At5g35360	84.7	2.04e-319	867	2241	522	556	523
lcl|NC_052614.1_prot_XP_039164893.1_2408	Potri.018G132300	82.1	6.91e-14	64.3	155	439	117	39
lcl|NC_052614.1_prot_XP_010048552.2_2409	Potri.018G132300	90.9	6.85e-14	64.3	155	436	117	33
lcl|NC_052614.1_prot_XP_039164894.1_2410	Potri.018G132300	82.1	6.71e-14	64.3	155	429	117	39
lcl|NC_052614.1_prot_XP_010024876.2_2550	GRMZM2G044819_T02.CDS	80.2	0.0	886	2289	738	634	546
lcl|NC_052614.1_prot_XP_010024876.2_2550	GRMZM2G044819_T03.CDS	82.1	1.91e-271	751	1939	738	463	447
lcl|NC_052614.1_prot_XP_010024830.2_2588	Potri.008G100800	87.1	2.30e-315	855	2208	507	512	511
lcl|NC_052614.1_prot_XP_010024830.2_2588	At1g48030	85.5	2.00e-308	837	2162	507	508	510
lcl|NC_052614.1_prot_XP_010024830.2_2588	AT1G48030	85.5	2.00e-308	837	2162	507	508	510
lcl|NC_052614.1_prot_XP_010048699.2_2667	GRMZM5G809546_T01.CDS	84.3	1.21e-286	785	2027	536	554	483
lcl|NC_052614.1_prot_XP_010047879.1_2726	Potri.018G100400	87.3	1.06e-290	786	2029	432	432	432
lcl|NC_052614.1_prot_XP_010047879.1_2726	Potri.006G178500	85.6	3.77e-284	769	1986	432	432	432
lcl|NC_052614.1_prot_XP_010047874.2_2731	A0A7G2DUG9	84.6	1.00e-189	544	1402	324	963	312
lcl|NC_052614.1_prot_XP_010048833.2_2864	At4g31870	82.8	2.97e-109	311	796	247	234	180
lcl|NC_052614.1_prot_XP_010048915.2_3072	At4g31990	84.0	5.72e-283	768	1984	462	454	462
lcl|NC_052614.1_prot_XP_010048915.2_3072	AT4G31990	83.9	1.32e-281	765	1976	462	463	460
lcl|NC_052614.1_prot_XP_039164994.1_3073	At4g31990	84.0	5.72e-283	768	1984	462	454	462
lcl|NC_052614.1_prot_XP_039164994.1_3073	AT4G31990	83.9	1.32e-281	765	1976	462	463	460
lcl|NC_052614.1_prot_XP_039164995.1_3074	At4g31990	84.0	5.72e-283	768	1984	462	454	462
lcl|NC_052614.1_prot_XP_039164995.1_3074	AT4G31990	83.9	1.32e-281	765	1976	462	463	460
lcl|NC_052614.1_prot_XP_039164982.1_3076	At4g31990	81.3	5.55e-275	748	1932	466	454	466
lcl|NC_052614.1_prot_XP_039164982.1_3076	AT4G31990	81.3	1.28e-273	745	1924	466	463	464
lcl|NC_052614.1_prot_XP_010049039.2_3283	At2g43090	81.0	9.20e-107	306	783	262	252	184
lcl|NC_052614.1_prot_XP_018726740.2_3316	At5g11520	83.0	1.14e-269	734	1895	452	449	446
lcl|NC_052614.1_prot_XP_018726740.2_3316	AT5G11520	83.0	1.18e-269	734	1895	452	450	446
lcl|NC_052614.1_prot_XP_010049196.2_3433	AT4G33010	85.3	0.0	1788	4631	1053	1038	1041
lcl|NC_052614.1_prot_XP_010049196.2_3433	At4g33010	85.4	0.0	1679	4347	1053	977	984
lcl|NC_052614.1_prot_XP_010049647.1_3994	GRMZM2G076006_T02.CDS	85.5	2.38e-186	515	1327	362	348	283
lcl|NC_052614.1_prot_XP_010049647.1_3994	GRMZM2G076006_T03.CDS	82.2	3.04e-95	280	717	362	249	157
lcl|NC_052614.1_prot_XP_010049647.1_3994	GRMZM2G076006_T01.CDS	88.0	5.26e-56	174	442	362	94	92
lcl|NC_052614.1_prot_XP_010032381.2_4382	GRMZM2G162282_T01.CDS	83.3	8.15e-261	713	1841	475	464	420
lcl|NC_052614.1_prot_XP_010049854.2_4432	GRMZM2G142873_T01.CDS	88.3	6.92e-261	719	1855	535	530	392
lcl|NC_052614.1_prot_XP_010049854.2_4432	GRMZM2G142873_T02.CDS	90.3	2.28e-213	595	1535	535	460	318
lcl|NC_052620.1_prot_XP_039158220.1_277	At1g74880	87.9	5.34e-52	174	440	719	159	91
lcl|NC_052620.1_prot_XP_010027702.2_329	GRMZM2G029573_T03.CDS	80.3	2.94e-229	632	1630	426	482	375
lcl|NC_052620.1_prot_XP_010027702.2_329	GRMZM2G029573_T02.CDS	80.5	1.13e-223	618	1594	426	489	365
lcl|NC_052620.1_prot_XP_010027702.2_329	GRMZM2G029573_T04.CDS	82.4	4.08e-91	273	697	426	263	159
lcl|NC_052620.1_prot_XP_010027915.2_602	At1g22410	85.1	3.89e-297	810	2093	534	528	457
lcl|NC_052620.1_prot_XP_010027915.2_602	At4g33510	80.4	1.24e-295	806	2081	534	508	495
lcl|NC_052620.1_prot_XP_010027951.2_647	At2g22480	83.6	7.94e-318	863	2231	543	538	489
lcl|NC_052620.1_prot_XP_010028236.2_1042	Potri.005G139800	86.1	0.0	974	2517	565	560	552
lcl|NC_052620.1_prot_XP_010028236.2_1042	Potri.007G045400	85.2	0.0	961	2484	565	560	547
lcl|NC_052620.1_prot_XP_010028333.1_1190	At3g50820	81.0	5.32e-192	528	1359	331	332	332
lcl|NC_052620.1_prot_XP_010028333.1_1190	At5g66570	80.2	1.51e-189	521	1343	331	333	333
lcl|NC_052620.1_prot_XP_010028364.2_1235	Potri.004G091000	86.3	0.0	2164	5608	1269	1315	1248
lcl|NC_052620.1_prot_XP_039158398.1_1267	Potri.009G093800	81.8	7.17e-13	61.2	147	816	85	33
lcl|NC_052620.1_prot_XP_010028395.2_1268	Potri.009G093800	80.0	6.59e-14	64.3	155	907	85	35
lcl|NC_052620.1_prot_XP_018718404.2_1269	Potri.009G093800	80.0	6.64e-14	64.3	155	913	85	35
lcl|NC_052620.1_prot_XP_039158401.1_1288	Potri.005G008100	82.6	1.28e-07	45.1	105	149	183	23
lcl|NC_052620.1_prot_XP_010028648.1_1532	At4g38970	86.0	1.14e-245	669	1726	398	399	399
lcl|NC_052620.1_prot_XP_010028648.1_1532	At2g21330	85.5	3.25e-243	663	1710	398	400	400
lcl|NC_052620.1_prot_XP_010028648.1_1532	At2g01140	80.2	6.45e-211	581	1497	398	392	353
lcl|NC_052620.1_prot_XP_010028657.2_1538	Potri.009G125100	81.6	8.54e-194	530	1366	309	310	309
lcl|NC_052620.1_prot_XP_010028656.1_1539	Potri.009G125100	84.8	5.90e-201	548	1413	309	310	309
lcl|NC_052620.1_prot_XP_010028689.1_1573	At2g21170	81.6	2.42e-182	502	1292	314	316	316
lcl|NC_052620.1_prot_XP_010028873.3_1693	O64966	80.0	2.59e-320	874	2259	603	585	585
lcl|NC_052620.1_prot_XP_010028899.1_1718	At1g12900	81.9	9.39e-238	651	1679	402	442	403
lcl|NC_052620.1_prot_XP_010028899.1_1718	At3g26650	84.0	1.15e-234	641	1654	402	397	387
lcl|NC_052620.1_prot_XP_039158436.1_1719	At3g02660	82.6	3.05e-29	117	292	514	512	69
lcl|NC_052620.1_prot_XP_039157449.1_1756	At5g13280	83.6	4.70e-286	785	2028	565	570	495
lcl|NC_052620.1_prot_XP_039157448.1_1757	At5g13280	83.3	3.39e-284	781	2016	567	570	497
lcl|NC_052620.1_prot_XP_039157652.1_1816	Potri.009G095800	81.7	2.24e-222	607	1564	356	358	355
lcl|NC_052620.1_prot_XP_010029332.2_2236	GRMZM2G162968_T01.CDS	82.7	0.0	1470	3805	976	975	943
lcl|NC_052620.1_prot_XP_010029332.2_2236	GRMZM2G130121_T01.CDS	82.3	0.0	1003	2594	976	654	648
lcl|NC_052620.1_prot_XP_039158022.1_2543	At4g35630	83.0	6.54e-237	649	1675	426	431	388
lcl|NC_052620.1_prot_XP_039158022.1_2543	At2g17630	82.0	6.27e-233	639	1648	426	423	388
lcl|NC_052620.1_prot_XP_010029593.2_2610	At2g17630	80.0	3.47e-26	105	263	425	423	65
lcl|NC_052620.1_prot_XP_039158204.1_2614	At2g05710	87.7	0.0	1017	2630	583	991	570
lcl|NC_052620.1_prot_XP_039158204.1_2614	GRMZM2G020801_T01.CDS	89.1	1.17e-306	847	2189	583	798	467
lcl|NC_052620.1_prot_XP_010029673.1_2655	Potri.005G112900	89.0	1.72e-239	650	1678	365	364	365
lcl|NC_052620.1_prot_XP_010029673.1_2655	Potri.007G057200	89.0	1.41e-238	648	1672	365	364	365
lcl|NC_052620.1_prot_XP_010029673.1_2655	At5g66190	83.7	1.07e-223	610	1574	365	361	369
lcl|NC_052620.1_prot_XP_039157500.1_2880	At5g36880	87.5	1.38e-15	69.3	168	160	744	40
lcl|NC_052620.1_prot_XP_010030007.2_3008	A0A5N6R1Y5	86.0	1.05e-270	747	1929	455	709	437
lcl|NC_052620.1_prot_XP_010030052.2_3073	At2g22230	83.1	1.55e-101	290	742	229	221	172
lcl|NC_052620.1_prot_XP_039158023.1_3282	At2g02500	80.1	4.25e-118	334	857	212	303	206
lcl|NC_052622.1_prot_XP_018720543.1_37	GRMZM2G088305_T01.CDS	100	8.28e-09	53.9	128	1136	249	27
lcl|NC_052622.1_prot_XP_010034955.1_38	GRMZM2G088305_T01.CDS	100	7.99e-09	53.9	128	1102	249	27
lcl|NC_052622.1_prot_XP_039160470.1_39	GRMZM2G088305_T01.CDS	100	7.09e-09	53.9	128	994	249	27
lcl|NC_052622.1_prot_XP_010035060.2_149	At5g51820	83.9	0.0	993	2566	646	624	573
lcl|NC_052622.1_prot_XP_010035138.1_281	Potri.003G125400	97.8	0.0	884	2285	447	447	446
lcl|NC_052622.1_prot_XP_010035138.1_281	Potri.001G106100	98.2	0.0	884	2283	447	448	442
lcl|NC_052622.1_prot_XP_010035138.1_281	Potri.009G040200	97.7	0.0	883	2282	447	451	442
lcl|NC_052622.1_prot_XP_010035138.1_281	Potri.001G246900	97.3	0.0	875	2261	447	450	439
lcl|NC_052622.1_prot_XP_010035138.1_281	Potri.016G033200	96.4	0.0	874	2257	447	451	445
lcl|NC_052622.1_prot_XP_010035138.1_281	Potri.009G067200	96.8	0.0	873	2255	447	447	442
lcl|NC_052622.1_prot_XP_010035138.1_281	Potri.006G035400	96.6	0.0	873	2255	447	449	444
lcl|NC_052622.1_prot_XP_010035138.1_281	Potri.006G095000	96.4	0.0	870	2248	447	445	442
lcl|NC_052622.1_prot_XP_010035138.1_281	Potri.009G067100	96.6	0.0	870	2247	447	447	442
lcl|NC_052622.1_prot_XP_010035138.1_281	Potri.001G272800	96.2	0.0	870	2247	447	446	442
lcl|NC_052622.1_prot_XP_018720292.2_325	At5g52570	85.0	2.97e-128	365	937	331	304	206
lcl|NC_052622.1_prot_XP_039161399.1_637	At5g35790	80.1	0.0	891	2303	601	577	558
lcl|NC_052622.1_prot_XP_039161399.1_637	GRMZM2G177077_T01.CDS	85.3	6.02e-315	861	2225	601	599	489
lcl|NC_052622.1_prot_XP_039161399.1_637	At1g24280	83.3	7.88e-304	833	2152	601	600	484
lcl|NC_052622.1_prot_XP_010035489.1_766	At5g63570	83.0	1.02e-279	761	1966	472	475	447
lcl|NC_052622.1_prot_XP_010035847.2_1106	At3g58610	90.8	0.0	969	2505	592	592	531
lcl|NC_052622.1_prot_XP_010035847.2_1106	GRMZM2G004382_T02.CDS	87.5	0.0	930	2403	592	580	527
lcl|NC_052622.1_prot_XP_010035847.2_1106	GRMZM2G004382_T01.CDS	85.4	5.62e-261	719	1856	592	475	418
lcl|NC_052622.1_prot_XP_010035897.2_1212	Potri.011G103700	86.5	0.0	1197	3097	674	671	672
lcl|NC_052622.1_prot_XP_010035897.2_1212	Potri.001G383500	86.5	0.0	1194	3090	674	671	673
lcl|NC_052622.1_prot_XP_010036009.2_1339	Potri.015G089600	92.0	6.98e-132	366	939	211	218	188
lcl|NC_052622.1_prot_XP_010036010.2_1340	Potri.015G089600	92.0	6.98e-132	366	939	211	218	188
lcl|NC_052622.1_prot_XP_010036076.2_1403	Potri.006G020900	87.7	0.0	904	2336	509	515	514
lcl|NC_052622.1_prot_XP_010036076.2_1403	Potri.016G018500	87.4	0.0	894	2311	509	515	514
lcl|NC_052622.1_prot_XP_010036085.1_1414	At1g03475	85.3	3.47e-232	635	1638	414	387	353
lcl|NC_052622.1_prot_XP_039160340.1_1489	At5g48300	84.0	7.27e-321	870	2247	529	521	530
lcl|NC_052622.1_prot_XP_039161374.1_2354	GRMZM2G123922_T01.CDS	89.1	0.0	1551	4016	922	922	925
lcl|NC_052622.1_prot_XP_039161374.1_2354	GRMZM2G009443_T01.CDS	86.7	0.0	1503	3890	922	922	922
lcl|NC_052622.1_prot_XP_039161374.1_2354	GRMZM2G001084_T01.CDS	86.5	0.0	1196	3093	922	897	734
lcl|NC_052622.1_prot_XP_010037215.2_2452	Potri.017G092000	85.4	1.48e-304	825	2131	482	482	480
lcl|NC_052622.1_prot_XP_010037215.2_2452	Potri.010G159800	85.8	7.84e-302	818	2113	482	481	480
lcl|NC_052622.1_prot_XP_010037215.2_2452	Potri.004G118600	84.4	1.16e-301	818	2112	482	482	480
lcl|NC_052622.1_prot_XP_010037215.2_2452	Potri.008G094300	84.5	1.44e-297	807	2085	482	481	483
lcl|NC_052622.1_prot_XP_039160568.1_2453	Potri.017G092000	85.4	1.48e-304	825	2131	482	482	480
lcl|NC_052622.1_prot_XP_039160568.1_2453	Potri.010G159800	85.8	7.84e-302	818	2113	482	481	480
lcl|NC_052622.1_prot_XP_039160568.1_2453	Potri.004G118600	84.4	1.16e-301	818	2112	482	482	480
lcl|NC_052622.1_prot_XP_039160568.1_2453	Potri.008G094300	84.5	1.44e-297	807	2085	482	481	483
lcl|NC_052622.1_prot_XP_010037216.2_2454	Potri.017G092000	85.4	1.48e-304	825	2131	482	482	480
lcl|NC_052622.1_prot_XP_010037216.2_2454	Potri.010G159800	85.8	7.84e-302	818	2113	482	481	480
lcl|NC_052622.1_prot_XP_010037216.2_2454	Potri.004G118600	84.4	1.16e-301	818	2112	482	482	480
lcl|NC_052622.1_prot_XP_010037216.2_2454	Potri.008G094300	84.5	1.44e-297	807	2085	482	481	483
lcl|NC_052622.1_prot_XP_010037411.2_2597	At3g48560	82.6	0.0	1001	2588	661	671	586
lcl|NC_052622.1_prot_XP_018720146.2_2664	Potri.015G088500	93.1	2.33e-160	447	1151	333	329	247
lcl|NC_052622.1_prot_XP_010023533.2_2782	GRMZM2G060156_T01.CDS	82.9	9.13e-64	196	499	392	125	111
lcl|NC_052622.1_prot_XP_010055987.2_2966	Potri.001G087400	85.6	0.0	1293	3345	727	731	730
lcl|NC_052622.1_prot_XP_010055987.2_2966	Potri.003G143700	85.2	0.0	1287	3331	727	731	730
lcl|NC_052622.1_prot_XP_010061514.2_3053	At4g24620	81.9	0.0	999	2583	626	614	625
lcl|NC_052622.1_prot_XP_010060165.2_3072	At1g22170	82.5	8.84e-160	447	1149	344	335	268
lcl|NC_052622.1_prot_XP_010037670.1_3133	GRMZM2G088847_T04.CDS	81.7	8.58e-67	193	491	115	116	115
lcl|NC_052622.1_prot_XP_010037670.1_3133	GRMZM2G088847_T05.CDS	81.7	8.58e-67	193	491	115	116	115
lcl|NC_052622.1_prot_XP_010037670.1_3133	Potri.016G126600	81.7	2.02e-65	190	482	115	116	115
lcl|NC_052622.1_prot_XP_010037670.1_3133	GRMZM2G088847_T03.CDS	81.7	7.52e-60	176	446	115	122	104
lcl|NC_052622.1_prot_XP_010037670.1_3133	GRMZM2G088847_T01.CDS	81.7	7.52e-60	176	446	115	122	104
lcl|NC_052622.1_prot_XP_010037670.1_3133	Potri.006G104500	82.7	1.25e-58	173	438	115	122	104
lcl|NC_052622.1_prot_XP_010037668.1_3134	Potri.006G104500	84.2	1.44e-70	203	517	121	122	120
lcl|NC_052622.1_prot_XP_010037668.1_3134	GRMZM2G088847_T03.CDS	80.8	4.83e-69	199	507	121	122	120
lcl|NC_052622.1_prot_XP_010037668.1_3134	GRMZM2G088847_T01.CDS	80.8	4.83e-69	199	507	121	122	120
lcl|NC_052622.1_prot_XP_010037668.1_3134	GRMZM2G088847_T04.CDS	81.7	3.92e-60	177	448	121	116	104
lcl|NC_052622.1_prot_XP_010037668.1_3134	GRMZM2G088847_T05.CDS	81.7	3.92e-60	177	448	121	116	104
lcl|NC_052622.1_prot_XP_010037911.1_3292	At2g37250	80.8	1.35e-141	397	1019	295	285	245
lcl|NC_052622.1_prot_XP_010037093.2_3386	At4g12800	83.5	1.01e-127	358	919	219	282	218
lcl|NC_052622.1_prot_XP_010037015.1_3464	A0A7G2DUG9	89.0	4.98e-68	219	558	183	963	127
lcl|NC_052622.1_prot_XP_010036985.1_3496	At3g17810	83.8	2.40e-245	671	1730	426	427	395
lcl|NC_052622.1_prot_XP_010036983.1_3499	At3g17820	86.1	2.99e-240	652	1681	356	355	353
lcl|NC_052622.1_prot_XP_010036983.1_3499	At1g48470	81.1	4.07e-224	611	1575	356	354	350
lcl|NC_052622.1_prot_XP_010037698.2_3839	GRMZM5G850015_T01.CDS	85.0	7.81e-185	508	1308	309	318	313
lcl|NC_052622.1_prot_XP_010037698.2_3839	GRMZM2G120652_T01.CDS	85.0	1.05e-184	511	1317	309	414	313
lcl|NC_052621.1_prot_XP_010030994.2_45	Potri.008G053100	92.2	1.33e-243	659	1701	346	347	346
lcl|NC_052621.1_prot_XP_010030994.2_45	Potri.010G207200	91.6	5.40e-243	658	1697	346	347	346
lcl|NC_052621.1_prot_XP_010030994.2_45	Potri.001G237200	90.4	2.52e-232	631	1627	346	347	344
lcl|NC_052621.1_prot_XP_010030993.2_46	Potri.008G053100	92.2	1.33e-243	659	1701	346	347	346
lcl|NC_052621.1_prot_XP_010030993.2_46	Potri.010G207200	91.6	5.40e-243	658	1697	346	347	346
lcl|NC_052621.1_prot_XP_010030993.2_46	Potri.001G237200	90.4	2.52e-232	631	1627	346	347	344
lcl|NC_052621.1_prot_XP_010030995.2_47	Potri.008G053100	92.2	1.33e-243	659	1701	346	347	346
lcl|NC_052621.1_prot_XP_010030995.2_47	Potri.010G207200	91.6	5.40e-243	658	1697	346	347	346
lcl|NC_052621.1_prot_XP_010030995.2_47	Potri.001G237200	90.4	2.52e-232	631	1627	346	347	344
lcl|NC_052621.1_prot_NP_001289643.1_48	Potri.008G053100	92.2	1.33e-243	659	1701	346	347	346
lcl|NC_052621.1_prot_NP_001289643.1_48	Potri.010G207200	91.6	5.40e-243	658	1697	346	347	346
lcl|NC_052621.1_prot_NP_001289643.1_48	Potri.001G237200	90.4	2.52e-232	631	1627	346	347	344
lcl|NC_052621.1_prot_XP_010031259.2_351	At3g55800	82.0	1.75e-232	635	1638	390	394	395
lcl|NC_052621.1_prot_XP_010031442.1_380	Potri.004G189900	89.4	1.19e-268	726	1875	390	390	386
lcl|NC_052621.1_prot_XP_010031442.1_380	Potri.009G150600	88.9	6.56e-266	719	1857	390	390	386
lcl|NC_052621.1_prot_XP_010031480.2_437	At5g22510	83.6	0.0	889	2296	648	618	495
lcl|NC_052621.1_prot_XP_010031540.1_510	Potri.004G199600	83.6	3.38e-219	599	1545	354	378	354
lcl|NC_052621.1_prot_XP_039158688.1_597	At5g20980	82.5	0.0	1252	3239	765	813	761
lcl|NC_052621.1_prot_XP_010031618.2_598	At5g20980	82.5	0.0	1252	3239	765	813	761
lcl|NC_052621.1_prot_XP_039158687.1_599	At5g20980	82.5	0.0	1252	3239	765	813	761
lcl|NC_052621.1_prot_XP_010031745.2_775	Potri.001G254001	83.6	1.45e-116	332	851	339	205	201
lcl|NC_052621.1_prot_XP_010031746.2_776	Potri.001G254001	83.6	1.45e-116	332	851	339	205	201
lcl|NC_052621.1_prot_XP_010031747.2_777	Potri.001G254001	83.6	1.45e-116	332	851	339	205	201
lcl|NC_052621.1_prot_XP_010031741.2_778	Potri.001G254001	83.6	1.45e-116	332	851	339	205	201
lcl|NC_052621.1_prot_XP_010031743.2_779	Potri.001G254001	83.6	1.45e-116	332	851	339	205	201
lcl|NC_052621.1_prot_XP_010031742.2_780	Potri.001G254001	83.6	1.45e-116	332	851	339	205	201
lcl|NC_052621.1_prot_XP_010031750.2_782	GRMZM2G043453_T02.CDS	84.2	0.0	1078	2787	763	756	748
lcl|NC_052621.1_prot_XP_010031750.2_782	At1g08520	86.0	0.0	1068	2762	763	761	715
lcl|NC_052621.1_prot_XP_010031750.2_782	GRMZM2G043453_T01.CDS	83.5	0.0	964	2492	763	693	680
lcl|NC_052621.1_prot_XP_010031879.1_954	Potri.008G084800	89.9	0.0	1051	2717	567	564	562
lcl|NC_052621.1_prot_XP_010031879.1_954	Potri.010G170000	89.3	0.0	1042	2695	567	564	562
lcl|NC_052621.1_prot_XP_010032130.2_1191	At5g58330	80.8	4.55e-255	696	1797	438	444	443
lcl|NC_052621.1_prot_XP_010032250.2_1320	At2g39290	81.2	4.58e-109	312	800	239	297	197
lcl|NC_052621.1_prot_XP_039158663.1_1540	Potri.017G092000	89.4	0.0	870	2248	480	482	481
lcl|NC_052621.1_prot_XP_039158663.1_1540	Potri.004G118600	89.2	1.08e-317	858	2217	480	482	481
lcl|NC_052621.1_prot_XP_039158663.1_1540	Potri.008G094300	86.5	1.51e-310	840	2170	480	481	480
lcl|NC_052621.1_prot_XP_039158663.1_1540	Potri.010G159800	85.8	1.18e-307	833	2151	480	481	480
lcl|NC_052621.1_prot_XP_010032527.1_1541	Potri.017G092000	89.4	0.0	870	2248	480	482	481
lcl|NC_052621.1_prot_XP_010032527.1_1541	Potri.004G118600	89.2	1.08e-317	858	2217	480	482	481
lcl|NC_052621.1_prot_XP_010032527.1_1541	Potri.008G094300	86.5	1.51e-310	840	2170	480	481	480
lcl|NC_052621.1_prot_XP_010032527.1_1541	Potri.010G159800	85.8	1.18e-307	833	2151	480	481	480
lcl|NC_052621.1_prot_NP_001306900.1_1542	Potri.017G092000	89.4	0.0	870	2248	480	482	481
lcl|NC_052621.1_prot_NP_001306900.1_1542	Potri.004G118600	89.2	1.08e-317	858	2217	480	482	481
lcl|NC_052621.1_prot_NP_001306900.1_1542	Potri.008G094300	86.5	1.51e-310	840	2170	480	481	480
lcl|NC_052621.1_prot_NP_001306900.1_1542	Potri.010G159800	85.8	1.18e-307	833	2151	480	481	480
lcl|NC_052621.1_prot_XP_039159360.1_1785	At3g17820	86.1	2.20e-242	657	1695	356	355	353
lcl|NC_052621.1_prot_XP_039159360.1_1785	At1g48470	81.4	1.33e-229	625	1611	356	354	350
lcl|NC_052621.1_prot_XP_039158815.1_1786	At3g17820	84.0	2.22e-57	184	467	284	355	100
lcl|NC_052621.1_prot_XP_010032855.2_1953	At3g13490	83.3	2.75e-94	298	762	597	603	174
lcl|NC_052621.1_prot_XP_039158841.1_1966	At3g13490	85.5	8.97e-115	356	914	763	603	207
lcl|NC_052621.1_prot_XP_010034573.2_2110	Potri.016G120100	80.8	0.0	999	2582	609	606	609
lcl|NC_052621.1_prot_XP_010034573.2_2110	Potri.006G102500	83.7	0.0	984	2545	609	606	565
lcl|NC_052621.1_prot_XP_010034573.2_2110	Potri.011G064000	82.6	0.0	957	2473	609	594	562
lcl|NC_052621.1_prot_XP_010034573.2_2110	Potri.T102400	82.4	0.0	956	2470	609	594	562
lcl|NC_052621.1_prot_XP_010034573.2_2110	Potri.004G054100	82.6	0.0	949	2453	609	583	562
lcl|NC_052621.1_prot_XP_010034573.2_2110	Potri.017G151900	81.1	0.0	935	2417	609	583	562
lcl|NC_052621.1_prot_XP_010034573.2_2110	Potri.T143400	81.6	6.68e-194	543	1400	609	322	321
lcl|NC_052621.1_prot_XP_010033274.2_2498	At5g14780	83.1	8.89e-237	645	1664	379	385	384
lcl|NC_052621.1_prot_XP_039159862.1_2499	At5g14780	82.6	3.64e-237	646	1667	383	385	386
lcl|NC_052621.1_prot_XP_010033298.2_2520	At5g14590	83.7	1.02e-274	750	1936	487	486	435
lcl|NC_052621.1_prot_XP_018719983.2_2568	At5g40610	87.4	5.18e-220	603	1554	365	401	342
lcl|NC_052621.1_prot_XP_010033350.2_2569	At5g40610	87.0	2.81e-221	607	1564	380	401	346
lcl|NC_052621.1_prot_XP_010033400.1_2639	At5g40870	85.8	2.45e-305	827	2137	485	487	487
lcl|NC_052621.1_prot_XP_010033400.1_2639	At3g27190	84.8	2.43e-302	820	2117	485	484	486
lcl|NC_052621.1_prot_XP_010033400.1_2639	GRMZM5G866100_T01.CDS	82.1	2.16e-286	780	2013	485	491	485
lcl|NC_052621.1_prot_XP_010033514.2_2757	At5g66120	84.5	8.61e-242	663	1711	450	443	387
lcl|NC_052621.1_prot_XP_010033612.2_2880	At2g41680	85.2	1.94e-08	52.0	123	379	530	27
lcl|NC_052621.1_prot_XP_010033967.2_3275	GRMZM2G088305_T01.CDS	88.9	2.59e-08	52.4	124	1105	249	27
lcl|NC_052621.1_prot_XP_010033978.1_3289	Potri.003G030900	83.0	0.0	880	2275	522	520	519
lcl|NC_052612.1_prot_XP_010064504.2_58	At1g18500	91.9	4.23e-15	74.7	182	642	632	37
lcl|NC_052612.1_prot_XP_010064504.2_58	At1g74040	91.9	1.28e-14	73.2	178	642	632	37
lcl|NC_052612.1_prot_XP_010051037.2_217	At1g24909	83.3	3.33e-130	365	936	278	223	204
lcl|NC_052612.1_prot_XP_010051602.2_218	At1g24909	83.3	3.33e-130	365	936	278	223	204
lcl|NC_052612.1_prot_XP_039158233.1_220	At1g18500	80.6	0.0	908	2346	649	632	561
lcl|NC_052612.1_prot_XP_039158233.1_220	At1g74040	81.1	0.0	901	2329	649	632	560
lcl|NC_052612.1_prot_XP_010039321.2_262	At2g43710	85.6	4.55e-237	646	1666	364	402	360
lcl|NC_052612.1_prot_XP_039171116.1_263	GRMZM2G082185_T01.CDS	85.5	3.37e-204	565	1455	411	399	337
lcl|NC_052612.1_prot_XP_039171116.1_263	At2g43750	83.6	1.56e-203	563	1450	411	393	335
lcl|NC_052612.1_prot_XP_039166411.1_358	Potri.007G144600	86.7	7.15e-196	536	1381	310	322	308
lcl|NC_052612.1_prot_XP_018726644.2_373	Potri.009G052000	81.0	5.80e-17	73.2	178	177	326	42
lcl|NC_052612.1_prot_XP_039166508.1_375	At2g44040	82.5	1.21e-165	462	1189	345	348	275
lcl|NC_052612.1_prot_XP_039166508.1_375	At3g59890	81.8	2.13e-164	459	1181	345	350	275
lcl|NC_052612.1_prot_XP_039166509.1_376	At2g44040	82.5	1.21e-165	462	1189	345	348	275
lcl|NC_052612.1_prot_XP_039166509.1_376	At3g59890	81.8	2.13e-164	459	1181	345	350	275
lcl|NC_052612.1_prot_XP_010052574.1_499	Potri.011G156100	86.4	5.11e-267	724	1870	414	418	413
lcl|NC_052612.1_prot_XP_010052574.1_499	Potri.001G459700	84.7	2.31e-263	715	1846	414	418	413
lcl|NC_052612.1_prot_XP_010052574.1_499	Potri.006G022000	83.3	4.80e-247	673	1736	414	391	390
lcl|NC_052612.1_prot_XP_010052574.1_499	Potri.016G020000	82.8	2.93e-162	454	1167	414	278	274
lcl|NC_052612.1_prot_XP_010063034.2_532	GRMZM2G145595_T02.CDS	83.5	0.0	879	2271	577	563	540
lcl|NC_052612.1_prot_XP_010063034.2_532	GRMZM2G152958_T02.CDS	82.5	3.64e-318	867	2240	577	566	542
lcl|NC_052612.1_prot_XP_010063034.2_532	GRMZM2G073774_T01.CDS	82.5	3.64e-318	867	2240	577	566	542
lcl|NC_052612.1_prot_XP_010063034.2_532	GRMZM2G152958_T01.CDS	82.6	1.55e-289	793	2048	577	530	494
lcl|NC_052612.1_prot_XP_010063034.2_532	GRMZM2G145595_T01.CDS	86.8	5.89e-174	490	1261	577	281	280
lcl|NC_052612.1_prot_XP_010052233.2_711	At5g45930	81.8	1.05e-240	658	1697	411	419	418
lcl|NC_052612.1_prot_XP_010052233.2_711	At4g18480	81.1	3.73e-240	657	1694	411	425	424
lcl|NC_052612.1_prot_XP_010052233.2_711	GRMZM2G419806_T03.CDS	83.6	7.78e-223	613	1580	411	423	378
lcl|NC_052612.1_prot_XP_010052233.2_711	GRMZM2G419806_T01.CDS	83.6	1.67e-222	613	1580	411	444	378
lcl|NC_052612.1_prot_XP_010052233.2_711	GRMZM2G419806_T02.CDS	83.6	2.98e-222	613	1580	411	460	378
lcl|NC_052612.1_prot_XP_010043217.2_1038	At2g35040	87.0	0.0	920	2379	609	597	525
lcl|NC_052612.1_prot_XP_039173115.1_1061	At2g35040	84.3	0.0	890	2301	629	597	535
lcl|NC_052612.1_prot_XP_039173501.1_1197	Potri.016G120100	83.0	0.0	1025	2650	606	606	605
lcl|NC_052612.1_prot_XP_039173501.1_1197	Potri.006G102500	82.0	0.0	1020	2637	606	606	605
lcl|NC_052612.1_prot_XP_039173501.1_1197	Potri.011G064000	82.5	0.0	969	2506	606	594	560
lcl|NC_052612.1_prot_XP_039173501.1_1197	Potri.T102400	82.3	0.0	968	2503	606	594	560
lcl|NC_052612.1_prot_XP_039173501.1_1197	Potri.004G054100	81.8	0.0	961	2485	606	583	560
lcl|NC_052612.1_prot_XP_039173501.1_1197	Potri.017G151900	80.4	0.0	945	2443	606	583	560
lcl|NC_052612.1_prot_XP_039173501.1_1197	Potri.T143400	80.6	5.56e-197	551	1420	606	322	319
lcl|NC_052612.1_prot_XP_010033533.2_1225	Potri.016G120100	86.8	0.0	1066	2756	605	606	606
lcl|NC_052612.1_prot_XP_010033533.2_1225	Potri.006G102500	84.0	0.0	1037	2682	605	606	606
lcl|NC_052612.1_prot_XP_010033533.2_1225	Potri.011G064000	83.1	0.0	974	2518	605	594	562
lcl|NC_052612.1_prot_XP_010033533.2_1225	Potri.T102400	82.9	0.0	973	2515	605	594	562
lcl|NC_052612.1_prot_XP_010033533.2_1225	Potri.004G054100	81.5	0.0	968	2502	605	583	573
lcl|NC_052612.1_prot_XP_010033533.2_1225	Potri.T143400	81.6	3.28e-198	554	1428	605	322	321
lcl|NC_052612.1_prot_XP_039158933.1_1227	Potri.016G120100	83.8	0.0	1034	2673	607	606	605
lcl|NC_052612.1_prot_XP_039158933.1_1227	Potri.006G102500	82.8	0.0	1023	2644	607	606	605
lcl|NC_052612.1_prot_XP_039158933.1_1227	Potri.011G064000	82.3	0.0	958	2476	607	594	560
lcl|NC_052612.1_prot_XP_039158933.1_1227	Potri.T102400	82.1	0.0	957	2473	607	594	560
lcl|NC_052612.1_prot_XP_039158933.1_1227	Potri.004G054100	81.8	0.0	951	2459	607	583	560
lcl|NC_052612.1_prot_XP_039158933.1_1227	Potri.T143400	81.2	2.69e-195	547	1409	607	322	319
lcl|NC_052612.1_prot_XP_039158930.1_1229	Potri.016G120100	85.3	0.0	1056	2731	605	606	611
lcl|NC_052612.1_prot_XP_039158930.1_1229	Potri.006G102500	84.0	0.0	1040	2690	605	606	605
lcl|NC_052612.1_prot_XP_039158930.1_1229	Potri.011G064000	83.3	0.0	972	2514	605	594	562
lcl|NC_052612.1_prot_XP_039158930.1_1229	Potri.T102400	83.1	0.0	971	2511	605	594	562
lcl|NC_052612.1_prot_XP_039158930.1_1229	Potri.004G054100	80.9	0.0	967	2499	605	583	580
lcl|NC_052612.1_prot_XP_039158930.1_1229	Potri.T143400	81.9	4.03e-199	556	1434	605	322	321
lcl|NC_052612.1_prot_XP_010032647.1_1236	At3g51820	87.5	3.41e-223	611	1575	378	388	337
lcl|NC_052612.1_prot_XP_039156616.1_1237	At3g51820	89.1	6.95e-184	509	1312	336	388	275
lcl|NC_052612.1_prot_XP_010032537.2_1238	Potri.016G119300	86.2	0.0	1413	3658	919	855	860
lcl|NC_052612.1_prot_XP_010032537.2_1238	Potri.006G102000	83.6	0.0	1406	3640	919	850	855
lcl|NC_052612.1_prot_XP_039168205.1_1266	At5g01220	83.4	1.86e-257	709	1831	540	511	415
lcl|NC_052612.1_prot_XP_010044046.1_1375	At3g54050	87.1	1.39e-234	642	1657	414	418	365
lcl|NC_052612.1_prot_XP_039165212.1_1423	GRMZM2G059314_T02.CDS	80.6	4.47e-13	61.6	148	293	134	36
lcl|NC_052612.1_prot_XP_010047285.1_1520	Potri.016G080500	83.5	7.43e-266	723	1867	438	436	437
lcl|NC_052612.1_prot_XP_010047285.1_1520	Potri.006G214000	80.8	1.91e-255	697	1798	438	430	437
lcl|NC_052612.1_prot_XP_039167747.1_1748	AtCg00020	99.7	3.00e-264	712	1838	353	354	353
lcl|NC_052612.1_prot_XP_039167740.1_1749	AtCg00120	95.4	0.0	904	2335	507	508	505
lcl|NC_052612.1_prot_XP_010050328.2_1777	At3g53130	82.5	1.74e-292	810	2093	808	540	485
lcl|NC_052612.1_prot_XP_010069098.2_1787	At3g10050	80.6	3.50e-315	862	2228	620	593	537
lcl|NC_052612.1_prot_XP_010069098.2_1787	GRMZM2G155323_T01.CDS	83.2	7.78e-212	595	1533	620	453	357
lcl|NC_052612.1_prot_XP_010049405.1_1915	GRMZM2G004040_T01.CDS	80.6	0.0	1055	2728	839	769	656
lcl|NC_052612.1_prot_XP_010049405.1_1915	GRMZM2G156069_T01.CDS	80.2	0.0	1054	2726	839	772	657
lcl|NC_052612.1_prot_XP_010049302.1_1924	Potri.012G002600	86.3	1.46e-237	645	1665	364	362	358
lcl|NC_052612.1_prot_XP_010049302.1_1924	Potri.015G018900	83.8	3.01e-230	627	1617	364	362	358
lcl|NC_052612.1_prot_XP_010049294.1_1925	Potri.012G002600	86.1	1.03e-235	641	1653	365	362	359
lcl|NC_052612.1_prot_XP_010049294.1_1925	Potri.015G018900	83.6	2.11e-228	622	1605	365	362	359
lcl|NC_052612.1_prot_XP_010049213.2_1936	At5g53460	84.0	0.0	3693	9577	2218	2209	2204
lcl|NC_052612.1_prot_XP_010049220.1_1937	At5g53460	86.8	0.0	3233	8383	1876	2209	1856
lcl|NC_052612.1_prot_XP_010049220.1_1937	GRMZM2G077054_T01.CDS	80.3	0.0	2993	7760	1876	2174	1850
lcl|NC_052612.1_prot_XP_010049220.1_1937	GRMZM2G085078_T02.CDS	80.9	0.0	2991	7754	1876	2176	1840
lcl|NC_052612.1_prot_XP_010049220.1_1937	GRMZM2G085078_T01.CDS	80.6	0.0	2991	7753	1876	2188	1849
lcl|NC_052612.1_prot_XP_039154763.1_2231	GRMZM2G020801_T01.CDS	88.1	5.46e-109	328	840	239	798	176
lcl|NC_052612.1_prot_XP_039154763.1_2231	At2g05710	86.5	2.51e-106	325	833	239	991	178
lcl|NC_052612.1_prot_XP_010046497.1_2236	At2g05710	84.3	0.0	1695	4390	996	991	997
lcl|NC_052612.1_prot_XP_010046497.1_2236	GRMZM2G020801_T01.CDS	90.2	0.0	1471	3808	996	798	792
lcl|NC_052612.1_prot_XP_010051547.1_2266	A0A8X8C3Q6	93.3	1.23e-102	310	793	166	874	163
lcl|NC_052612.1_prot_XP_010051553.1_2267	A0A8X8C3Q6	93.3	1.23e-102	310	793	166	874	163
lcl|NC_052612.1_prot_XP_010051591.1_2270	At5g16440	86.7	1.40e-152	422	1085	234	292	233
lcl|NC_052612.1_prot_XP_010051786.2_2299	GRMZM2G073351_T03.CDS	81.7	2.45e-201	556	1432	404	366	339
lcl|NC_052612.1_prot_XP_010051786.2_2299	GRMZM2G073351_T01.CDS	85.9	2.08e-180	499	1286	404	285	284
lcl|NC_052612.1_prot_XP_010051786.2_2299	GRMZM2G073351_T04.CDS	85.9	2.08e-180	499	1286	404	285	284
lcl|NC_052612.1_prot_XP_010051786.2_2299	GRMZM2G084958_T02.CDS	80.1	2.40e-175	489	1258	404	336	297
lcl|NC_052612.1_prot_XP_010051786.2_2299	GRMZM2G084958_T01.CDS	81.1	8.26e-171	475	1223	404	286	285
lcl|NC_052612.1_prot_XP_010052888.1_2486	GRMZM2G087598_T01.CDS	88.6	0.0	1118	2891	691	678	660
lcl|NC_052612.1_prot_XP_010052888.1_2486	GRMZM2G087598_T03.CDS	88.6	0.0	1118	2891	691	678	660
lcl|NC_052612.1_prot_XP_010052888.1_2486	GRMZM2G110408_T02.CDS	88.2	0.0	1113	2880	691	678	660
lcl|NC_052612.1_prot_XP_010052888.1_2486	GRMZM2G110408_T01.CDS	88.2	0.0	1113	2880	691	678	660
lcl|NC_052612.1_prot_XP_010052888.1_2486	GRMZM2G110408_T03.CDS	88.2	0.0	1113	2880	691	678	660
lcl|NC_052612.1_prot_XP_010052888.1_2486	GRMZM2G087598_T02.CDS	85.2	6.90e-09	48.5	114	691	47	27
lcl|NC_052612.1_prot_XP_010053875.1_2580	Potri.005G204800	80.3	9.76e-154	428	1101	303	298	259
lcl|NC_052612.1_prot_XP_010054791.1_2709	At5g20980	81.9	0.0	1249	3231	765	813	761
lcl|NC_052612.1_prot_XP_010055439.2_2778	At3g56940	84.9	5.59e-246	671	1730	405	410	410
lcl|NC_052612.1_prot_XP_010055785.2_2820	Potri.016G035100	82.7	2.73e-23	89.4	220	453	70	52
lcl|NC_052612.1_prot_XP_039170673.1_2851	At5g04140	80.6	0.0	2670	6920	1640	1649	1671
lcl|NC_052612.1_prot_XP_039170673.1_2851	At2g41220	82.9	0.0	2630	6818	1640	1630	1587
lcl|NC_052612.1_prot_XP_010056205.1_2867	GRMZM2G167156_T02.CDS	80.3	2.03e-240	662	1707	469	471	407
lcl|NC_052612.1_prot_XP_010056205.1_2867	GRMZM2G167156_T01.CDS	80.3	2.03e-240	662	1707	469	471	407
lcl|NC_052612.1_prot_XP_010056212.1_2868	At3g57050	86.4	6.15e-242	662	1709	403	465	381
lcl|NC_052612.1_prot_XP_010056212.1_2868	GRMZM2G167156_T02.CDS	80.7	4.42e-241	660	1704	403	471	405
lcl|NC_052612.1_prot_XP_010056212.1_2868	GRMZM2G167156_T01.CDS	80.7	4.42e-241	660	1704	403	471	405
lcl|NC_052612.1_prot_XP_039171627.1_2871	AT3G10230	82.7	1.25e-227	627	1617	512	370	369
lcl|NC_052612.1_prot_XP_039171008.1_3024	Os08g0120000	81.5	3.68e-148	417	1072	390	281	238
lcl|NC_052612.1_prot_XP_010056919.2_3111	At2g41680	82.7	1.18e-287	787	2032	544	530	475
lcl|NC_052612.1_prot_XP_010057081.1_3126	At5g13630	87.5	0.0	2404	6231	1383	1382	1387
lcl|NC_052612.1_prot_XP_039171429.1_3226	At3g57050	83.8	1.21e-87	261	666	175	465	154
lcl|NC_052612.1_prot_XP_010058545.1_3346	AT3G11945	81.8	2.99e-180	503	1295	393	394	313
lcl|NC_052612.1_prot_XP_039163555.1_3376	At1g06820	84.3	4.14e-254	704	1816	524	596	414
lcl|NC_052612.1_prot_XP_018715167.2_3377	At1g06820	84.4	7.23e-251	695	1794	518	596	409
lcl|NC_052612.1_prot_XP_010059956.2_3491	At5g52920	81.5	0.0	902	2331	573	580	584
lcl|NC_052612.1_prot_XP_039156708.1_3591	At3g55010	80.1	2.00e-147	415	1066	279	390	256
lcl|NC_052612.1_prot_XP_010036380.1_3727	Potri.016G033200	96.6	0.0	883	2281	449	451	438
lcl|NC_052612.1_prot_XP_010036380.1_3727	Potri.006G035400	96.8	0.0	882	2278	449	449	438
lcl|NC_052612.1_prot_XP_010036380.1_3727	Potri.009G067200	96.3	0.0	879	2272	449	447	438
lcl|NC_052612.1_prot_XP_010036380.1_3727	Potri.009G067100	96.3	0.0	877	2266	449	447	438
lcl|NC_052612.1_prot_XP_010036380.1_3727	Potri.001G272800	95.9	0.0	870	2247	449	446	438
lcl|NC_052612.1_prot_XP_010036380.1_3727	Potri.003G125400	95.7	0.0	868	2242	449	447	438
lcl|NC_052612.1_prot_XP_010036380.1_3727	Potri.001G246900	95.4	0.0	867	2240	449	450	438
lcl|NC_052612.1_prot_XP_010036380.1_3727	Potri.009G040200	95.2	0.0	866	2237	449	451	438
lcl|NC_052612.1_prot_XP_010036380.1_3727	Potri.001G106100	95.2	0.0	865	2236	449	448	438
lcl|NC_052612.1_prot_XP_010036380.1_3727	Potri.015G038800	94.3	4.26e-320	861	2225	449	445	438
lcl|NC_052612.1_prot_XP_010055111.2_3799	Potri.002G160800	85.1	2.24e-229	626	1614	375	376	375
lcl|NC_052612.1_prot_XP_010055111.2_3799	Potri.014G086300	83.5	3.25e-224	613	1580	375	375	375
lcl|NC_052612.1_prot_XP_010047039.2_3946	Potri.012G128200	88.2	5.83e-13	66.2	160	440	406	34
lcl|NC_052615.1_prot_XP_010051827.2_43	Potri.001G160100	81.8	1.35e-270	738	1906	474	472	451
lcl|NC_052615.1_prot_XP_010051890.2_140	At5g63890	84.4	2.83e-269	736	1901	512	467	436
lcl|NC_052615.1_prot_XP_010052001.1_274	At1g30380	84.7	4.13e-72	208	529	130	131	131
lcl|NC_052615.1_prot_XP_010052042.1_338	Potri.001G320500	92.8	0.0	905	2340	485	486	485
lcl|NC_052615.1_prot_XP_010052042.1_338	Potri.017G059400	92.4	0.0	902	2332	485	486	485
lcl|NC_052615.1_prot_XP_010052073.2_372	At5g46290	81.7	4.03e-287	781	2016	470	490	491
lcl|NC_052615.1_prot_XP_010052171.2_489	Potri.011G070900	85.0	0.0	1479	3829	864	854	844
lcl|NC_052615.1_prot_XP_010052171.2_489	Potri.004G061500	83.4	0.0	1448	3748	864	850	844
lcl|NC_052615.1_prot_XP_010052217.2_553	Potri.011G064000	87.4	0.0	1055	2728	582	594	593
lcl|NC_052615.1_prot_XP_010052217.2_553	Potri.T102400	87.2	0.0	1054	2725	582	594	593
lcl|NC_052615.1_prot_XP_010052217.2_553	Potri.004G054100	88.2	0.0	1044	2700	582	583	577
lcl|NC_052615.1_prot_XP_010052217.2_553	Potri.017G151900	86.3	0.0	1026	2652	582	583	577
lcl|NC_052615.1_prot_XP_010052217.2_553	Potri.016G120100	84.2	0.0	971	2511	582	606	562
lcl|NC_052615.1_prot_XP_010052217.2_553	Potri.006G102500	82.0	0.0	964	2492	582	606	566
lcl|NC_052615.1_prot_XP_010052217.2_553	Potri.T143400	90.0	1.38e-220	610	1573	582	322	321
lcl|NC_052615.1_prot_XP_039167011.1_828	Potri.007G013900	89.5	2.31e-249	676	1744	371	369	373
lcl|NC_052615.1_prot_XP_039167011.1_828	Potri.005G116200	88.2	1.33e-248	674	1739	371	369	373
lcl|NC_052615.1_prot_XP_039167346.1_947	A0A816UFB7	80.2	5.44e-153	453	1166	321	1103	268
lcl|NC_052615.1_prot_XP_010052865.2_955	At3g57610	84.5	8.79e-280	766	1978	561	491	446
lcl|NC_052615.1_prot_XP_010039422.2_1132	AT5G48230	82.1	1.86e-240	657	1694	413	404	403
lcl|NC_052615.1_prot_XP_010054765.2_1654	At1g64190	87.8	2.33e-320	866	2237	495	488	484
lcl|NC_052615.1_prot_XP_010054765.2_1654	At5g41670	88.2	4.66e-320	865	2235	495	488	484
lcl|NC_052615.1_prot_XP_010053223.2_1717	At5g52570	83.8	2.86e-128	364	934	302	304	204
lcl|NC_052615.1_prot_XP_010054775.2_1757	Potri.003G126800	95.9	0.0	880	2274	444	445	444
lcl|NC_052615.1_prot_XP_010054775.2_1757	Potri.001G104600	94.6	1.70e-320	862	2228	444	445	444
lcl|NC_052615.1_prot_XP_010054775.2_1757	Potri.001G464400	93.0	8.16e-313	843	2177	444	446	431
lcl|NC_052615.1_prot_XP_010054775.2_1757	Potri.009G040200	92.0	1.99e-312	842	2175	444	451	440
lcl|NC_052615.1_prot_XP_010054775.2_1757	Potri.016G033200	91.9	4.01e-312	841	2173	444	451	443
lcl|NC_052615.1_prot_XP_010054775.2_1757	Potri.003G125400	91.8	4.90e-312	841	2172	444	447	441
lcl|NC_052615.1_prot_XP_010054775.2_1757	Potri.001G246900	92.7	1.11e-311	840	2170	444	450	436
lcl|NC_052615.1_prot_XP_010054775.2_1757	Potri.001G106100	91.4	1.46e-311	840	2169	444	448	442
lcl|NC_052615.1_prot_XP_010054775.2_1757	Potri.001G272800	91.6	1.92e-311	839	2168	444	446	443
lcl|NC_052615.1_prot_XP_010054775.2_1757	Potri.011G162500	91.9	2.73e-311	839	2167	444	446	434
lcl|NC_052615.1_prot_XP_010053352.1_1845	Potri.003G120300	86.0	5.75e-300	812	2097	464	465	464
lcl|NC_052615.1_prot_XP_010053352.1_1845	Potri.001G111700	86.2	1.92e-298	808	2087	464	465	464
lcl|NC_052615.1_prot_XP_010053352.1_1845	Potri.003G120400	88.9	6.62e-168	469	1207	464	255	253
lcl|NC_052615.1_prot_XP_010053354.2_1848	Potri.003G120000	87.7	8.46e-202	550	1417	302	303	302
lcl|NC_052615.1_prot_XP_010053354.2_1848	Potri.001G112000	86.4	2.32e-199	544	1401	302	303	302
lcl|NC_052615.1_prot_XP_010053354.2_1848	Potri.011G103700	82.2	6.81e-178	503	1296	302	671	292
lcl|NC_052615.1_prot_XP_010053384.2_1880	Os06g0130400	85.0	4.70e-16	77.0	188	538	542	40
lcl|NC_052615.1_prot_XP_010053454.2_1953	Potri.003G111200	80.6	2.94e-159	443	1140	351	273	273
lcl|NC_052615.1_prot_XP_010053589.1_2115	AT2G35370	81.3	7.46e-91	258	659	163	165	166
lcl|NC_052615.1_prot_XP_010053589.1_2115	At2g35370	81.3	7.72e-91	258	659	163	166	166
lcl|NC_052615.1_prot_XP_039167363.1_2197	Potri.001G143200	82.9	5.09e-280	759	1960	438	436	433
lcl|NC_052615.1_prot_XP_039167363.1_2197	Potri.003G091100	83.6	1.70e-278	755	1950	438	436	432
lcl|NC_052615.1_prot_XP_010053904.1_2479	Potri.014G068400	86.0	2.13e-275	747	1929	436	432	430
lcl|NC_052615.1_prot_XP_010053904.1_2479	Potri.002G146500	84.9	1.67e-273	743	1917	436	436	431
lcl|NC_052615.1_prot_XP_010053905.2_2480	At1g48860	82.1	1.06e-273	750	1936	513	522	457
lcl|NC_052615.1_prot_XP_010053907.2_2482	At2g45290	82.7	0.0	1210	3130	748	742	750
lcl|NC_052615.1_prot_XP_010053907.2_2482	At3g60750	82.4	0.0	1207	3122	748	742	746
lcl|NC_052615.1_prot_XP_010054105.3_2610	GRMZM2G162529_T02.CDS	80.8	9.26e-243	662	1709	410	406	411
lcl|NC_052615.1_prot_XP_010054105.3_2610	GRMZM2G162529_T01.CDS	87.0	3.41e-27	99.4	246	410	61	54
lcl|NC_052617.1_prot_XP_010059859.2_184	At1g27695	83.1	2.72e-09	49.3	116	227	92	77
lcl|NC_052617.1_prot_XP_010060532.2_978	At5g54190	83.7	2.60e-239	653	1685	398	406	405
lcl|NC_052617.1_prot_XP_010060532.2_978	At4g27440	82.3	1.75e-236	646	1666	398	402	402
lcl|NC_052617.1_prot_XP_010060532.2_978	GRMZM2G073351_T03.CDS	81.0	2.14e-212	583	1504	398	366	357
lcl|NC_052617.1_prot_XP_010060532.2_978	GRMZM2G084958_T02.CDS	83.2	7.14e-185	513	1320	398	336	297
lcl|NC_052617.1_prot_XP_010060532.2_978	GRMZM2G073351_T01.CDS	83.8	2.74e-179	496	1278	398	285	284
lcl|NC_052617.1_prot_XP_010060532.2_978	GRMZM2G073351_T04.CDS	83.8	2.74e-179	496	1278	398	285	284
lcl|NC_052617.1_prot_XP_010060532.2_978	GRMZM2G084958_T01.CDS	83.2	1.09e-176	490	1261	398	286	285
lcl|NC_052617.1_prot_XP_010060589.2_1035	Potri.001G399000	84.1	5.12e-155	444	1141	394	519	258
lcl|NC_052617.1_prot_XP_039170971.1_1036	Potri.001G399000	84.1	5.31e-155	444	1141	395	519	258
lcl|NC_052617.1_prot_XP_039170300.1_1073	At2g05710	91.0	1.38e-120	370	950	418	991	201
lcl|NC_052617.1_prot_XP_039170300.1_1073	GRMZM2G020801_T01.CDS	90.3	1.10e-75	247	631	418	798	134
lcl|NC_052617.1_prot_XP_010060660.2_1112	GRMZM2G126361_T02.CDS	92.1	0.0	1075	2780	713	689	609
lcl|NC_052617.1_prot_XP_010060660.2_1112	GRMZM2G126361_T03.CDS	92.1	0.0	1075	2780	713	689	609
lcl|NC_052617.1_prot_XP_010060660.2_1112	GRMZM2G126361_T01.CDS	87.4	1.79e-151	441	1135	713	379	269
lcl|NC_052617.1_prot_XP_010060763.2_1258	Potri.001G383500	85.2	0.0	1187	3070	666	671	671
lcl|NC_052617.1_prot_XP_010060763.2_1258	Potri.011G103700	85.4	0.0	1184	3063	666	671	671
lcl|NC_052617.1_prot_XP_010060763.2_1258	Potri.001G112000	81.6	5.56e-169	481	1239	666	303	283
lcl|NC_052617.1_prot_XP_010060827.2_1312	A0A9E7H647	83.9	2.58e-45	150	380	140	524	87
lcl|NC_052617.1_prot_XP_010060829.2_1313	GRMZM2G016602_T03.CDS	81.2	2.88e-142	409	1050	423	416	250
lcl|NC_052617.1_prot_XP_010060829.2_1313	GRMZM2G016602_T01.CDS	81.2	2.88e-142	409	1050	423	416	250
lcl|NC_052617.1_prot_XP_010060829.2_1313	GRMZM2G016602_T04.CDS	86.5	1.26e-81	248	634	423	267	141
lcl|NC_052617.1_prot_XP_010060861.1_1348	At1g56190	83.3	4.46e-278	758	1957	484	479	485
lcl|NC_052617.1_prot_XP_010060861.1_1348	At3g12780	83.3	4.75e-276	753	1944	484	482	486
lcl|NC_052617.1_prot_XP_010061038.2_1511	At1g19920	83.4	4.28e-269	735	1898	486	477	415
lcl|NC_052617.1_prot_XP_010061038.2_1511	GRMZM2G158147_T01.CDS	85.1	3.06e-264	723	1866	486	476	409
lcl|NC_052617.1_prot_XP_010061071.1_1578	Potri.005G239900	95.5	0.0	868	2244	447	450	449
lcl|NC_052617.1_prot_XP_010061071.1_1578	Potri.002G021800	95.5	8.42e-321	864	2232	447	450	447
lcl|NC_052617.1_prot_XP_010061071.1_1578	Potri.001G464400	96.5	8.49e-321	863	2230	447	446	434
lcl|NC_052617.1_prot_XP_010061071.1_1578	Potri.016G033200	94.1	5.04e-320	861	2225	447	451	443
lcl|NC_052617.1_prot_XP_010061071.1_1578	Potri.009G067200	93.9	1.36e-319	860	2222	447	447	443
lcl|NC_052617.1_prot_XP_010061071.1_1578	Potri.011G162500	95.9	1.78e-319	860	2221	447	446	435
lcl|NC_052617.1_prot_XP_010061071.1_1578	Potri.001G272800	94.6	3.65e-319	859	2219	447	446	443
lcl|NC_052617.1_prot_XP_010061071.1_1578	Potri.006G035400	94.1	8.27e-319	858	2217	447	449	442
lcl|NC_052617.1_prot_XP_010061071.1_1578	Potri.009G067100	93.9	1.08e-318	858	2216	447	447	443
lcl|NC_052617.1_prot_XP_010061071.1_1578	Potri.012G047600	93.9	2.89e-318	857	2213	447	445	440
lcl|NC_052617.1_prot_XP_010061114.1_1620	A0A835DMJ9	81.4	2.13e-227	628	1619	362	565	355
lcl|NC_052617.1_prot_XP_010064573.2_1630	Potri.002G014432	84.9	1.05e-116	341	874	510	259	192
lcl|NC_052617.1_prot_XP_010064573.2_1630	Potri.002G014366	88.3	2.33e-78	240	612	510	190	128
lcl|NC_052617.1_prot_XP_010043318.1_1680	At2g20260	88.2	5.80e-40	127	320	139	146	68
lcl|NC_052617.1_prot_XP_010043318.1_1680	At4g28750	90.8	6.29e-39	125	313	139	144	65
lcl|NC_052617.1_prot_XP_010061201.2_1755	At1g42970	86.1	3.70e-280	761	1964	454	448	454
lcl|NC_052617.1_prot_XP_010061295.1_2042	At1g75330	84.2	1.50e-201	555	1431	373	376	330
lcl|NC_052617.1_prot_XP_010061825.2_2470	At1g22170	80.5	1.35e-153	431	1108	341	335	267
lcl|NC_052617.1_prot_XP_010061820.2_2471	At1g22170	80.5	3.22e-153	431	1108	364	335	267
lcl|NC_052617.1_prot_XP_010061821.2_2472	At1g22170	80.5	2.77e-153	431	1108	360	335	267
lcl|NC_052617.1_prot_XP_010064804.3_2739	GRMZM2G001904_T01.CDS	81.2	2.83e-92	271	692	376	180	170
lcl|NC_052617.1_prot_XP_010062165.2_2802	At1g43800	82.7	2.78e-214	589	1519	397	392	346
lcl|NC_052617.1_prot_XP_039171100.1_2847	Potri.010G120600	88.7	8.36e-22	93.2	230	428	431	53
lcl|NC_052617.1_prot_XP_039171100.1_2847	Potri.017G118600	86.3	2.88e-20	88.6	218	428	427	51
lcl|NC_052617.1_prot_XP_039171100.1_2847	Potri.T063800	86.3	2.88e-20	88.6	218	428	427	51
lcl|NC_052617.1_prot_XP_010062204.1_2910	Potri.017G118600	82.0	6.64e-255	695	1793	428	427	427
lcl|NC_052617.1_prot_XP_010062204.1_2910	Potri.T063800	81.5	4.46e-253	690	1781	428	427	427
lcl|NC_052617.1_prot_XP_010062254.2_2965	At5g16715	82.8	0.0	1332	3446	795	975	784
lcl|NC_052617.1_prot_XP_010062276.1_2992	At3g17820	86.4	6.03e-240	651	1679	356	355	353
lcl|NC_052617.1_prot_XP_010062276.1_2992	At1g48470	81.4	3.65e-227	619	1595	356	354	350
lcl|NC_052617.1_prot_XP_018730846.2_3018	At4g32520	85.7	2.72e-77	236	602	178	530	133
lcl|NC_052617.1_prot_XP_010062316.2_3038	Potri.004G075200	89.0	0.0	891	2302	493	499	498
lcl|NC_052617.1_prot_XP_010062316.2_3038	Potri.T059200	87.9	0.0	882	2278	493	497	497
lcl|NC_052617.1_prot_XP_010062316.2_3038	Potri.004G075300	86.3	0.0	875	2261	493	501	503
lcl|NC_052617.1_prot_XP_010062316.2_3038	Potri.010G100500	84.3	3.46e-309	838	2165	493	504	503
lcl|NC_052617.1_prot_XP_010062316.2_3038	Potri.008G141100	83.7	2.41e-308	836	2160	493	509	508
lcl|NC_052617.1_prot_XP_010062317.1_3039	At5g14590	80.4	6.99e-252	689	1778	416	486	408
lcl|NC_052617.1_prot_XP_010062372.1_3100	At4g19710	80.0	0.0	1352	3498	916	917	851
lcl|NC_052617.1_prot_XP_010062488.2_3214	At3g16140	81.1	2.38e-85	243	619	145	146	143
lcl|NC_052617.1_prot_XP_010062488.2_3214	At1g52230	80.4	5.60e-84	239	610	145	146	143
lcl|NC_052617.1_prot_XP_010062639.2_3354	GRMZM5G848696_T02.CDS	80.0	3.62e-162	454	1168	364	346	290
lcl|NC_052617.1_prot_XP_010062753.1_3476	At1g78510	80.8	1.16e-196	545	1403	418	368	343
lcl|NC_052617.1_prot_XP_039171614.1_3490	Potri.011G103700	87.8	0.0	1221	3158	671	671	671
lcl|NC_052617.1_prot_XP_039171614.1_3490	Potri.001G383500	87.8	0.0	1218	3152	671	671	672
lcl|NC_052617.1_prot_XP_039171614.1_3490	Potri.003G120000	81.2	1.17e-174	496	1277	671	303	293
lcl|NC_052617.1_prot_XP_039171614.1_3490	Potri.001G112000	80.3	1.09e-172	491	1264	671	303	295
lcl|NC_052617.1_prot_XP_010062770.1_3491	Potri.011G103700	87.8	0.0	1221	3158	671	671	671
lcl|NC_052617.1_prot_XP_010062770.1_3491	Potri.001G383500	87.8	0.0	1218	3152	671	671	672
lcl|NC_052617.1_prot_XP_010062770.1_3491	Potri.003G120000	81.2	1.17e-174	496	1277	671	303	293
lcl|NC_052617.1_prot_XP_010062770.1_3491	Potri.001G112000	80.3	1.09e-172	491	1264	671	303	295
lcl|NC_052617.1_prot_XP_010062771.1_3492	Potri.011G103700	87.8	0.0	1221	3158	671	671	671
lcl|NC_052617.1_prot_XP_010062771.1_3492	Potri.001G383500	87.8	0.0	1218	3152	671	671	672
lcl|NC_052617.1_prot_XP_010062771.1_3492	Potri.003G120000	81.2	1.17e-174	496	1277	671	303	293
lcl|NC_052617.1_prot_XP_010062771.1_3492	Potri.001G112000	80.3	1.09e-172	491	1264	671	303	295
lcl|NC_052617.1_prot_XP_010062774.2_3493	Potri.011G103900	84.9	0.0	1563	4048	925	923	926
lcl|NC_052617.1_prot_XP_010062774.2_3493	Potri.001G383600	84.6	0.0	1550	4012	925	923	926
lcl|NC_052617.1_prot_XP_010062772.2_3494	Potri.011G103900	84.9	0.0	1563	4048	925	923	926
lcl|NC_052617.1_prot_XP_010062772.2_3494	Potri.001G383600	84.6	0.0	1550	4012	925	923	926
lcl|NC_052617.1_prot_XP_010062773.2_3495	Potri.011G103900	84.9	0.0	1563	4048	925	923	926
lcl|NC_052617.1_prot_XP_010062773.2_3495	Potri.001G383600	84.6	0.0	1550	4012	925	923	926
lcl|NC_052617.1_prot_XP_010062775.2_3496	Potri.011G103900	84.9	0.0	1563	4048	925	923	926
lcl|NC_052617.1_prot_XP_010062775.2_3496	Potri.001G383600	84.6	0.0	1550	4012	925	923	926
lcl|NC_052617.1_prot_XP_010062776.2_3497	Potri.011G103900	84.9	0.0	1563	4048	925	923	926
lcl|NC_052617.1_prot_XP_010062776.2_3497	Potri.001G383600	84.6	0.0	1550	4012	925	923	926
lcl|NC_052617.1_prot_XP_039171613.1_3498	Potri.011G103900	84.9	0.0	1563	4048	925	923	926
lcl|NC_052617.1_prot_XP_039171613.1_3498	Potri.001G383600	84.6	0.0	1550	4012	925	923	926
lcl|NC_052617.1_prot_XP_010062976.3_3722	GRMZM2G018375_T02.CDS	83.8	6.51e-182	504	1298	357	355	303
lcl|NC_052617.1_prot_XP_039170686.1_3802	At3g20330	86.5	1.96e-190	529	1363	405	391	311
lcl|NC_052617.1_prot_XP_010063232.2_4107	At5g40870	80.4	7.14e-262	715	1846	436	487	428
lcl|NC_052617.1_prot_XP_010063232.2_4107	At3g27190	80.0	6.09e-260	710	1833	436	484	425
lcl|NC_052617.1_prot_XP_039170720.1_4310	At1g69740	80.1	9.56e-235	644	1662	437	431	417
lcl|NC_052617.1_prot_XP_010063401.2_4311	At1g69740	80.1	5.98e-235	644	1662	425	431	417
lcl|NC_052617.1_prot_XP_010063443.2_4381	At4g37925	81.1	3.94e-84	245	626	218	218	148
lcl|NC_052617.1_prot_XP_010063450.2_4387	Potri.005G183200	100	2.40e-07	44.7	104	632	67	19
lcl|NC_052617.1_prot_XP_010063451.2_4388	Potri.005G183200	100	2.37e-07	44.7	104	624	67	19
lcl|NC_052617.1_prot_XP_010063458.1_4396	At3g15730	82.2	0.0	1413	3657	805	811	810
lcl|NC_052617.1_prot_XP_010063499.2_4442	Potri.003G030900	81.1	9.94e-318	863	2230	557	520	518
lcl|NC_052617.1_prot_XP_010063532.2_4467	GRMZM2G088305_T01.CDS	90.6	4.29e-10	57.8	138	1118	249	32
lcl|NC_052617.1_prot_XP_010063530.2_4468	GRMZM2G088305_T01.CDS	90.6	4.37e-10	57.8	138	1137	249	32
lcl|NC_052617.1_prot_XP_010063531.2_4469	GRMZM2G088305_T01.CDS	90.6	4.37e-10	57.8	138	1137	249	32
lcl|NC_052617.1_prot_XP_039171442.1_4479	At1g31180	82.0	9.94e-224	615	1585	406	420	372
lcl|NC_052617.1_prot_XP_039171442.1_4479	At5g14200	81.6	1.14e-222	612	1577	406	410	374
lcl|NC_052617.1_prot_XP_039171502.1_4855	Potri.005G190500	84.3	1.22e-82	246	629	134	479	134
lcl|NC_052617.1_prot_XP_039171502.1_4855	Potri.002G069800	83.6	1.85e-81	243	620	134	464	134
lcl|NC_052617.1_prot_XP_010063879.3_4857	Potri.005G190500	83.4	2.08e-302	819	2116	477	479	477
lcl|NC_052617.1_prot_XP_010063879.3_4857	Potri.002G069800	89.5	8.86e-298	807	2084	477	464	428
lcl|NC_052617.1_prot_XP_010064076.2_5018	At1g29900	85.2	0.0	1909	4945	1203	1188	1111
lcl|NC_052617.1_prot_XP_010064085.2_5024	At3g12780	85.2	1.23e-240	660	1702	401	482	398
lcl|NC_052617.1_prot_XP_010064085.2_5024	At1g56190	84.7	2.22e-240	659	1700	401	479	398
lcl|NC_052617.1_prot_XP_010064094.1_5037	Potri.010G174000	82.0	1.82e-304	829	2142	533	537	500
lcl|NC_052619.1_prot_XP_010069248.1_64	At2g43710	83.7	1.86e-251	684	1765	404	402	405
lcl|NC_052619.1_prot_XP_010069248.1_64	At5g16240	80.2	8.22e-214	588	1517	404	395	349
lcl|NC_052619.1_prot_XP_010056181.1_110	Potri.003G102600	83.7	0.0	1112	2875	608	601	603
lcl|NC_052619.1_prot_XP_010056181.1_110	Potri.003G102400	83.7	0.0	1112	2875	608	601	603
lcl|NC_052619.1_prot_XP_010056181.1_110	Potri.001G131400	83.7	0.0	1108	2867	608	600	603
lcl|NC_052619.1_prot_XP_010056208.2_136	GRMZM2G162529_T02.CDS	81.2	2.35e-242	661	1706	407	406	409
lcl|NC_052619.1_prot_XP_010056208.2_136	At1g32060	82.4	6.61e-242	660	1702	407	396	404
lcl|NC_052619.1_prot_XP_010056208.2_136	GRMZM2G026024_T01.CDS	80.5	1.35e-237	656	1693	407	583	415
lcl|NC_052619.1_prot_XP_010056208.2_136	GRMZM2G463280_T01.CDS	80.2	4.70e-213	586	1511	407	382	358
lcl|NC_052619.1_prot_XP_010069012.2_377	Potri.017G057800	80.7	0.0	1735	4494	1070	1070	1074
lcl|NC_052619.1_prot_XP_010069012.2_377	Potri.001G317600	81.3	0.0	1731	4483	1070	1070	1074
lcl|NC_052619.1_prot_XP_039154900.1_472	At1g04620	83.9	4.12e-281	764	1974	473	463	441
lcl|NC_052619.1_prot_XP_010057603.2_496	Potri.006G064300	82.2	0.0	1758	4554	1056	1051	1055
lcl|NC_052619.1_prot_XP_010057603.2_496	Potri.018G124700	80.6	0.0	1708	4423	1056	1049	1055
lcl|NC_052619.1_prot_XP_010069412.1_627	At3g22960	87.0	0.0	892	2305	588	597	529
lcl|NC_052619.1_prot_XP_010069500.1_740	A0A7G2DUG9	88.2	5.49e-67	215	548	162	963	127
lcl|NC_052619.1_prot_XP_010025971.1_746	A0A7G2DUG9	85.5	1.49e-25	97.4	241	147	963	55
lcl|NC_052619.1_prot_XP_010069705.2_970	AT5G48230	86.6	1.64e-248	677	1746	405	404	397
lcl|NC_052619.1_prot_XP_039156571.1_991	Potri.004G075200	87.9	7.42e-10	54.3	129	223	499	33
lcl|NC_052619.1_prot_XP_039156571.1_991	Potri.T059200	87.9	2.44e-09	52.8	125	223	497	33
lcl|NC_052619.1_prot_XP_010069913.1_1187	Potri.002G204400	82.0	8.98e-259	706	1822	443	445	445
lcl|NC_052619.1_prot_XP_010069913.1_1187	Potri.014G129200	81.4	2.39e-258	705	1819	443	443	451
lcl|NC_052619.1_prot_XP_039155378.1_1511	Potri.019G054500	92.4	5.73e-41	140	352	129	676	79
lcl|NC_052619.1_prot_XP_018716462.2_1517	Potri.019G054500	87.6	0.0	1150	2975	677	676	679
lcl|NC_052619.1_prot_XP_010070155.2_1532	At5g16440	83.1	1.38e-144	405	1042	319	292	231
lcl|NC_052619.1_prot_XP_010023584.2_2387	Potri.008G147200	83.5	8.83e-46	154	390	341	307	91
lcl|NC_052619.1_prot_XP_010023650.1_2419	Potri.017G059400	93.2	0.0	914	2362	485	486	485
lcl|NC_052619.1_prot_XP_010023650.1_2419	Potri.001G320500	92.2	0.0	905	2339	485	486	485
lcl|NC_052619.1_prot_XP_010023657.1_2424	Potri.017G059100	82.0	4.71e-275	748	1932	459	457	460
lcl|NC_052619.1_prot_XP_010023657.1_2424	Potri.001G320000	80.7	2.10e-269	734	1895	459	458	461
lcl|NC_052619.1_prot_XP_039155869.1_2545	At3g23940	86.2	0.0	974	2518	982	609	566
lcl|NC_052619.1_prot_XP_010023871.2_2713	Potri.010G068200	81.6	9.97e-92	260	665	167	163	158
lcl|NC_052619.1_prot_XP_039155957.1_2950	Potri.001G320500	83.3	7.47e-26	100	250	229	486	60
lcl|NC_052619.1_prot_XP_039157080.1_2965	Potri.001G320500	80.2	2.14e-267	731	1886	470	486	470
lcl|NC_052619.1_prot_XP_010024306.2_3088	At3g22425	89.8	1.06e-126	358	918	280	271	197
lcl|NC_052619.1_prot_XP_010024306.2_3088	At4g14910	82.3	3.32e-120	343	879	280	309	215
lcl|NC_052619.1_prot_XP_018717418.2_3391	Potri.008G197400	81.4	0.0	963	2489	887	884	558
lcl|NC_052619.1_prot_XP_010024490.2_3398	At4g15560	82.8	0.0	1189	3076	719	718	721
lcl|NC_052619.1_prot_XP_010024721.2_3683	Potri.008G219650	82.6	1.05e-82	249	637	508	150	149
lcl|NC_052619.1_prot_XP_010024721.2_3683	Potri.T029700	84.4	6.32e-77	234	597	508	136	135
lcl|NC_052619.1_prot_XP_010024808.2_3799	Potri.010G148100	81.8	2.27e-307	833	2153	499	497	499
lcl|NC_052619.1_prot_XP_010024808.2_3799	Potri.008G102800	81.4	3.58e-304	825	2132	499	497	499
lcl|NC_052619.1_prot_XP_039156860.1_3941	Potri.019G018500	80.2	1.89e-209	574	1480	362	360	358
lcl|NC_052619.1_prot_XP_039156861.1_3942	Potri.019G018500	80.2	1.89e-209	574	1480	362	360	358
lcl|NC_052619.1_prot_XP_039156862.1_3943	Potri.019G018500	80.2	1.89e-209	574	1480	362	360	358
lcl|NC_052619.1_prot_XP_039156863.1_3944	Potri.019G018500	80.2	1.89e-209	574	1480	362	360	358
lcl|NC_052619.1_prot_XP_039156864.1_3945	Potri.019G018500	80.2	1.89e-209	574	1480	362	360	358
lcl|NC_052619.1_prot_XP_039156865.1_3946	Potri.019G018500	80.2	1.89e-209	574	1480	362	360	358
lcl|NC_052619.1_prot_XP_039156866.1_3947	Potri.019G018500	80.2	1.89e-209	574	1480	362	360	358
lcl|NC_052619.1_prot_XP_039156867.1_3948	Potri.019G018500	80.2	1.89e-209	574	1480	362	360	358
lcl|NC_052619.1_prot_XP_010024962.2_3949	Potri.019G018500	80.2	1.62e-209	574	1480	358	360	358
lcl|NC_052619.1_prot_XP_039156868.1_3950	Potri.019G018500	80.2	1.62e-209	574	1480	358	360	358
lcl|NC_052619.1_prot_XP_039156869.1_3951	Potri.019G018500	80.2	1.62e-209	574	1480	358	360	358
lcl|NC_052619.1_prot_XP_039156870.1_3952	Potri.019G018500	80.2	1.62e-209	574	1480	358	360	358
lcl|NC_052619.1_prot_XP_010041364.2_4078	At3g04870	82.6	0.0	933	2411	581	559	546
lcl|NC_052619.1_prot_XP_010024093.2_4281	GRMZM2G088305_T01.CDS	80.0	1.06e-09	56.6	135	1137	249	35
lcl|NC_052619.1_prot_XP_010024094.2_4282	GRMZM2G088305_T01.CDS	80.0	1.05e-09	56.6	135	1130	249	35
lcl|NC_052619.1_prot_XP_010025347.1_4503	GRMZM2G043602_T01.CDS	83.5	2.40e-129	364	935	318	226	218
lcl|NC_052619.1_prot_XP_039156417.1_5045	At5g08740	82.3	2.43e-39	133	334	104	520	79
lcl|NC_052619.1_prot_XP_010025672.1_5089	At2g30390	85.3	1.79e-270	742	1915	514	523	441
lcl|NC_052616.1_prot_XP_010055026.3_80	GRMZM2G156158_T02.CDS	86.9	7.06e-29	109	272	774	158	61
lcl|NC_052616.1_prot_XP_010055050.1_96	Potri.014G094900	97.5	0.0	924	2389	474	475	474
lcl|NC_052616.1_prot_XP_010055050.1_96	Potri.002G167800	97.0	0.0	920	2377	474	475	474
lcl|NC_052616.1_prot_XP_010055292.1_313	Potri.003G094500	84.1	0.0	1449	3752	864	862	851
lcl|NC_052616.1_prot_XP_010055292.1_313	Potri.001G139500	81.5	0.0	1410	3651	864	863	853
lcl|NC_052616.1_prot_XP_010055293.1_314	Potri.003G094500	84.1	0.0	1449	3752	864	862	851
lcl|NC_052616.1_prot_XP_010055293.1_314	Potri.001G139500	81.5	0.0	1410	3651	864	863	853
lcl|NC_052616.1_prot_XP_039168088.1_315	Potri.003G094500	84.1	0.0	1135	2935	686	862	666
lcl|NC_052616.1_prot_XP_039168088.1_315	Potri.001G139500	81.9	0.0	1108	2867	686	863	668
lcl|NC_052616.1_prot_XP_010023588.2_404	At4g14210	81.5	1.11e-104	322	824	533	567	195
lcl|NC_052616.1_prot_XP_010055509.2_643	Potri.001G122400	83.7	2.36e-212	581	1497	352	351	350
lcl|NC_052616.1_prot_XP_010055509.2_643	Potri.003G111200	86.4	2.15e-166	461	1187	352	273	272
lcl|NC_052616.1_prot_XP_010055790.1_945	At1g63970	92.0	1.74e-109	311	796	235	232	163
lcl|NC_052616.1_prot_XP_010056030.2_1068	At1g01090	89.8	4.33e-239	655	1690	434	429	353
lcl|NC_052616.1_prot_XP_010056032.2_1069	At1g01090	83.6	1.54e-242	664	1713	437	429	403
lcl|NC_052616.1_prot_XP_039168597.1_1230	At3g19480	86.5	7.77e-24	100	248	425	589	52
lcl|NC_052616.1_prot_XP_039168597.1_1230	At4g34200	84.6	6.23e-23	97.4	241	425	604	52
lcl|NC_052616.1_prot_XP_010058501.2_1604	At2g44810	83.3	2.87e-05	42.0	97	396	448	18
lcl|NC_052616.1_prot_XP_039168273.1_1664	At1g79750	82.6	1.12e-07	43.5	101	81	647	23
lcl|NC_052616.1_prot_XP_039168272.1_1665	At1g79750	82.6	4.27e-07	43.5	101	122	647	23
lcl|NC_052616.1_prot_XP_010056492.1_1682	At2g44530	80.8	2.55e-221	607	1566	401	395	385
lcl|NC_052616.1_prot_XP_010056492.1_1682	At2g35390	82.2	8.31e-213	586	1511	401	404	359
lcl|NC_052616.1_prot_XP_010056492.1_1682	At1g32380	81.1	2.48e-211	582	1501	401	401	366
lcl|NC_052616.1_prot_XP_039169416.1_1772	AtCg00490	88.6	7.65e-239	653	1685	357	480	352
lcl|NC_052616.1_prot_XP_039169416.1_1772	GRMZM2G360821_T01.CDS	88.1	1.26e-238	653	1684	357	484	353
lcl|NC_052616.1_prot_XP_039169416.1_1772	GRMZM2G385635_T01.CDS	88.1	1.26e-238	653	1684	357	484	353
lcl|NC_052616.1_prot_XP_039169416.1_1772	GRMZM2G448344_T01.CDS	88.1	1.26e-238	653	1684	357	484	353
lcl|NC_052616.1_prot_XP_039169416.1_1772	GRMZM5G815453_T01.CDS	88.1	1.26e-238	653	1684	357	484	353
lcl|NC_052616.1_prot_XP_010056624.2_1837	At2g34590	86.1	1.49e-238	655	1690	487	407	380
lcl|NC_052616.1_prot_XP_010056624.2_1837	At1g30120	84.0	1.73e-230	635	1637	487	407	382
lcl|NC_052616.1_prot_NP_001289662.1_2013	Potri.011G162500	98.2	0.0	878	2269	449	446	433
lcl|NC_052616.1_prot_NP_001289662.1_2013	Potri.001G464400	98.1	0.0	878	2269	449	446	432
lcl|NC_052616.1_prot_NP_001289662.1_2013	Potri.009G067200	95.8	0.0	864	2233	449	447	433
lcl|NC_052616.1_prot_NP_001289662.1_2013	Potri.006G095000	96.1	8.51e-321	863	2231	449	445	433
lcl|NC_052616.1_prot_NP_001289662.1_2013	Potri.016G033200	95.4	1.68e-320	862	2228	449	451	433
lcl|NC_052616.1_prot_NP_001289662.1_2013	Potri.006G035400	95.6	2.53e-320	862	2227	449	449	433
lcl|NC_052616.1_prot_NP_001289662.1_2013	Potri.009G067100	95.6	5.08e-320	861	2225	449	447	433
lcl|NC_052616.1_prot_NP_001289662.1_2013	Potri.003G125400	95.8	1.02e-319	860	2223	449	447	433
lcl|NC_052616.1_prot_NP_001289662.1_2013	Potri.001G106100	95.6	3.04e-319	859	2220	449	448	433
lcl|NC_052616.1_prot_NP_001289662.1_2013	Potri.009G040200	95.6	3.36e-319	859	2220	449	451	433
lcl|NC_052616.1_prot_XP_010041721.2_2267	At3g55010	82.8	2.20e-194	539	1388	397	390	325
lcl|NC_052616.1_prot_XP_039170091.1_3475	AtCg00680	98.1	1.49e-320	868	2242	508	509	418
lcl|NC_052616.1_prot_XP_039170092.1_3478	AtCg00890	97.1	5.84e-90	268	685	264	390	136
lcl|NC_052616.1_prot_XP_010042063.2_3636	AT1G11860	86.0	4.97e-268	726	1875	408	409	408
lcl|NC_052616.1_prot_XP_010042063.2_3636	At1g11860	86.0	8.72e-268	726	1875	408	424	408
lcl|NC_052616.1_prot_XP_010042063.2_3636	A0A816UFB7	85.3	4.01e-254	717	1851	408	1103	409
lcl|NC_052616.1_prot_XP_010057869.2_3683	At4g22260	80.5	5.37e-126	356	913	206	352	205
lcl|NC_052616.1_prot_XP_039167895.1_3868	At4g24620	84.1	2.58e-34	120	300	104	614	63
lcl|NC_052616.1_prot_XP_010058052.1_3929	Potri.001G159700	90.0	3.65e-318	860	2222	492	487	471
lcl|NC_052616.1_prot_XP_010058052.1_3929	Potri.003G074700	87.9	8.44e-313	847	2187	492	489	471
lcl|NC_052613.1_prot_XP_039161809.1_47	At3g48560	81.8	0.0	1002	2591	691	671	594
lcl|NC_052613.1_prot_XP_010054055.2_419	Potri.001G131400	84.3	0.0	1094	2829	604	600	600
lcl|NC_052613.1_prot_XP_010054055.2_419	Potri.003G102600	83.2	0.0	1085	2806	604	601	602
lcl|NC_052613.1_prot_XP_010054055.2_419	Potri.003G102400	83.2	0.0	1085	2806	604	601	602
lcl|NC_052613.1_prot_XP_010054056.2_420	Potri.001G131400	84.3	0.0	1094	2829	604	600	600
lcl|NC_052613.1_prot_XP_010054056.2_420	Potri.003G102600	83.2	0.0	1085	2806	604	601	602
lcl|NC_052613.1_prot_XP_010054056.2_420	Potri.003G102400	83.2	0.0	1085	2806	604	601	602
lcl|NC_052613.1_prot_XP_039163289.1_421	Potri.001G131400	84.3	0.0	1094	2829	604	600	600
lcl|NC_052613.1_prot_XP_039163289.1_421	Potri.003G102600	83.2	0.0	1085	2806	604	601	602
lcl|NC_052613.1_prot_XP_039163289.1_421	Potri.003G102400	83.2	0.0	1085	2806	604	601	602
lcl|NC_052613.1_prot_XP_039163290.1_422	Potri.001G131400	84.3	0.0	1094	2829	604	600	600
lcl|NC_052613.1_prot_XP_039163290.1_422	Potri.003G102600	83.2	0.0	1085	2806	604	601	602
lcl|NC_052613.1_prot_XP_039163290.1_422	Potri.003G102400	83.2	0.0	1085	2806	604	601	602
lcl|NC_052613.1_prot_XP_010029092.2_502	At5g62530	83.4	0.0	928	2399	555	557	529
lcl|NC_052613.1_prot_XP_010029083.2_503	At5g62530	83.3	0.0	926	2392	556	557	528
lcl|NC_052613.1_prot_XP_010029100.2_504	At5g62530	84.0	0.0	886	2289	499	557	500
lcl|NC_052613.1_prot_XP_010029870.2_563	At3g47520	80.7	5.36e-200	554	1428	412	404	374
lcl|NC_052613.1_prot_XP_010029878.2_564	At3g47520	80.7	5.36e-200	554	1428	412	404	374
lcl|NC_052613.1_prot_XP_010029889.2_565	At1g74470	81.5	8.76e-278	756	1952	467	468	464
lcl|NC_052613.1_prot_XP_010029889.2_565	GRMZM2G105644_T01.CDS	81.4	2.90e-255	699	1803	467	458	431
lcl|NC_052613.1_prot_XP_010030181.2_587	At5g61410	85.6	1.76e-162	449	1154	278	282	278
lcl|NC_052613.1_prot_XP_010031103.2_719	Potri.012G063400	82.9	4.34e-185	509	1311	318	321	321
lcl|NC_052613.1_prot_XP_010031115.2_720	Potri.012G063400	82.6	4.63e-166	461	1186	318	321	299
lcl|NC_052613.1_prot_XP_010031396.2_755	At1g74030	91.4	4.42e-292	794	2050	494	478	432
lcl|NC_052613.1_prot_XP_010034343.2_1126	Potri.015G038300	84.3	1.02e-161	456	1172	442	333	274
lcl|NC_052613.1_prot_XP_010034343.2_1126	Potri.012G046600	83.6	3.26e-159	449	1155	442	328	274
lcl|NC_052613.1_prot_XP_010035248.2_1319	At4g02770	85.2	7.04e-103	292	748	214	209	169
lcl|NC_052613.1_prot_XP_039162538.1_1405	At5g35630	85.6	6.01e-283	766	1978	432	431	432
lcl|NC_052613.1_prot_XP_039162539.1_1406	At5g35630	85.6	6.01e-283	766	1978	432	431	432
lcl|NC_052613.1_prot_XP_010036082.2_1426	At4g15530	80.4	0.0	1009	2610	896	964	624
lcl|NC_052613.1_prot_XP_010038421.2_1812	At5g36790	86.2	6.21e-198	546	1406	374	363	327
lcl|NC_052613.1_prot_XP_010038421.2_1812	At5g36700	86.2	6.21e-198	546	1406	374	363	327
lcl|NC_052613.1_prot_XP_010039551.2_2044	GRMZM2G387383_T01.CDS	85.8	0.0	904	2337	1026	583	536
lcl|NC_052613.1_prot_XP_039160824.1_2288	AtCg00680	98.0	0.0	1048	2711	508	509	508
lcl|NC_052613.1_prot_XP_010061714.2_2483	At3g19480	82.0	2.50e-315	862	2227	606	589	543
lcl|NC_052613.1_prot_XP_010061714.2_2483	At4g34200	81.6	4.13e-313	857	2214	606	604	543
lcl|NC_052613.1_prot_XP_010061715.1_2484	Potri.014G022900	82.9	3.04e-198	543	1399	325	329	327
lcl|NC_052613.1_prot_XP_010061715.1_2484	Potri.002G122900	83.8	6.14e-198	542	1397	325	329	327
lcl|NC_052613.1_prot_XP_039163462.1_2649	GRMZM2G039396_T01.CDS	80.2	2.48e-290	793	2049	531	538	505
lcl|NC_052613.1_prot_XP_039163463.1_2650	GRMZM2G039396_T01.CDS	80.2	2.48e-290	793	2049	531	538	505
lcl|NC_052613.1_prot_XP_039163464.1_2651	At4g01690	82.3	1.19e-250	690	1780	458	538	412
lcl|NC_052613.1_prot_XP_039163464.1_2651	GRMZM2G039396_T01.CDS	83.0	9.25e-248	682	1761	458	538	411
lcl|NC_052613.1_prot_XP_010043429.2_2756	GRMZM2G120652_T01.CDS	86.9	4.40e-189	523	1346	311	414	314
lcl|NC_052613.1_prot_XP_010043429.2_2756	GRMZM5G850015_T01.CDS	86.0	9.28e-189	518	1334	311	318	314
lcl|NC_052613.1_prot_XP_010043462.2_2787	At3g46970	82.1	0.0	1423	3684	844	842	840
lcl|NC_052613.1_prot_XP_010043460.2_2788	At3g46970	82.1	0.0	1423	3684	844	842	840
lcl|NC_052613.1_prot_XP_010043461.2_2789	At3g46970	82.1	0.0	1423	3684	844	842	840
lcl|NC_052613.1_prot_XP_010043499.2_2795	GRMZM2G162282_T01.CDS	82.0	1.55e-122	360	925	434	464	217
lcl|NC_052613.1_prot_NP_001289638.1_2800	Potri.009G040200	98.4	0.0	880	2275	447	451	440
lcl|NC_052613.1_prot_NP_001289638.1_2800	Potri.003G125400	98.2	0.0	880	2274	447	447	440
lcl|NC_052613.1_prot_NP_001289638.1_2800	Potri.001G246900	98.2	0.0	876	2263	447	450	437
lcl|NC_052613.1_prot_NP_001289638.1_2800	Potri.001G106100	97.1	0.0	875	2261	447	448	443
lcl|NC_052613.1_prot_NP_001289638.1_2800	Potri.006G095000	96.8	0.0	868	2243	447	445	439
lcl|NC_052613.1_prot_NP_001289638.1_2800	Potri.016G033200	96.0	0.0	866	2238	447	451	446
lcl|NC_052613.1_prot_NP_001289638.1_2800	Potri.001G272800	96.4	0.0	865	2236	447	446	440
lcl|NC_052613.1_prot_NP_001289638.1_2800	Potri.006G035400	96.4	8.43e-321	863	2231	447	449	440
lcl|NC_052613.1_prot_NP_001289638.1_2800	Potri.009G067200	95.7	8.47e-321	863	2230	447	447	442
lcl|NC_052613.1_prot_NP_001289638.1_2800	Potri.009G067100	95.7	2.71e-319	859	2220	447	447	440
lcl|NC_052613.1_prot_XP_039161942.1_2830	GRMZM2G162282_T01.CDS	88.2	5.89e-192	533	1374	347	464	289
lcl|NC_052613.1_prot_XP_010043569.2_2902	GRMZM2G110063_T01.CDS	85.1	9.66e-146	414	1065	460	298	248
lcl|NC_052613.1_prot_XP_010043574.1_2908	Potri.001G237200	91.6	3.21e-237	643	1659	345	347	344
lcl|NC_052613.1_prot_XP_010043574.1_2908	Potri.008G053100	90.1	8.81e-235	637	1643	345	347	345
lcl|NC_052613.1_prot_XP_010043574.1_2908	Potri.010G207200	89.6	7.23e-234	635	1637	345	347	345
lcl|NC_052613.1_prot_XP_010043575.1_2909	Potri.001G237200	91.6	3.21e-237	643	1659	345	347	344
lcl|NC_052613.1_prot_XP_010043575.1_2909	Potri.008G053100	90.1	8.81e-235	637	1643	345	347	345
lcl|NC_052613.1_prot_XP_010043575.1_2909	Potri.010G207200	89.6	7.23e-234	635	1637	345	347	345
lcl|NC_052613.1_prot_XP_010043576.1_2910	Potri.001G237200	91.6	3.21e-237	643	1659	345	347	344
lcl|NC_052613.1_prot_XP_010043576.1_2910	Potri.008G053100	90.1	8.81e-235	637	1643	345	347	345
lcl|NC_052613.1_prot_XP_010043576.1_2910	Potri.010G207200	89.6	7.23e-234	635	1637	345	347	345
lcl|NC_052613.1_prot_XP_039163356.1_3062	At5g60600	85.5	0.0	1258	3256	741	742	740
lcl|NC_052613.1_prot_XP_039163357.1_3063	At5g60600	85.5	0.0	1258	3256	741	742	740
lcl|NC_052613.1_prot_XP_039163358.1_3064	At5g60600	85.5	0.0	1258	3256	741	742	740
lcl|NC_052613.1_prot_XP_010043878.2_3258	At1g50480	87.3	0.0	1124	2907	637	635	637
lcl|NC_052613.1_prot_XP_010043901.1_3282	Potri.008G141100	86.3	0.0	878	2268	500	509	510
lcl|NC_052613.1_prot_XP_010043901.1_3282	Potri.010G100500	86.1	1.50e-320	867	2241	500	504	504
lcl|NC_052613.1_prot_XP_010043901.1_3282	Potri.004G075300	84.9	1.21e-317	860	2221	500	501	502
lcl|NC_052613.1_prot_XP_010043901.1_3282	Potri.004G075200	85.0	2.51e-314	851	2199	500	499	500
lcl|NC_052613.1_prot_XP_010043901.1_3282	Potri.T059200	84.6	2.71e-313	848	2192	500	497	495
lcl|NC_052613.1_prot_XP_010043901.1_3282	Potri.T059300	87.3	1.50e-26	99.0	245	500	77	55
lcl|NC_052613.1_prot_XP_010043976.1_3344	Potri.010G104500	86.5	0.0	1494	3868	856	855	851
lcl|NC_052613.1_prot_XP_010043976.1_3344	Potri.008G136500	85.3	0.0	1469	3804	856	852	851
lcl|NC_052613.1_prot_XP_018724545.2_3451	At1g23190	87.5	0.0	1026	2653	585	584	583
lcl|NC_052613.1_prot_XP_018724545.2_3451	At1g70730	85.3	0.0	1004	2597	585	663	586
lcl|NC_052613.1_prot_XP_039162569.1_3452	At1g23190	87.5	0.0	1026	2653	585	584	583
lcl|NC_052613.1_prot_XP_039162569.1_3452	At1g70730	85.3	0.0	1004	2597	585	663	586
lcl|NC_052613.1_prot_XP_039162570.1_3453	At1g23190	87.5	0.0	1026	2654	583	584	583
lcl|NC_052613.1_prot_XP_039162570.1_3453	At1g70730	85.5	0.0	1004	2597	583	663	585
lcl|NC_052613.1_prot_XP_010044210.2_3454	At1g23190	87.5	0.0	1026	2654	583	584	583
lcl|NC_052613.1_prot_XP_010044210.2_3454	At1g70730	85.5	0.0	1004	2597	583	663	585
lcl|NC_052613.1_prot_XP_010044133.2_3531	At2g01140	86.3	7.48e-244	664	1713	395	392	395
lcl|NC_052613.1_prot_XP_010044264.2_3635	At1g67090	80.6	1.42e-105	296	759	179	181	175
lcl|NC_052613.1_prot_XP_010044264.2_3635	At5g38430	81.1	1.47e-105	296	759	179	182	175
lcl|NC_052613.1_prot_XP_010044264.2_3635	At5g38420	81.1	2.09e-105	296	758	179	182	175
lcl|NC_052613.1_prot_XP_010044264.2_3635	At5g38410	80.0	4.10e-104	293	750	179	187	180
lcl|NC_052613.1_prot_XP_010044307.3_3685	Potri.008G114300	80.7	1.36e-80	233	594	199	148	140
lcl|NC_052613.1_prot_XP_010044762.1_4131	GRMZM2G099696_T02.CDS	81.4	1.58e-150	422	1085	330	319	264
lcl|NC_052613.1_prot_XP_010044762.1_4131	GRMZM2G043602_T01.CDS	85.3	1.39e-131	370	951	330	226	218
lcl|NC_052613.1_prot_XP_010044761.1_4132	GRMZM2G099696_T02.CDS	81.4	9.13e-151	423	1087	334	319	264
lcl|NC_052613.1_prot_XP_010044761.1_4132	GRMZM2G043602_T03.CDS	81.1	2.45e-149	419	1077	334	313	264
lcl|NC_052613.1_prot_XP_010044761.1_4132	GRMZM2G043602_T02.CDS	80.7	2.15e-148	417	1073	334	335	264
lcl|NC_052613.1_prot_XP_010044761.1_4132	GRMZM2G043602_T01.CDS	85.3	1.61e-131	370	951	334	226	218
lcl|NC_052613.1_prot_XP_010044774.1_4162	Potri.008G177900	81.7	0.0	1375	3560	837	837	837
lcl|NC_052613.1_prot_XP_010044775.1_4163	Potri.008G177900	81.7	0.0	1375	3560	837	837	837
lcl|NC_052613.1_prot_XP_010044776.1_4164	Potri.008G177900	81.7	0.0	1375	3560	837	837	837
lcl|NC_052613.1_prot_XP_039163165.1_4416	At5g04590	82.4	5.31e-187	541	1395	695	643	323
lcl|NC_052613.1_prot_XP_039161857.1_4419	Potri.009G052000	81.6	4.66e-195	535	1378	327	326	320
lcl|NC_052613.1_prot_XP_039161857.1_4419	Potri.001G256400	80.6	1.48e-191	526	1355	327	326	320
lcl|NC_052613.1_prot_XP_010045028.2_4420	Potri.009G052000	83.2	5.11e-199	545	1404	327	326	322
lcl|NC_052613.1_prot_XP_010045028.2_4420	Potri.001G256400	82.6	8.45e-198	542	1396	327	326	322
lcl|NC_052613.1_prot_XP_039161855.1_4424	Potri.009G052000	88.0	7.28e-07	45.8	107	281	326	25
lcl|NC_052613.1_prot_XP_039161855.1_4424	Potri.001G256400	84.0	1.30e-06	45.1	105	281	326	25
lcl|NC_052613.1_prot_XP_039161855.1_4424	Potri.009G057500	90.9	7.38e-06	42.7	99	281	327	22
lcl|NC_052613.1_prot_XP_039161855.1_4424	Potri.009G057800	83.3	1.31e-05	42.0	97	281	326	24
lcl|NC_052613.1_prot_XP_039161855.1_4424	Potri.009G057600	83.3	5.52e-05	40.0	92	281	325	24
lcl|NC_052613.1_prot_XP_010045046.1_4439	Potri.001G253300	91.0	8.85e-279	753	1944	401	402	401
lcl|NC_052613.1_prot_XP_010045046.1_4439	Potri.009G047700	90.0	5.16e-246	669	1725	401	365	360
lcl|NC_052613.1_prot_XP_010045047.1_4440	Potri.001G253300	91.0	8.85e-279	753	1944	401	402	401
lcl|NC_052613.1_prot_XP_010045047.1_4440	Potri.009G047700	90.0	5.16e-246	669	1725	401	365	360
lcl|NC_052613.1_prot_XP_010045087.2_4474	Potri.009G068600	81.0	3.06e-248	678	1750	432	430	432
lcl|NC_052613.1_prot_XP_010045088.2_4475	Potri.009G068600	81.0	3.06e-248	678	1750	432	430	432
lcl|NC_052613.1_prot_XP_039163728.1_4476	Potri.009G068600	81.0	3.06e-248	678	1750	432	430	432
lcl|NC_052613.1_prot_NP_001289666.1_4479	Potri.009G067200	98.4	0.0	892	2304	446	447	440
lcl|NC_052613.1_prot_NP_001289666.1_4479	Potri.009G067100	96.9	0.0	890	2300	446	447	446
lcl|NC_052613.1_prot_NP_001289666.1_4479	Potri.006G035400	98.2	0.0	889	2298	446	449	441
lcl|NC_052613.1_prot_NP_001289666.1_4479	Potri.016G033200	97.7	0.0	889	2297	446	451	443
lcl|NC_052613.1_prot_NP_001289666.1_4479	Potri.001G272800	96.8	0.0	884	2283	446	446	443
lcl|NC_052613.1_prot_NP_001289666.1_4479	Potri.003G125400	96.8	0.0	873	2256	446	447	440
lcl|NC_052613.1_prot_NP_001289666.1_4479	Potri.001G106100	96.2	0.0	873	2255	446	448	442
lcl|NC_052613.1_prot_NP_001289666.1_4479	Potri.009G040200	95.0	0.0	870	2248	446	451	444
lcl|NC_052613.1_prot_NP_001289666.1_4479	Potri.015G038800	95.2	0.0	868	2244	446	445	439
lcl|NC_052613.1_prot_NP_001289666.1_4479	Potri.012G047600	95.4	0.0	866	2238	446	445	437
lcl|NC_052613.1_prot_XP_010045271.1_4610	Potri.004G189900	89.9	3.52e-269	728	1878	386	390	385
lcl|NC_052613.1_prot_XP_010045271.1_4610	Potri.009G150600	89.3	7.94e-266	719	1856	386	390	383
lcl|NC_052613.1_prot_XP_039163174.1_4642	At2g28190	86.3	2.32e-85	253	645	325	217	139
lcl|NC_052618.1_prot_XP_039172415.1_132	At3g17820	85.0	1.11e-235	640	1651	356	355	353
lcl|NC_052618.1_prot_XP_039172415.1_132	At1g48470	80.7	3.49e-225	613	1582	356	354	352
lcl|NC_052618.1_prot_XP_010066985.1_133	At3g17820	81.6	7.65e-220	599	1545	338	355	353
lcl|NC_052618.1_prot_XP_039172732.1_195	GRMZM2G162282_T01.CDS	83.1	3.13e-257	704	1818	480	464	409
lcl|NC_052618.1_prot_XP_039172239.1_607	GRMZM2G360821_T01.CDS	94.0	0.0	943	2438	482	484	483
lcl|NC_052618.1_prot_XP_039172239.1_607	GRMZM2G385635_T01.CDS	94.0	0.0	943	2438	482	484	483
lcl|NC_052618.1_prot_XP_039172239.1_607	GRMZM2G448344_T01.CDS	94.0	0.0	943	2438	482	484	483
lcl|NC_052618.1_prot_XP_039172239.1_607	GRMZM5G815453_T01.CDS	94.0	0.0	943	2438	482	484	483
lcl|NC_052618.1_prot_XP_039172239.1_607	AtCg00490	94.7	0.0	931	2407	482	480	475
lcl|NC_052618.1_prot_XP_039172238.1_608	AtCg00480	95.6	0.0	919	2374	498	499	498
lcl|NC_052618.1_prot_XP_039172238.1_608	GRMZM2G385622_T01.CDS	92.2	0.0	893	2307	498	499	498
lcl|NC_052618.1_prot_XP_039172238.1_608	GRMZM5G808402_T01.CDS	92.2	0.0	893	2307	498	499	498
lcl|NC_052618.1_prot_XP_039172238.1_608	GRMZM2G448389_T01.CDS	92.0	0.0	891	2303	498	499	498
lcl|NC_052618.1_prot_XP_039172238.1_608	GRMZM2G062854_T01.CDS	91.7	1.13e-269	734	1896	498	410	409
lcl|NC_052618.1_prot_XP_039172238.1_608	GRMZM2G448142_T03.CDS	95.7	2.80e-247	679	1753	498	449	368
lcl|NC_052618.1_prot_XP_039172238.1_608	GRMZM2G448142_T02.CDS	95.7	2.80e-247	679	1753	498	449	368
lcl|NC_052618.1_prot_XP_010065644.1_660	At4g33510	82.5	5.77e-309	838	2166	511	508	508
lcl|NC_052618.1_prot_XP_010065644.1_660	At4g39980	80.4	2.31e-287	785	2026	511	526	475
lcl|NC_052618.1_prot_XP_039173502.1_737	At2g05710	90.0	1.77e-04	38.1	87	214	991	20
lcl|NC_052618.1_prot_XP_039173502.1_737	GRMZM2G020801_T01.CDS	85.0	4.10e-04	37.0	84	214	798	20
lcl|NC_052618.1_prot_XP_039173503.1_738	At2g05710	94.6	7.90e-75	248	634	437	991	130
lcl|NC_052618.1_prot_XP_039173503.1_738	GRMZM2G020801_T01.CDS	92.3	1.96e-74	244	624	437	798	130
lcl|NC_052618.1_prot_XP_010065821.2_947	At5g09650	82.7	3.67e-159	444	1143	358	301	249
lcl|NC_052618.1_prot_XP_039173547.1_950	At4g33680	80.5	3.19e-276	752	1941	466	462	457
lcl|NC_052618.1_prot_XP_010065858.2_978	A0A7G2DUG9	88.1	7.41e-302	841	2172	569	963	469
lcl|NC_052618.1_prot_XP_039173586.1_1100	AtCg00120	95.8	7.21e-103	301	770	170	508	165
lcl|NC_052618.1_prot_XP_010024064.2_1129	Potri.009G095800	81.4	1.23e-219	600	1546	356	358	355
lcl|NC_052618.1_prot_XP_010026889.2_1138	At4g34200	83.0	0.0	932	2409	605	604	588
lcl|NC_052618.1_prot_XP_010026889.2_1138	At3g19480	84.2	0.0	884	2284	605	589	543
lcl|NC_052618.1_prot_XP_039172789.1_1258	At5g61410	82.9	3.77e-166	458	1179	286	282	286
lcl|NC_052618.1_prot_XP_039172318.1_1381	AT1G71920	82.6	1.49e-227	623	1607	380	418	368
lcl|NC_052618.1_prot_XP_039172318.1_1381	At1g71920	82.6	1.49e-227	623	1607	380	418	368
lcl|NC_052618.1_prot_XP_039172318.1_1381	At5g10330	82.6	1.49e-227	623	1607	380	418	368
lcl|NC_052618.1_prot_XP_039172318.1_1381	AT5G10330	82.6	1.49e-227	623	1607	380	418	368
lcl|NC_052618.1_prot_XP_010066144.2_1597	At5g11880	80.9	4.29e-290	789	2038	492	490	492
lcl|NC_052618.1_prot_XP_010066144.2_1597	At3g14390	80.7	7.59e-285	776	2003	492	485	493
lcl|NC_052618.1_prot_XP_010066215.2_1634	At4g38970	85.6	1.15e-247	674	1739	397	399	397
lcl|NC_052618.1_prot_XP_010066215.2_1634	At2g21330	84.6	7.68e-244	664	1714	397	400	402
lcl|NC_052618.1_prot_XP_010066233.2_1650	At2g16570	86.8	1.19e-303	835	2157	690	567	486
lcl|NC_052618.1_prot_XP_039172889.1_1656	Potri.004G167200	84.9	3.73e-128	360	924	254	264	212
lcl|NC_052618.1_prot_XP_018715074.2_1657	Potri.004G167200	82.0	1.03e-151	420	1080	265	264	266
lcl|NC_052618.1_prot_XP_039172479.1_1702	At1g16300	82.1	8.24e-47	156	394	222	421	95
lcl|NC_052618.1_prot_XP_039172479.1_1702	At1g79530	80.0	4.63e-46	154	389	222	423	95
lcl|NC_052618.1_prot_XP_039172480.1_1703	At1g16300	82.1	4.17e-47	156	394	202	421	95
lcl|NC_052618.1_prot_XP_039172480.1_1703	At1g79530	80.0	2.35e-46	154	389	202	423	95
lcl|NC_052618.1_prot_XP_039174160.1_1940	O64966	81.2	5.72e-159	452	1162	292	585	293
lcl|NC_052618.1_prot_XP_010066386.2_1958	At5g36880	85.8	0.0	1259	3259	760	744	691
lcl|NC_052618.1_prot_XP_039172988.1_1959	At5g36880	85.8	0.0	1259	3259	714	744	691
lcl|NC_052618.1_prot_XP_010023834.2_2017	GRMZM2G370852_T01.CDS	83.5	5.55e-318	861	2225	511	506	510
lcl|NC_052618.1_prot_XP_010023834.2_2017	GRMZM2G370852_T03.CDS	83.3	2.26e-317	860	2221	511	506	510
lcl|NC_052618.1_prot_XP_010023834.2_2017	GRMZM2G010044_T04.CDS	87.6	1.44e-310	842	2176	511	503	466
lcl|NC_052618.1_prot_XP_010023834.2_2017	GRMZM2G010044_T03.CDS	87.6	1.55e-310	842	2176	511	505	466
lcl|NC_052618.1_prot_XP_010023834.2_2017	GRMZM2G010044_T01.CDS	87.6	1.61e-310	842	2176	511	506	466
lcl|NC_052618.1_prot_XP_010023834.2_2017	At4g13430	83.5	3.26e-304	827	2135	511	510	473
lcl|NC_052618.1_prot_XP_010023835.2_2018	GRMZM2G370852_T01.CDS	83.9	5.33e-318	861	2225	510	506	510
lcl|NC_052618.1_prot_XP_010023835.2_2018	GRMZM2G370852_T03.CDS	83.7	2.17e-317	860	2221	510	506	510
lcl|NC_052618.1_prot_XP_010023835.2_2018	GRMZM2G010044_T04.CDS	87.6	1.38e-310	842	2176	510	503	466
lcl|NC_052618.1_prot_XP_010023835.2_2018	GRMZM2G010044_T03.CDS	87.6	1.49e-310	842	2176	510	505	466
lcl|NC_052618.1_prot_XP_010023835.2_2018	GRMZM2G010044_T01.CDS	87.6	1.54e-310	842	2176	510	506	466
lcl|NC_052618.1_prot_XP_010023835.2_2018	At4g13430	83.5	3.14e-304	827	2135	510	510	473
lcl|NC_052618.1_prot_XP_010066468.2_2086	At5g13420	80.3	2.84e-244	669	1726	442	439	441
lcl|NC_052618.1_prot_XP_010024710.2_2128	Potri.002G204400	80.8	1.05e-229	635	1638	507	445	402
lcl|NC_052618.1_prot_XP_010024710.2_2128	Potri.016G080500	86.7	4.95e-209	582	1501	507	436	323
lcl|NC_052618.1_prot_XP_010024710.2_2128	Potri.006G214000	86.7	3.25e-208	580	1495	507	430	323
lcl|NC_052618.1_prot_XP_039174159.1_2252	At1g23190	82.4	1.45e-37	143	360	585	584	85
lcl|NC_052618.1_prot_XP_010066597.2_2260	At1g23190	86.2	8.56e-305	831	2147	514	584	479
lcl|NC_052618.1_prot_XP_010066597.2_2260	At1g70730	85.5	2.40e-300	823	2126	514	663	483
lcl|NC_052618.1_prot_XP_010066598.2_2261	At1g23190	86.9	9.71e-258	709	1829	437	584	405
lcl|NC_052618.1_prot_XP_010066598.2_2261	At1g70730	86.7	3.03e-254	703	1814	437	663	406
lcl|NC_052618.1_prot_XP_039174101.1_2645	A0A5N6R1Y5	81.0	4.56e-135	394	1011	264	709	221
lcl|NC_052618.1_prot_XP_010067082.1_2805	At5g04900	82.7	1.97e-169	472	1215	354	349	277
lcl|NC_052618.1_prot_XP_010067152.2_2878	At5g22510	83.7	0.0	886	2290	646	618	504
lcl|NC_052618.1_prot_XP_039173057.1_2879	At5g22510	83.7	0.0	886	2290	646	618	504
lcl|NC_052618.1_prot_XP_039173058.1_2880	At5g22510	83.7	0.0	886	2290	646	618	504
lcl|NC_052618.1_prot_XP_010067305.2_3043	Potri.008G039300	84.2	1.63e-114	327	837	220	331	183
lcl|NC_052618.1_prot_XP_018733226.1_3186	Potri.010G207200	88.7	4.55e-235	638	1645	346	347	346
lcl|NC_052618.1_prot_XP_018733226.1_3186	Potri.008G053100	88.7	5.30e-234	635	1638	346	347	346
lcl|NC_052618.1_prot_XP_018733226.1_3186	Potri.001G237200	92.0	1.16e-221	604	1557	346	347	323
lcl|NC_052618.1_prot_XP_039172974.1_3187	Potri.010G207200	88.7	4.55e-235	638	1645	346	347	346
lcl|NC_052618.1_prot_XP_039172974.1_3187	Potri.008G053100	88.7	5.30e-234	635	1638	346	347	346
lcl|NC_052618.1_prot_XP_039172974.1_3187	Potri.001G237200	92.0	1.16e-221	604	1557	346	347	323
lcl|NC_052618.1_prot_XP_039172975.1_3188	Potri.010G207200	88.7	4.55e-235	638	1645	346	347	346
lcl|NC_052618.1_prot_XP_039172975.1_3188	Potri.008G053100	88.7	5.30e-234	635	1638	346	347	346
lcl|NC_052618.1_prot_XP_039172975.1_3188	Potri.001G237200	92.0	1.16e-221	604	1557	346	347	323
lcl|NC_052618.1_prot_XP_039172976.1_3189	Potri.010G207200	88.7	4.55e-235	638	1645	346	347	346
lcl|NC_052618.1_prot_XP_039172976.1_3189	Potri.008G053100	88.7	5.30e-234	635	1638	346	347	346
lcl|NC_052618.1_prot_XP_039172976.1_3189	Potri.001G237200	92.0	1.16e-221	604	1557	346	347	323
lcl|NC_052618.1_prot_XP_039172977.1_3190	Potri.010G207200	88.7	4.55e-235	638	1645	346	347	346
lcl|NC_052618.1_prot_XP_039172977.1_3190	Potri.008G053100	88.7	5.30e-234	635	1638	346	347	346
lcl|NC_052618.1_prot_XP_039172977.1_3190	Potri.001G237200	92.0	1.16e-221	604	1557	346	347	323
lcl|NC_052618.1_prot_XP_039172979.1_3191	Potri.010G207200	88.7	4.55e-235	638	1645	346	347	346
lcl|NC_052618.1_prot_XP_039172979.1_3191	Potri.008G053100	88.7	5.30e-234	635	1638	346	347	346
lcl|NC_052618.1_prot_XP_039172979.1_3191	Potri.001G237200	92.0	1.16e-221	604	1557	346	347	323
lcl|NC_052618.1_prot_XP_039172980.1_3192	Potri.010G207200	88.7	4.55e-235	638	1645	346	347	346
lcl|NC_052618.1_prot_XP_039172980.1_3192	Potri.008G053100	88.7	5.30e-234	635	1638	346	347	346
lcl|NC_052618.1_prot_XP_039172980.1_3192	Potri.001G237200	92.0	1.16e-221	604	1557	346	347	323
lcl|NC_052618.1_prot_XP_010067391.1_3193	Potri.010G207200	88.7	4.55e-235	638	1645	346	347	346
lcl|NC_052618.1_prot_XP_010067391.1_3193	Potri.008G053100	88.7	5.30e-234	635	1638	346	347	346
lcl|NC_052618.1_prot_XP_010067391.1_3193	Potri.001G237200	92.0	1.16e-221	604	1557	346	347	323
lcl|NC_052618.1_prot_XP_010067392.1_3194	Potri.010G207200	88.7	4.55e-235	638	1645	346	347	346
lcl|NC_052618.1_prot_XP_010067392.1_3194	Potri.008G053100	88.7	5.30e-234	635	1638	346	347	346
lcl|NC_052618.1_prot_XP_010067392.1_3194	Potri.001G237200	92.0	1.16e-221	604	1557	346	347	323
lcl|NC_052618.1_prot_XP_010067393.1_3195	Potri.010G207200	88.7	4.55e-235	638	1645	346	347	346
lcl|NC_052618.1_prot_XP_010067393.1_3195	Potri.008G053100	88.7	5.30e-234	635	1638	346	347	346
lcl|NC_052618.1_prot_XP_010067393.1_3195	Potri.001G237200	92.0	1.16e-221	604	1557	346	347	323
lcl|NC_052618.1_prot_XP_010067395.1_3196	Potri.010G207200	88.7	4.55e-235	638	1645	346	347	346
lcl|NC_052618.1_prot_XP_010067395.1_3196	Potri.008G053100	88.7	5.30e-234	635	1638	346	347	346
lcl|NC_052618.1_prot_XP_010067395.1_3196	Potri.001G237200	92.0	1.16e-221	604	1557	346	347	323
lcl|NC_052618.1_prot_XP_010067396.1_3197	Potri.010G207200	88.7	4.55e-235	638	1645	346	347	346
lcl|NC_052618.1_prot_XP_010067396.1_3197	Potri.008G053100	88.7	5.30e-234	635	1638	346	347	346
lcl|NC_052618.1_prot_XP_010067396.1_3197	Potri.001G237200	92.0	1.16e-221	604	1557	346	347	323
lcl|NC_052618.1_prot_XP_010067397.1_3198	Potri.010G207200	88.7	4.55e-235	638	1645	346	347	346
lcl|NC_052618.1_prot_XP_010067397.1_3198	Potri.008G053100	88.7	5.30e-234	635	1638	346	347	346
lcl|NC_052618.1_prot_XP_010067397.1_3198	Potri.001G237200	92.0	1.16e-221	604	1557	346	347	323
lcl|NC_052618.1_prot_XP_010067451.2_3267	Potri.010G198800	92.5	1.62e-247	671	1730	361	362	361
lcl|NC_052618.1_prot_XP_010067451.2_3267	Potri.008G060100	92.0	3.81e-246	667	1721	361	362	361
lcl|NC_052618.1_prot_XP_010067451.2_3267	Potri.006G090300	87.3	6.87e-233	634	1634	361	362	361
lcl|NC_052618.1_prot_XP_010067451.2_3267	Potri.008G006700	82.9	2.39e-218	597	1540	361	376	368
lcl|NC_052618.1_prot_XP_010067452.2_3268	Potri.010G198800	92.5	1.62e-247	671	1730	361	362	361
lcl|NC_052618.1_prot_XP_010067452.2_3268	Potri.008G060100	92.0	3.81e-246	667	1721	361	362	361
lcl|NC_052618.1_prot_XP_010067452.2_3268	Potri.006G090300	87.3	6.87e-233	634	1634	361	362	361
lcl|NC_052618.1_prot_XP_010067452.2_3268	Potri.008G006700	82.9	2.39e-218	597	1540	361	376	368
lcl|NC_052618.1_prot_XP_010067453.2_3269	Potri.010G198800	92.5	1.62e-247	671	1730	361	362	361
lcl|NC_052618.1_prot_XP_010067453.2_3269	Potri.008G060100	92.0	3.81e-246	667	1721	361	362	361
lcl|NC_052618.1_prot_XP_010067453.2_3269	Potri.006G090300	87.3	6.87e-233	634	1634	361	362	361
lcl|NC_052618.1_prot_XP_010067453.2_3269	Potri.008G006700	82.9	2.39e-218	597	1540	361	376	368
lcl|NC_052618.1_prot_XP_039173105.1_3270	Potri.010G198800	92.5	1.62e-247	671	1730	361	362	361
lcl|NC_052618.1_prot_XP_039173105.1_3270	Potri.008G060100	92.0	3.81e-246	667	1721	361	362	361
lcl|NC_052618.1_prot_XP_039173105.1_3270	Potri.006G090300	87.3	6.87e-233	634	1634	361	362	361
lcl|NC_052618.1_prot_XP_039173105.1_3270	Potri.008G006700	82.9	2.39e-218	597	1540	361	376	368
lcl|NC_052618.1_prot_XP_010067517.2_3343	GRMZM2G161337_T03.CDS	80.1	3.24e-81	248	633	584	153	151
lcl|NC_052618.1_prot_XP_010063947.2_3412	At1g77490	82.3	2.48e-212	588	1515	444	427	344
lcl|NC_052618.1_prot_XP_010063948.2_3413	At1g77490	83.5	7.51e-187	521	1342	395	427	297
lcl|NC_052618.1_prot_XP_010067599.2_3488	At2g40490	82.3	4.38e-220	604	1558	402	395	361
lcl|NC_052618.1_prot_XP_010067619.2_3507	At2g40690	87.4	1.06e-223	617	1590	452	421	366
lcl|NC_052618.1_prot_XP_010067619.2_3507	GRMZM2G063258_T03.CDS	80.3	3.24e-203	565	1456	452	428	366
lcl|NC_052618.1_prot_XP_010067619.2_3507	GRMZM2G063258_T04.CDS	85.3	7.95e-142	402	1034	452	255	251
lcl|NC_052618.1_prot_XP_018715330.2_3508	At2g40690	87.7	8.93e-204	561	1446	335	421	332
lcl|NC_052618.1_prot_XP_018715330.2_3508	GRMZM2G063258_T03.CDS	80.7	8.33e-185	513	1322	335	428	332
lcl|NC_052618.1_prot_XP_018715330.2_3508	GRMZM2G063258_T04.CDS	85.3	1.12e-143	402	1034	335	255	251
lcl|NC_052618.1_prot_XP_039173944.1_3655	Potri.003G198500	90.0	6.38e-04	38.5	88	593	475	20
lcl|NC_052618.1_prot_XP_039173944.1_3655	Potri.001G026300	90.0	6.55e-04	38.5	88	593	510	20
lcl|NC_052618.1_prot_XP_010067820.2_3735	GRMZM2G005973_T01.CDS	81.3	1.00e-142	405	1040	364	346	241
lcl|NC_052618.1_prot_XP_039172664.1_3800	Potri.009G058600	80.1	7.40e-197	540	1392	327	347	326
lcl|NC_052618.1_prot_XP_010067855.2_3801	Potri.009G058600	87.3	2.14e-230	628	1620	396	347	346
lcl|NC_052618.1_prot_XP_010067855.2_3801	Potri.001G263700	84.1	3.75e-224	612	1579	396	347	346
lcl|NC_052618.1_prot_XP_010067867.2_3813	At3g63520	81.0	0.0	910	2351	553	539	537
lcl|NC_052618.1_prot_XP_039173083.1_3855	At2g44350	81.2	1.16e-290	789	2038	473	475	474
lcl|NC_052618.1_prot_XP_010067906.1_3856	At2g44350	81.2	1.16e-290	789	2038	473	475	474
