lcl|NC_003119.8_prot_YP_001381674.1_5	AtCg01050	81.7	1.37e-301	819	2116	498	507	497
lcl|NC_003119.8_prot_YP_001381675.1_6	AtCg01060	96.3	1.81e-41	127	318	81	82	81
lcl|NC_003119.8_prot_YP_001381676.1_7	AtCg01070	88.1	1.92e-52	156	394	101	102	101
lcl|NC_003119.8_prot_YP_001381677.1_8	AtCg01080	81.8	6.18e-96	272	695	176	177	176
lcl|NC_003119.8_prot_YP_001381678.1_9	AtCg01090	93.0	8.85e-98	276	705	161	173	158
lcl|NC_003119.8_prot_YP_001381679.1_10	AtCg01100	83.7	5.47e-211	578	1491	369	361	369
lcl|NC_003119.8_prot_YP_001381680.1_11	AtCg01110	89.1	3.42e-272	736	1899	393	394	393
lcl|NC_003119.8_prot_YP_001381686.1_16	AtCg00890	89.4	2.43e-242	664	1712	477	390	387
lcl|NC_003119.8_prot_YP_001381700.1_30	AtCg00710	91.5	5.97e-43	130	326	72	74	71
lcl|NC_003119.8_prot_YP_001381701.1_31	AtCg00700	93.0	1.70e-25	84.0	206	43	44	43
lcl|NC_003119.8_prot_YP_001381702.1_32	AtCg00690	90.9	2.76e-15	57.8	138	38	34	33
lcl|NC_003119.8_prot_YP_001381703.1_33	AtCg00680	97.2	0.0	1041	2692	508	509	508
lcl|NC_003119.8_prot_YP_001381708.1_38	AtCg00630	92.9	1.61e-23	79.0	193	42	45	42
lcl|NC_003119.8_prot_YP_001381711.1_41	AtCg00580	97.6	4.88e-58	169	427	83	84	83
lcl|NC_003119.8_prot_YP_001381712.1_42	AtCg00570	97.4	6.30e-24	79.7	195	39	40	39
lcl|NC_003119.8_prot_YP_001381713.2_43	AtCg00560	97.3	1.16e-21	73.9	180	38	39	37
lcl|NC_003119.8_prot_YP_001381714.1_44	AtCg00550	90.0	2.26e-22	75.9	185	40	41	40
lcl|NC_003119.8_prot_YP_001381717.1_47	AtCg00510	90.6	7.34e-17	61.6	148	34	38	32
lcl|NC_003119.8_prot_YP_001381719.1_49	AtCg00070	80.3	1.48e-29	95.5	236	61	62	61
lcl|NC_003119.8_prot_YP_001381720.1_50	AtCg00080	97.2	6.95e-20	69.3	168	36	37	36
lcl|NC_003119.8_prot_YP_001381721.1_51	AtCg00120	92.5	0.0	882	2279	511	508	507
lcl|NC_003119.8_prot_YP_001381723.1_53	AtCg00140	96.3	2.79e-45	136	343	81	82	81
lcl|NC_003119.8_prot_YP_001381724.2_54	AtCg00150	91.6	8.21e-161	442	1136	245	250	249
lcl|NC_003119.8_prot_YP_001381730.1_60	AtCg00220	94.1	4.74e-15	57.0	136	34	35	34
lcl|NC_003119.8_prot_YP_001381731.1_61	AtCg00270	98.9	9.34e-268	721	1861	353	354	353
lcl|NC_003119.8_prot_YP_001381732.2_62	AtCg00280	97.5	0.0	969	2505	473	474	473
lcl|NC_003119.8_prot_YP_001381733.1_63	AtCg00300	96.8	2.14e-36	112	281	62	63	62
lcl|NC_003119.8_prot_YP_001381735.1_65	AtCg00340	97.4	0.0	1499	3880	734	735	734
lcl|NC_003119.8_prot_YP_001381736.1_66	AtCg00350	96.3	0.0	1509	3906	758	751	758
lcl|NC_003119.8_prot_YP_001381739.1_69	AtCg00420	89.2	2.63e-111	309	792	158	159	158
lcl|NC_003119.8_prot_YP_001381740.1_70	AtCg00430	88.8	4.11e-139	385	990	235	226	215
lcl|NC_003119.8_prot_YP_001381740.1_70	GRMZM2G448142_T01.CDS	83.5	4.06e-132	369	947	235	255	224
lcl|NC_003119.8_prot_YP_001381741.1_71	AtCg00440	90.8	4.17e-74	212	540	120	121	120
lcl|NC_003119.8_prot_YP_001381742.1_72	AtCg00470	88.9	3.69e-77	221	563	136	133	135
lcl|NC_003119.8_prot_YP_001381743.1_73	AtCg00480	93.7	0.0	888	2295	490	499	490
lcl|NC_003119.8_prot_YP_001381743.1_73	GRMZM2G385622_T01.CDS	91.2	1.59e-319	864	2232	490	499	490
lcl|NC_003119.8_prot_YP_001381743.1_73	GRMZM5G808402_T01.CDS	91.2	1.59e-319	864	2232	490	499	490
lcl|NC_003119.8_prot_YP_001381743.1_73	GRMZM2G448389_T01.CDS	91.0	6.45e-319	862	2228	490	499	490
lcl|NC_003119.8_prot_YP_001381743.1_73	GRMZM2G062854_T01.CDS	90.7	1.45e-263	719	1855	490	410	409
lcl|NC_003119.8_prot_YP_001381743.1_73	GRMZM2G448142_T03.CDS	95.7	1.68e-246	677	1747	490	449	368
lcl|NC_003119.8_prot_YP_001381743.1_73	GRMZM2G448142_T02.CDS	95.7	1.68e-246	677	1747	490	449	368
lcl|NC_003119.8_prot_YP_001381744.1_74	AtCg00490	93.9	0.0	924	2389	475	480	475
lcl|NC_003119.8_prot_YP_001381744.1_74	GRMZM2G360821_T01.CDS	93.1	0.0	915	2366	475	484	476
lcl|NC_003119.8_prot_YP_001381744.1_74	GRMZM2G385635_T01.CDS	93.1	0.0	915	2366	475	484	476
lcl|NC_003119.8_prot_YP_001381744.1_74	GRMZM2G448344_T01.CDS	93.1	0.0	915	2366	475	484	476
lcl|NC_003119.8_prot_YP_001381744.1_74	GRMZM5G815453_T01.CDS	93.1	0.0	915	2366	475	484	476
lcl|NC_003119.8_prot_YP_001381746.1_76	AtCg00020	98.9	1.42e-262	708	1827	353	354	353
lcl|NC_053048.1_prot_XP_003621050.1_76	At5g13420	81.4	6.24e-232	638	1645	443	439	397
lcl|NC_053048.1_prot_XP_003621234.1_248	GRMZM2G087598_T02.CDS	81.5	4.89e-09	48.9	115	671	47	27
lcl|NC_053048.1_prot_XP_003621390.2_337	GRMZM2G162968_T01.CDS	85.0	0.0	1462	3786	978	975	895
lcl|NC_053048.1_prot_XP_003621390.2_337	GRMZM2G130121_T01.CDS	81.1	0.0	996	2574	978	654	641
lcl|NC_053048.1_prot_XP_013447561.1_338	GRMZM2G162968_T01.CDS	85.3	0.0	1452	3759	907	975	883
lcl|NC_053048.1_prot_XP_013447561.1_338	GRMZM2G130121_T01.CDS	81.1	0.0	996	2574	907	654	641
lcl|NC_053048.1_prot_XP_003621403.1_360	Potri.017G092000	89.4	0.0	873	2255	480	482	481
lcl|NC_053048.1_prot_XP_003621403.1_360	Potri.004G118600	89.0	1.88e-318	860	2222	480	482	481
lcl|NC_053048.1_prot_XP_003621403.1_360	Potri.008G094300	86.7	5.50e-313	846	2186	480	481	480
lcl|NC_053048.1_prot_XP_003621403.1_360	Potri.010G159800	85.8	5.03e-309	836	2160	480	481	480
lcl|NC_053048.1_prot_XP_024625377.1_640	AtCg01100	83.2	1.46e-98	286	731	188	361	184
lcl|NC_053048.1_prot_XP_024625376.2_641	AtCg01100	84.3	4.50e-103	297	761	190	361	185
lcl|NC_053048.1_prot_XP_039683988.1_642	AtCg01090	93.0	8.85e-98	276	705	161	173	158
lcl|NC_053048.1_prot_XP_039683987.1_643	AtCg01080	81.3	1.71e-94	269	687	189	177	176
lcl|NC_053048.1_prot_XP_039683986.1_644	AtCg00020	98.6	5.80e-262	706	1823	353	354	353
lcl|NC_053048.1_prot_XP_003621754.2_670	At5g13110	85.0	0.0	910	2352	597	597	535
lcl|NC_053048.1_prot_XP_003621754.2_670	At1g24280	86.3	0.0	887	2291	597	600	511
lcl|NC_053048.1_prot_XP_003621754.2_670	GRMZM2G177077_T01.CDS	88.2	0.0	886	2289	597	599	491
lcl|NC_053048.1_prot_XP_003621754.2_670	At5g35790	82.0	1.58e-301	826	2134	597	577	488
lcl|NC_053048.1_prot_XP_013448035.1_940	At5g40870	86.2	2.24e-305	827	2136	474	487	484
lcl|NC_053048.1_prot_XP_013448035.1_940	At3g27190	84.9	7.10e-299	810	2093	474	484	484
lcl|NC_053048.1_prot_XP_039683982.1_1212	AtCg00350	95.5	0.0	1150	2974	616	751	581
lcl|NC_053048.1_prot_XP_039683458.1_1215	AtCg00420	86.9	4.51e-65	194	492	190	159	99
lcl|NC_053048.1_prot_XP_039683458.1_1215	AtCg00430	92.3	7.31e-54	167	424	190	226	91
lcl|NC_053048.1_prot_XP_039683458.1_1215	GRMZM2G448142_T01.CDS	89.4	3.84e-52	164	415	190	255	94
lcl|NC_053048.1_prot_XP_013442031.2_1257	Potri.014G068400	82.7	7.23e-258	703	1814	437	432	422
lcl|NC_053048.1_prot_XP_013442031.2_1257	Potri.002G146500	81.4	1.61e-255	697	1799	437	436	424
lcl|NC_053048.1_prot_XP_013449051.1_1978	At3g54050	82.0	7.14e-234	640	1652	411	418	395
lcl|NC_053048.1_prot_XP_013449186.1_2134	At3g51820	87.3	6.25e-219	600	1547	378	388	338
lcl|NC_053048.1_prot_XP_013449185.1_2135	At3g51820	87.5	6.30e-221	605	1560	377	388	337
lcl|NC_053048.1_prot_XP_024626263.2_2148	Potri.016G120100	88.1	0.0	1087	2811	603	606	606
lcl|NC_053048.1_prot_XP_024626263.2_2148	Potri.006G102500	85.0	0.0	1051	2717	603	606	607
lcl|NC_053048.1_prot_XP_024626263.2_2148	Potri.011G064000	84.3	0.0	988	2554	603	594	562
lcl|NC_053048.1_prot_XP_024626263.2_2148	Potri.T102400	84.2	0.0	987	2551	603	594	562
lcl|NC_053048.1_prot_XP_024626263.2_2148	Potri.004G054100	81.9	0.0	982	2538	603	583	579
lcl|NC_053048.1_prot_XP_024626263.2_2148	Potri.017G151900	80.8	0.0	969	2505	603	583	579
lcl|NC_053048.1_prot_XP_024626263.2_2148	Potri.T143400	81.3	3.76e-199	556	1434	603	322	321
lcl|NC_053048.1_prot_XP_003623318.1_2151	Potri.016G120100	85.9	0.0	1056	2731	605	606	608
lcl|NC_053048.1_prot_XP_003623318.1_2151	Potri.006G102500	83.3	0.0	1024	2647	605	606	606
lcl|NC_053048.1_prot_XP_003623318.1_2151	Potri.011G064000	81.9	0.0	962	2486	605	594	564
lcl|NC_053048.1_prot_XP_003623318.1_2151	Potri.T102400	81.7	0.0	961	2483	605	594	564
lcl|NC_053048.1_prot_XP_003623318.1_2151	Potri.004G054100	81.7	0.0	960	2481	605	583	564
lcl|NC_053048.1_prot_XP_003623318.1_2151	Potri.017G151900	80.3	0.0	944	2440	605	583	564
lcl|NC_053048.1_prot_XP_003623318.1_2151	Potri.T143400	81.3	1.08e-196	550	1418	605	322	321
lcl|NC_053048.1_prot_XP_003623996.1_2599	Potri.002G160800	90.9	2.37e-223	611	1575	380	376	339
lcl|NC_053048.1_prot_XP_003623996.1_2599	Potri.014G086300	88.9	8.87e-221	604	1558	380	375	342
lcl|NC_053048.1_prot_XP_003624129.1_2674	At1g65410	81.4	1.30e-169	472	1215	346	346	301
lcl|NC_053048.1_prot_XP_003624129.1_2674	GRMZM5G868168_T03.CDS	83.9	2.53e-166	462	1190	346	313	280
lcl|NC_053048.1_prot_XP_003624129.1_2674	GRMZM5G868168_T04.CDS	83.9	3.89e-165	462	1190	346	390	280
lcl|NC_053048.1_prot_XP_003624129.1_2674	GRMZM5G868168_T01.CDS	85.6	1.33e-131	371	952	346	218	216
lcl|NC_053048.1_prot_XP_024627268.1_2696	A0A8X8C3Q6	93.3	7.67e-105	315	808	166	874	163
lcl|NC_053048.1_prot_XP_003624176.1_2697	A0A8X8C3Q6	93.3	7.67e-105	315	808	166	874	163
lcl|NC_053048.1_prot_XP_003624178.1_2698	At5g16440	85.1	1.55e-149	417	1071	287	292	228
lcl|NC_053048.1_prot_XP_003624194.1_2710	Potri.019G054500	85.2	0.0	1139	2945	687	676	687
lcl|NC_053048.1_prot_XP_003624218.1_2729	At5g36790	89.5	1.57e-196	542	1396	367	363	296
lcl|NC_053048.1_prot_XP_003624218.1_2729	At5g36700	89.5	1.57e-196	542	1396	367	363	296
lcl|NC_053048.1_prot_XP_003624490.2_2935	At5g13280	80.9	6.99e-267	736	1901	557	570	486
lcl|NC_053048.1_prot_XP_003624490.2_2935	At5g14060	80.0	2.85e-255	706	1822	557	545	465
lcl|NC_053048.1_prot_XP_024627012.1_2936	At5g13280	81.7	1.39e-238	660	1703	450	570	431
lcl|NC_053048.1_prot_XP_024627012.1_2936	At5g14060	80.1	5.78e-227	630	1624	450	545	413
lcl|NC_053048.1_prot_XP_024627012.1_2936	At3g02020	80.0	4.60e-225	625	1613	450	560	410
lcl|NC_053048.1_prot_XP_024627013.1_2937	At5g13280	81.7	8.39e-239	660	1703	437	570	431
lcl|NC_053048.1_prot_XP_024627013.1_2937	At5g14060	80.1	3.49e-227	630	1624	437	545	413
lcl|NC_053048.1_prot_XP_024627013.1_2937	At3g02020	80.0	2.78e-225	625	1613	437	560	410
lcl|NC_053048.1_prot_XP_003624553.1_2993	At1g12900	87.4	2.87e-251	685	1768	404	442	405
lcl|NC_053048.1_prot_XP_003624553.1_2993	At3g26650	85.9	4.93e-248	675	1742	404	397	405
lcl|NC_053048.1_prot_XP_003624755.1_3145	At3g03630	80.5	2.64e-177	495	1274	368	405	308
lcl|NC_053048.1_prot_XP_003624856.1_3226	At3g56940	86.8	1.27e-246	672	1734	403	410	410
lcl|NC_053048.1_prot_XP_024626167.1_3290	Potri.016G033200	99.3	0.0	895	2313	449	451	443
lcl|NC_053048.1_prot_XP_024626167.1_3290	Potri.006G035400	98.2	0.0	887	2292	449	449	440
lcl|NC_053048.1_prot_XP_024626167.1_3290	Potri.009G067200	98.2	0.0	884	2285	449	447	441
lcl|NC_053048.1_prot_XP_024626167.1_3290	Potri.009G067100	97.5	0.0	882	2280	449	447	443
lcl|NC_053048.1_prot_XP_024626167.1_3290	Potri.001G272800	97.1	0.0	877	2265	449	446	443
lcl|NC_053048.1_prot_XP_024626167.1_3290	Potri.003G125400	96.8	0.0	871	2251	449	447	440
lcl|NC_053048.1_prot_XP_024626167.1_3290	Potri.009G040200	96.4	0.0	871	2250	449	451	441
lcl|NC_053048.1_prot_XP_024626167.1_3290	Potri.001G106100	96.4	0.0	870	2248	449	448	441
lcl|NC_053048.1_prot_XP_024626167.1_3290	Potri.001G246900	96.1	0.0	866	2238	449	450	438
lcl|NC_053048.1_prot_XP_024626167.1_3290	Potri.015G038800	95.0	1.70e-320	862	2228	449	445	439
lcl|NC_053048.1_prot_XP_003624926.1_3291	Potri.016G033200	99.3	0.0	895	2313	449	451	443
lcl|NC_053048.1_prot_XP_003624926.1_3291	Potri.006G035400	98.2	0.0	887	2292	449	449	440
lcl|NC_053048.1_prot_XP_003624926.1_3291	Potri.009G067200	98.2	0.0	884	2285	449	447	441
lcl|NC_053048.1_prot_XP_003624926.1_3291	Potri.009G067100	97.5	0.0	882	2280	449	447	443
lcl|NC_053048.1_prot_XP_003624926.1_3291	Potri.001G272800	97.1	0.0	877	2265	449	446	443
lcl|NC_053048.1_prot_XP_003624926.1_3291	Potri.003G125400	96.8	0.0	871	2251	449	447	440
lcl|NC_053048.1_prot_XP_003624926.1_3291	Potri.009G040200	96.4	0.0	871	2250	449	451	441
lcl|NC_053048.1_prot_XP_003624926.1_3291	Potri.001G106100	96.4	0.0	870	2248	449	448	441
lcl|NC_053048.1_prot_XP_003624926.1_3291	Potri.001G246900	96.1	0.0	866	2238	449	450	438
lcl|NC_053048.1_prot_XP_003624926.1_3291	Potri.015G038800	95.0	1.70e-320	862	2228	449	445	439
lcl|NC_053048.1_prot_XP_003625007.2_3339	At5g04140	82.1	0.0	2659	6893	1612	1649	1620
lcl|NC_053048.1_prot_XP_003625007.2_3339	At2g41220	82.3	0.0	2587	6706	1612	1630	1552
lcl|NC_053048.1_prot_XP_003625025.2_3357	AT3G10230	82.4	8.26e-228	627	1617	501	370	369
lcl|NC_053048.1_prot_XP_003625174.1_3497	At3g57610	80.8	3.38e-290	789	2038	485	491	495
lcl|NC_053048.1_prot_XP_013450029.1_4142	At2g21170	81.6	2.60e-181	499	1285	312	316	315
lcl|NC_053048.1_prot_XP_003625896.1_4512	A0A7G2DUG9	82.2	1.94e-185	533	1373	320	963	314
lcl|NC_053048.1_prot_XP_013450340.1_4513	A0A7G2DUG9	81.9	1.32e-185	533	1374	319	963	315
lcl|NC_053048.1_prot_XP_003626548.1_5100	Potri.002G167800	96.0	0.0	911	2355	474	475	474
lcl|NC_053048.1_prot_XP_003626548.1_5100	Potri.014G094900	95.8	0.0	911	2355	474	475	474
lcl|NC_053048.1_prot_XP_039683968.1_5158	AtCg00480	91.2	4.79e-191	531	1368	316	499	297
lcl|NC_053048.1_prot_XP_039683968.1_5158	GRMZM2G062854_T01.CDS	88.2	8.46e-185	512	1318	316	410	297
lcl|NC_053048.1_prot_XP_039683968.1_5158	GRMZM2G385622_T01.CDS	88.2	1.89e-183	512	1318	316	499	297
lcl|NC_053048.1_prot_XP_039683968.1_5158	GRMZM5G808402_T01.CDS	88.2	1.89e-183	512	1318	316	499	297
lcl|NC_053048.1_prot_XP_039683968.1_5158	GRMZM2G448389_T01.CDS	87.9	7.65e-183	510	1314	316	499	297
lcl|NC_053048.1_prot_XP_039683968.1_5158	GRMZM2G448142_T03.CDS	94.1	3.54e-140	400	1028	316	449	219
lcl|NC_053048.1_prot_XP_039683968.1_5158	GRMZM2G448142_T02.CDS	94.1	3.54e-140	400	1028	316	449	219
lcl|NC_053048.1_prot_XP_039683191.1_5159	AtCg00490	93.5	0.0	921	2381	475	480	475
lcl|NC_053048.1_prot_XP_039683191.1_5159	GRMZM2G360821_T01.CDS	92.6	0.0	912	2358	475	484	476
lcl|NC_053048.1_prot_XP_039683191.1_5159	GRMZM2G385635_T01.CDS	92.6	0.0	912	2358	475	484	476
lcl|NC_053048.1_prot_XP_039683191.1_5159	GRMZM2G448344_T01.CDS	92.6	0.0	912	2358	475	484	476
lcl|NC_053048.1_prot_XP_039683191.1_5159	GRMZM5G815453_T01.CDS	92.6	0.0	912	2358	475	484	476
lcl|NC_053042.1_prot_XP_013465824.1_359	At4g31990	84.1	3.23e-276	751	1940	465	454	441
lcl|NC_053042.1_prot_XP_013465824.1_359	AT4G31990	84.1	7.46e-275	748	1932	465	463	439
lcl|NC_053042.1_prot_XP_003588874.1_390	At4g31870	80.1	2.03e-104	298	763	236	234	176
lcl|NC_053042.1_prot_XP_003589000.1_510	AT4G33010	84.6	0.0	1784	4620	1056	1038	1051
lcl|NC_053042.1_prot_XP_003589000.1_510	At4g33010	84.7	0.0	1670	4324	1056	977	989
lcl|NC_053042.1_prot_XP_003589126.1_657	Potri.014G022900	85.4	1.58e-200	549	1414	325	329	328
lcl|NC_053042.1_prot_XP_003589126.1_657	Potri.002G122900	82.6	5.34e-192	527	1358	325	329	328
lcl|NC_053042.1_prot_XP_039689278.1_999	Potri.001G026300	81.0	1.29e-276	755	1950	478	510	473
lcl|NC_053042.1_prot_XP_003589475.1_1000	Potri.001G026300	81.0	1.29e-276	755	1950	478	510	473
lcl|NC_053042.1_prot_XP_013466249.1_1100	At1g30380	80.9	8.33e-72	207	527	130	131	131
lcl|NC_053042.1_prot_XP_013466268.1_1116	At5g53460	82.2	0.0	3640	9438	2194	2209	2201
lcl|NC_053042.1_prot_XP_024631241.1_1117	At5g53460	85.1	0.0	3251	8430	1888	2209	1891
lcl|NC_053042.1_prot_XP_024631241.1_1117	GRMZM2G077054_T01.CDS	80.4	0.0	3034	7865	1888	2174	1866
lcl|NC_053042.1_prot_XP_024631241.1_1117	GRMZM2G085078_T02.CDS	80.6	0.0	3026	7846	1888	2176	1862
lcl|NC_053042.1_prot_XP_024631241.1_1117	GRMZM2G085078_T01.CDS	80.5	0.0	3023	7838	1888	2188	1868
lcl|NC_053042.1_prot_XP_013466365.1_1195	GRMZM2G004040_T01.CDS	84.1	0.0	1036	2678	778	769	627
lcl|NC_053042.1_prot_XP_013466365.1_1195	GRMZM2G156069_T01.CDS	83.6	0.0	1032	2669	778	772	627
lcl|NC_053042.1_prot_XP_013466413.1_1222	At1g43800	81.0	6.36e-202	558	1437	390	392	332
lcl|NC_053042.1_prot_XP_013466609.1_1429	Potri.010G104500	84.7	0.0	1460	3780	855	855	855
lcl|NC_053042.1_prot_XP_013466609.1_1429	Potri.008G136500	83.1	0.0	1429	3700	855	852	854
lcl|NC_053042.1_prot_XP_003589800.2_1739	Potri.007G144600	84.5	1.15e-195	536	1381	322	322	316
lcl|NC_053042.1_prot_XP_003590190.1_1957	GRMZM2G370852_T01.CDS	84.5	1.70e-315	855	2208	505	506	497
lcl|NC_053042.1_prot_XP_003590190.1_1957	GRMZM2G370852_T03.CDS	84.3	6.90e-315	853	2204	505	506	497
lcl|NC_053042.1_prot_XP_003590190.1_1957	GRMZM2G010044_T04.CDS	86.4	6.24e-308	835	2158	505	503	464
lcl|NC_053042.1_prot_XP_003590190.1_1957	GRMZM2G010044_T03.CDS	86.4	6.72e-308	835	2158	505	505	464
lcl|NC_053042.1_prot_XP_003590190.1_1957	GRMZM2G010044_T01.CDS	86.4	6.98e-308	835	2158	505	506	464
lcl|NC_053042.1_prot_XP_003590190.1_1957	At4g13430	81.0	1.56e-305	830	2143	505	510	495
lcl|NC_053042.1_prot_XP_013467142.1_1987	At1g04620	81.1	1.46e-279	759	1961	448	463	454
lcl|NC_053042.1_prot_XP_013467601.1_2348	At2g41680	83.5	2.46e-293	800	2066	514	530	478
lcl|NC_053042.1_prot_XP_039691220.1_2358	At5g13630	85.2	0.0	2368	6137	1383	1382	1383
lcl|NC_053042.1_prot_XP_013467775.1_2585	At1g06820	86.9	0.0	924	2389	596	596	528
lcl|NC_053042.1_prot_XP_039682901.1_2586	At1g06820	88.0	2.87e-291	794	2051	440	596	440
lcl|NC_053042.1_prot_XP_024633039.1_2587	At1g06820	88.4	9.45e-253	695	1793	398	596	388
lcl|NC_053042.1_prot_XP_039686661.1_2683	AtCg00020	96.5	3.76e-78	231	590	140	354	114
lcl|NC_053042.1_prot_XP_013468186.1_2993	GRMZM2G167156_T02.CDS	80.1	1.48e-223	619	1596	468	471	381
lcl|NC_053042.1_prot_XP_013468186.1_2993	GRMZM2G167156_T01.CDS	80.1	1.48e-223	619	1596	468	471	381
lcl|NC_053042.1_prot_XP_024634254.1_2994	At3g57050	82.2	3.33e-230	633	1632	404	465	381
lcl|NC_053042.1_prot_XP_024634254.1_2994	GRMZM2G167156_T02.CDS	80.1	1.24e-224	619	1596	404	471	381
lcl|NC_053042.1_prot_XP_024634254.1_2994	GRMZM2G167156_T01.CDS	80.1	1.24e-224	619	1596	404	471	381
lcl|NC_053042.1_prot_XP_024634706.1_3107	Potri.016G080500	83.0	3.21e-262	714	1842	428	436	435
lcl|NC_053042.1_prot_XP_024634706.1_3107	Potri.006G214000	81.3	3.86e-257	701	1808	428	430	433
lcl|NC_053042.1_prot_XP_013468580.1_3354	At3g54660	81.7	1.58e-308	842	2174	553	566	498
lcl|NC_053042.1_prot_XP_003590793.2_3597	Potri.010G076100	80.5	1.88e-253	695	1793	469	474	442
lcl|NC_053042.1_prot_XP_003591015.2_3951	At3g04870	84.3	0.0	941	2433	579	559	540
lcl|NC_053042.1_prot_XP_024638662.1_4122	GRMZM2G387383_T01.CDS	86.0	0.0	920	2378	975	583	536
lcl|NC_053042.1_prot_XP_003591217.2_4126	GRMZM2G387383_T01.CDS	86.0	0.0	920	2378	977	583	536
lcl|NC_053042.1_prot_XP_013469123.1_4230	At3g62030	80.7	4.60e-99	288	737	251	314	171
lcl|NC_053042.1_prot_XP_013469143.1_4246	GRMZM2G039396_T01.CDS	81.0	9.80e-286	783	2021	551	538	484
lcl|NC_053042.1_prot_XP_024639560.1_4405	Potri.002G204400	81.9	1.77e-263	717	1852	435	445	442
lcl|NC_053042.1_prot_XP_024639560.1_4405	Potri.014G129200	82.4	1.11e-261	713	1840	435	443	438
lcl|NC_053042.1_prot_XP_039687093.1_4406	AtCg00890	97.1	9.04e-89	261	667	172	390	136
lcl|NC_053042.1_prot_XP_013469285.1_4574	At5g58330	81.8	1.32e-249	682	1761	437	444	428
lcl|NC_053042.1_prot_XP_003591857.2_4726	Potri.014G022900	80.5	8.04e-188	516	1330	320	329	328
lcl|NC_053042.1_prot_XP_003591924.2_4793	At1g48850	83.1	4.89e-243	665	1717	436	437	403
lcl|NC_053042.1_prot_XP_003592203.1_5068	At5g52570	85.5	3.42e-130	369	946	296	304	207
lcl|NC_053042.1_prot_XP_039685850.1_5069	At5g52570	84.9	6.52e-102	296	757	271	304	166
lcl|NC_053042.1_prot_XP_003592284.1_5127	Potri.009G040200	98.0	0.0	882	2280	449	451	442
lcl|NC_053042.1_prot_XP_003592284.1_5127	Potri.001G106100	98.0	0.0	880	2275	449	448	442
lcl|NC_053042.1_prot_XP_003592284.1_5127	Potri.003G125400	98.2	0.0	880	2274	449	447	441
lcl|NC_053042.1_prot_XP_003592284.1_5127	Potri.001G246900	97.5	0.0	875	2262	449	450	439
lcl|NC_053042.1_prot_XP_003592284.1_5127	Potri.016G033200	96.8	0.0	873	2256	449	451	443
lcl|NC_053042.1_prot_XP_003592284.1_5127	Potri.009G067200	96.6	0.0	870	2247	449	447	442
lcl|NC_053042.1_prot_XP_003592284.1_5127	Potri.006G035400	96.8	0.0	870	2247	449	449	441
lcl|NC_053042.1_prot_XP_003592284.1_5127	Potri.001G272800	96.4	0.0	870	2247	449	446	443
lcl|NC_053042.1_prot_XP_003592284.1_5127	Potri.006G095000	95.9	0.0	868	2244	449	445	444
lcl|NC_053042.1_prot_XP_003592284.1_5127	Potri.009G067100	96.4	0.0	867	2241	449	447	443
lcl|NC_053042.1_prot_XP_003592358.1_5220	At5g51820	84.9	0.0	1026	2652	628	624	601
lcl|NC_053042.1_prot_XP_013469727.1_5251	At3g22890	81.1	1.20e-285	776	2003	465	464	465
lcl|NC_053042.1_prot_XP_013469773.1_5291	At5g46290	81.2	2.08e-278	759	1959	472	490	483
lcl|NC_053042.1_prot_XP_013469848.1_5349	At3g22425	89.8	1.77e-126	357	916	275	271	197
lcl|NC_053042.1_prot_XP_013469848.1_5349	At4g14910	87.6	3.18e-119	340	872	275	309	194
lcl|NC_053042.1_prot_XP_013470022.2_5568	Potri.009G093800	80.6	5.03e-15	67.4	163	843	85	36
lcl|NC_053042.1_prot_XP_013470031.1_5572	Potri.009G094800	81.2	1.55e-260	708	1828	418	419	414
lcl|NC_053042.1_prot_XP_013470061.1_5592	Potri.009G095800	80.6	6.71e-213	583	1502	358	358	355
lcl|NC_053042.1_prot_XP_013470068.1_5606	Potri.004G189900	84.1	4.61e-242	659	1699	377	390	371
lcl|NC_053042.1_prot_XP_013470068.1_5606	Potri.009G150600	83.5	2.96e-238	649	1674	377	390	370
lcl|NC_053042.1_prot_XP_013470073.1_5610	At4g34200	81.4	0.0	918	2373	597	604	603
lcl|NC_053042.1_prot_XP_013470073.1_5610	At3g19480	84.2	0.0	881	2277	597	589	543
lcl|NC_053042.1_prot_XP_013470121.1_5684	At2g01140	84.3	1.52e-235	643	1658	391	392	395
lcl|NC_053042.1_prot_XP_024627401.1_5707	Potri.003G094500	84.0	0.0	1451	3757	855	862	848
lcl|NC_053042.1_prot_XP_024627401.1_5707	Potri.001G139500	81.1	0.0	1399	3622	855	863	850
lcl|NC_053042.1_prot_XP_024627405.1_5708	Potri.003G094500	84.0	0.0	1451	3757	855	862	848
lcl|NC_053042.1_prot_XP_024627405.1_5708	Potri.001G139500	81.1	0.0	1399	3622	855	863	850
lcl|NC_053042.1_prot_XP_024627410.1_5709	Potri.003G094500	84.0	0.0	1451	3757	855	862	848
lcl|NC_053042.1_prot_XP_024627410.1_5709	Potri.001G139500	81.1	0.0	1399	3622	855	863	850
lcl|NC_053042.1_prot_XP_039685952.1_5710	Potri.003G094500	84.0	0.0	1451	3757	855	862	848
lcl|NC_053042.1_prot_XP_039685952.1_5710	Potri.001G139500	81.1	0.0	1399	3622	855	863	850
lcl|NC_053042.1_prot_XP_039685953.1_5711	Potri.003G094500	84.0	0.0	1451	3757	855	862	848
lcl|NC_053042.1_prot_XP_039685953.1_5711	Potri.001G139500	81.1	0.0	1399	3622	855	863	850
lcl|NC_053042.1_prot_XP_013470155.1_5712	Potri.003G094500	84.0	0.0	1451	3757	855	862	848
lcl|NC_053042.1_prot_XP_013470155.1_5712	Potri.001G139500	81.1	0.0	1399	3622	855	863	850
lcl|NC_053042.1_prot_XP_024628375.2_5979	GRMZM2G161337_T01.CDS	80.3	7.19e-180	506	1304	568	328	325
lcl|NC_053042.1_prot_XP_024628375.2_5979	GRMZM2G161337_T03.CDS	83.4	1.98e-82	251	640	568	153	151
lcl|NC_053042.1_prot_XP_003592737.1_5980	A0A5N6R1Y5	84.7	1.87e-266	736	1901	455	709	437
lcl|NC_053042.1_prot_XP_003614796.1_6092	At3g60750	82.5	0.0	1218	3151	735	742	736
lcl|NC_053042.1_prot_XP_003614796.1_6092	At2g45290	80.9	0.0	1211	3133	735	742	738
lcl|NC_053042.1_prot_XP_024639585.1_6095	At1g50480	86.1	0.0	1116	2886	699	635	633
lcl|NC_053042.1_prot_XP_003592827.1_6121	At1g74040	80.1	0.0	894	2310	598	632	558
lcl|NC_053042.1_prot_XP_013470516.1_6155	At5g13120	80.2	3.38e-111	317	811	244	260	182
lcl|NC_053046.1_prot_XP_003610706.1_111	At1g03130	83.7	1.60e-99	283	725	209	205	172
lcl|NC_053046.1_prot_XP_003610706.1_111	At4g02770	82.8	5.24e-99	282	722	209	209	174
lcl|NC_053046.1_prot_XP_003610971.1_331	At1g08520	86.7	0.0	1066	2756	754	761	706
lcl|NC_053046.1_prot_XP_003610971.1_331	GRMZM2G043453_T02.CDS	88.0	0.0	1056	2732	754	756	685
lcl|NC_053046.1_prot_XP_003610971.1_331	GRMZM2G043453_T01.CDS	87.8	0.0	944	2440	754	693	617
lcl|NC_053046.1_prot_XP_003611167.1_472	Potri.003G120300	82.6	3.69e-284	772	1994	471	465	466
lcl|NC_053046.1_prot_XP_003611167.1_472	Potri.001G111700	83.2	5.24e-284	772	1993	471	465	464
lcl|NC_053046.1_prot_XP_003611167.1_472	Potri.003G120400	86.9	3.77e-164	460	1183	471	255	252
lcl|NC_053046.1_prot_XP_003611291.1_572	Potri.001G122400	84.6	9.29e-214	584	1506	350	351	350
lcl|NC_053046.1_prot_XP_003611291.1_572	Potri.003G111200	84.9	2.00e-166	461	1187	350	273	272
lcl|NC_053046.1_prot_XP_003611464.1_715	AT2G35370	83.7	1.94e-96	272	696	166	165	166
lcl|NC_053046.1_prot_XP_003611464.1_715	At2g35370	83.7	2.00e-96	272	696	166	166	166
lcl|NC_053046.1_prot_XP_003611482.1_724	Potri.001G143200	84.9	3.35e-283	767	1981	439	436	430
lcl|NC_053046.1_prot_XP_003611482.1_724	Potri.003G091100	84.5	4.34e-279	757	1954	439	436	427
lcl|NC_053046.1_prot_XP_003611715.1_880	Potri.005G139800	84.8	0.0	952	2462	556	560	554
lcl|NC_053046.1_prot_XP_003611715.1_880	Potri.007G045400	84.8	0.0	944	2441	556	560	546
lcl|NC_053046.1_prot_XP_003612141.1_1163	Potri.007G013900	89.9	1.03e-240	654	1687	369	369	355
lcl|NC_053046.1_prot_XP_003612141.1_1163	Potri.005G116200	88.5	1.40e-238	649	1673	369	369	355
lcl|NC_053046.1_prot_XP_003612144.1_1165	Potri.007G013900	89.0	1.71e-239	651	1679	369	369	355
lcl|NC_053046.1_prot_XP_003612144.1_1165	Potri.005G116200	87.6	2.32e-237	645	1665	369	369	355
lcl|NC_053046.1_prot_XP_003612185.1_1188	Potri.005G112900	86.0	3.01e-232	632	1630	361	364	365
lcl|NC_053046.1_prot_XP_003612185.1_1188	Potri.007G057200	86.3	2.47e-231	630	1624	361	364	365
lcl|NC_053046.1_prot_XP_003612185.1_1188	At5g66190	82.7	4.33e-222	606	1563	361	361	364
lcl|NC_053046.1_prot_XP_003612247.1_1236	At2g05710	86.7	0.0	1597	4136	901	991	896
lcl|NC_053046.1_prot_XP_003612247.1_1236	GRMZM2G020801_T01.CDS	86.9	0.0	1423	3683	901	798	795
lcl|NC_053046.1_prot_XP_003612356.1_1309	At2g43710	81.8	6.73e-242	659	1701	393	402	401
lcl|NC_053046.1_prot_XP_003612356.1_1309	At3g02630	80.8	3.84e-226	619	1597	393	397	369
lcl|NC_053046.1_prot_XP_003612664.1_1551	GRMZM2G162529_T02.CDS	80.0	1.37e-242	662	1708	411	406	410
lcl|NC_053046.1_prot_XP_003612664.1_1551	At1g32060	80.6	9.53e-236	644	1662	411	396	402
lcl|NC_053046.1_prot_XP_003612664.1_1551	GRMZM2G463280_T01.CDS	82.7	1.74e-209	577	1488	411	382	341
lcl|NC_053046.1_prot_XP_003612664.1_1551	GRMZM2G463280_T02.CDS	83.9	7.51e-108	314	805	411	248	186
lcl|NC_053046.1_prot_XP_003612664.1_1551	GRMZM2G162529_T01.CDS	87.0	1.28e-26	97.8	242	411	61	54
lcl|NC_053046.1_prot_XP_003613139.1_1822	At1g70580	84.7	1.34e-309	838	2164	481	482	478
lcl|NC_053046.1_prot_XP_003613139.1_1822	At1g23310	83.9	3.00e-306	829	2142	481	482	478
lcl|NC_053046.1_prot_XP_003613246.1_1896	Potri.010G094600	83.7	3.37e-206	564	1454	343	336	332
lcl|NC_053046.1_prot_XP_003613246.1_1896	Potri.008G147200	89.7	3.03e-202	553	1425	343	307	291
lcl|NC_053046.1_prot_XP_003613940.1_2261	At4g24830	86.8	1.47e-272	744	1922	480	495	424
lcl|NC_053046.1_prot_XP_003614035.1_2317	Potri.017G092000	86.7	2.17e-315	852	2202	481	482	481
lcl|NC_053046.1_prot_XP_003614035.1_2317	Potri.008G094300	87.3	2.44e-314	850	2195	481	481	481
lcl|NC_053046.1_prot_XP_003614035.1_2317	Potri.004G118600	85.7	9.40e-310	838	2165	481	482	481
lcl|NC_053046.1_prot_XP_003614035.1_2317	Potri.010G159800	86.1	4.29e-308	834	2154	481	481	481
lcl|NC_053046.1_prot_XP_003614223.1_2423	Potri.016G120100	84.8	0.0	1051	2717	607	606	607
lcl|NC_053046.1_prot_XP_003614223.1_2423	Potri.006G102500	83.2	0.0	1026	2654	607	606	607
lcl|NC_053046.1_prot_XP_003614223.1_2423	Potri.011G064000	82.0	0.0	958	2476	607	594	562
lcl|NC_053046.1_prot_XP_003614223.1_2423	Potri.T102400	81.9	0.0	957	2473	607	594	562
lcl|NC_053046.1_prot_XP_003614223.1_2423	Potri.004G054100	81.7	0.0	952	2462	607	583	562
lcl|NC_053046.1_prot_XP_003614223.1_2423	Potri.T143400	80.7	2.69e-195	547	1409	607	322	321
lcl|NC_053046.1_prot_XP_003615152.1_2888	At1g22410	90.0	3.08e-305	831	2146	532	528	449
lcl|NC_053046.1_prot_XP_003615152.1_2888	At4g33510	83.0	6.60e-295	804	2076	532	508	470
lcl|NC_053046.1_prot_XP_003615152.1_2888	At4g39980	81.3	1.83e-294	803	2075	532	526	482
lcl|NC_053046.1_prot_XP_003615260.2_2933	At4g24620	80.7	0.0	1003	2594	617	614	617
lcl|NC_053046.1_prot_XP_003615394.1_3010	At1g58290	80.5	4.88e-271	745	1924	542	544	487
lcl|NC_053046.1_prot_XP_003615410.1_3018	GRMZM2G063258_T03.CDS	80.3	1.93e-202	563	1451	453	428	366
lcl|NC_053046.1_prot_XP_003615410.1_3018	GRMZM2G063258_T04.CDS	85.3	8.23e-142	402	1034	453	255	251
lcl|NC_053046.1_prot_XP_024639616.1_3499	At5g14590	80.4	6.93e-251	686	1771	412	486	408
lcl|NC_053046.1_prot_XP_003616186.1_3500	At5g14590	80.4	6.93e-251	686	1771	412	486	408
lcl|NC_053046.1_prot_XP_003616188.3_3503	Potri.004G075300	82.7	1.83e-313	849	2194	504	501	504
lcl|NC_053046.1_prot_XP_003616188.3_3503	Potri.004G075200	83.1	5.41e-310	840	2171	504	499	504
lcl|NC_053046.1_prot_XP_003616188.3_3503	Potri.T059200	81.4	2.64e-305	828	2140	504	497	506
lcl|NC_053046.1_prot_XP_003616263.1_3548	At3g17820	84.1	1.41e-236	642	1657	357	355	352
lcl|NC_053046.1_prot_XP_003616475.1_3655	Potri.010G198800	92.8	1.14e-247	671	1731	361	362	361
lcl|NC_053046.1_prot_XP_003616475.1_3655	Potri.008G060100	91.1	1.81e-244	663	1710	361	362	361
lcl|NC_053046.1_prot_XP_003616475.1_3655	Potri.006G090300	86.7	9.32e-231	628	1620	361	362	361
lcl|NC_053046.1_prot_XP_003616475.1_3655	Potri.008G006700	82.1	2.78e-217	595	1533	361	376	368
lcl|NC_053046.1_prot_XP_003617296.1_4159	Potri.001G253300	80.5	1.08e-240	657	1694	401	402	401
lcl|NC_053046.1_prot_XP_003617296.1_4159	Potri.009G047700	81.1	5.16e-216	593	1528	401	365	360
lcl|NC_053046.1_prot_XP_003617619.1_4385	At3g20330	82.0	2.13e-184	513	1321	384	391	311
lcl|NC_053046.1_prot_XP_024640377.1_4524	At2g35040	86.8	0.0	936	2419	604	597	536
lcl|NC_053046.1_prot_XP_039690403.1_4525	At2g35040	86.9	0.0	937	2421	602	597	535
lcl|NC_053046.1_prot_XP_003617925.1_4604	At5g48300	86.0	0.0	882	2278	515	521	522
lcl|NC_053046.1_prot_XP_024639132.1_4695	AT5G48230	84.3	4.20e-240	655	1691	407	404	402
lcl|NC_053046.1_prot_XP_003618039.1_4696	AT5G48230	84.3	4.20e-240	655	1691	407	404	402
lcl|NC_053046.1_prot_XP_003618085.1_4717	At1g03475	85.3	2.48e-228	625	1611	399	387	347
lcl|NC_053049.1_prot_XP_024627995.1_88	At3g60370	82.2	8.98e-104	295	755	170	272	169
lcl|NC_053049.1_prot_XP_013443961.1_251	At2g44530	81.0	1.17e-221	608	1568	399	395	390
lcl|NC_053049.1_prot_XP_013443961.1_251	At1g32380	85.7	2.17e-202	560	1442	399	401	329
lcl|NC_053049.1_prot_XP_003627038.2_511	At1g79750	81.6	0.0	979	2531	588	647	592
lcl|NC_053049.1_prot_XP_039685305.1_514	AtCg00280	97.0	2.70e-226	619	1597	314	474	300
lcl|NC_053049.1_prot_XP_039684899.1_568	At5g35790	81.1	6.66e-318	867	2240	582	577	539
lcl|NC_053049.1_prot_XP_039684899.1_568	At5g13110	84.7	3.98e-310	848	2191	582	597	485
lcl|NC_053049.1_prot_XP_039684899.1_568	At1g24280	84.7	1.21e-307	842	2175	582	600	485
lcl|NC_053049.1_prot_XP_003627448.1_911	At1g17290	83.1	9.59e-304	827	2137	524	544	484
lcl|NC_053049.1_prot_XP_013444545.1_985	At1g01090	81.6	6.99e-234	642	1655	427	429	396
lcl|NC_053049.1_prot_XP_013444648.1_1094	GRMZM2G156158_T02.CDS	82.0	5.11e-28	106	265	668	158	61
lcl|NC_053049.1_prot_XP_024627972.1_1121	GRMZM2G142873_T02.CDS	100	6.54e-05	36.2	82	94	460	16
lcl|NC_053049.1_prot_XP_003627656.2_1486	Potri.015G089600	82.3	1.46e-129	360	924	213	218	209
lcl|NC_053049.1_prot_XP_024627434.1_1487	Potri.015G089600	86.5	1.38e-128	357	916	199	218	192
lcl|NC_053049.1_prot_XP_013445067.1_1592	At3g63520	80.1	0.0	904	2337	540	539	537
lcl|NC_053049.1_prot_XP_013445197.1_1866	At5g04900	84.3	2.79e-168	469	1206	341	349	274
lcl|NC_053049.1_prot_XP_013445197.1_1866	GRMZM2G065194_T01.CDS	80.7	5.89e-166	462	1190	341	342	274
lcl|NC_053049.1_prot_XP_039684317.1_1974	At5g35790	86.1	4.98e-170	485	1248	416	577	274
lcl|NC_053049.1_prot_XP_039684317.1_1974	GRMZM2G177077_T01.CDS	84.3	3.49e-165	473	1218	416	599	274
lcl|NC_053049.1_prot_XP_039684317.1_1974	At5g13110	83.9	9.30e-165	472	1215	416	597	274
lcl|NC_053049.1_prot_XP_039684317.1_1974	At1g24280	83.9	4.71e-163	468	1204	416	600	274
lcl|NC_053049.1_prot_XP_013445459.1_2101	GRMZM2G016602_T03.CDS	83.0	9.57e-210	580	1494	418	416	352
lcl|NC_053049.1_prot_XP_013445459.1_2101	GRMZM2G016602_T01.CDS	83.0	9.57e-210	580	1494	418	416	352
lcl|NC_053049.1_prot_XP_013445459.1_2101	GRMZM2G016602_T04.CDS	85.2	3.56e-147	415	1067	418	267	243
lcl|NC_053049.1_prot_XP_024630471.1_2148	Potri.011G103700	87.3	0.0	1215	3143	668	671	671
lcl|NC_053049.1_prot_XP_024630471.1_2148	Potri.001G383500	86.6	0.0	1205	3118	668	671	671
lcl|NC_053049.1_prot_XP_024628777.1_2473	Potri.010G034800	84.7	8.07e-143	417	1072	231	881	229
lcl|NC_053049.1_prot_XP_024628777.1_2473	Potri.006G102000	80.3	5.52e-136	399	1024	231	850	229
lcl|NC_053049.1_prot_XP_039685031.1_2491	Potri.010G034800	84.0	1.58e-318	877	2265	490	881	500
lcl|NC_053049.1_prot_XP_039685031.1_2491	Potri.006G102000	80.4	6.54e-308	848	2192	490	850	500
lcl|NC_053049.1_prot_XP_039685031.1_2491	Potri.016G119300	80.0	1.56e-307	848	2190	490	855	500
lcl|NC_053049.1_prot_XP_013445938.1_2630	Potri.008G147200	86.3	1.47e-195	536	1381	342	307	293
lcl|NC_053049.1_prot_XP_013445984.1_2650	At1g23740	80.1	5.07e-189	525	1351	384	387	336
lcl|NC_053049.1_prot_XP_013446016.1_2690	GRMZM2G060156_T01.CDS	82.0	1.99e-64	196	498	328	125	111
lcl|NC_053049.1_prot_XP_024628806.2_2742	Potri.009G073800	87.4	1.76e-115	342	878	218	750	190
lcl|NC_053049.1_prot_XP_024628806.2_2742	Potri.001G279100	87.3	6.79e-115	341	874	218	749	189
lcl|NC_053049.1_prot_XP_003628914.1_2867	At2g22480	82.6	1.03e-307	837	2163	529	538	482
lcl|NC_053049.1_prot_XP_003629163.1_3143	At4g35630	82.7	1.05e-238	654	1687	428	431	388
lcl|NC_053049.1_prot_XP_039684813.1_3673	At2g34590	83.3	1.95e-245	669	1726	404	407	408
lcl|NC_053049.1_prot_XP_039684813.1_3673	At1g30120	82.5	3.98e-238	650	1678	404	407	411
lcl|NC_053049.1_prot_XP_003629610.1_3849	Potri.001G320500	91.1	0.0	898	2320	485	486	485
lcl|NC_053049.1_prot_XP_003629610.1_3849	Potri.017G059400	90.9	0.0	892	2306	485	486	485
lcl|NC_053049.1_prot_XP_024629678.1_4132	Potri.011G156100	82.4	1.04e-257	701	1809	415	418	414
lcl|NC_053049.1_prot_XP_024629678.1_4132	Potri.001G459700	81.2	1.91e-253	690	1781	415	418	414
lcl|NC_053049.1_prot_XP_024629678.1_4132	Potri.016G020000	80.3	5.17e-156	438	1126	415	278	274
lcl|NC_053049.1_prot_XP_024629679.1_4133	Potri.011G156100	82.4	1.04e-257	701	1809	415	418	414
lcl|NC_053049.1_prot_XP_024629679.1_4133	Potri.001G459700	81.2	1.91e-253	690	1781	415	418	414
lcl|NC_053049.1_prot_XP_024629679.1_4133	Potri.016G020000	80.3	5.17e-156	438	1126	415	278	274
lcl|NC_053049.1_prot_XP_039685283.1_4134	Potri.011G156100	82.4	1.04e-257	701	1809	415	418	414
lcl|NC_053049.1_prot_XP_039685283.1_4134	Potri.001G459700	81.2	1.91e-253	690	1781	415	418	414
lcl|NC_053049.1_prot_XP_039685283.1_4134	Potri.016G020000	80.3	5.17e-156	438	1126	415	278	274
lcl|NC_053049.1_prot_XP_039685284.1_4135	Potri.011G156100	82.4	1.04e-257	701	1809	415	418	414
lcl|NC_053049.1_prot_XP_039685284.1_4135	Potri.001G459700	81.2	1.91e-253	690	1781	415	418	414
lcl|NC_053049.1_prot_XP_039685284.1_4135	Potri.016G020000	80.3	5.17e-156	438	1126	415	278	274
lcl|NC_053049.1_prot_XP_003630054.2_4300	GRMZM2G400604_T03.CDS	80.7	4.75e-232	639	1647	475	417	398
lcl|NC_053049.1_prot_XP_003630054.2_4300	GRMZM2G400604_T02.CDS	83.1	1.28e-154	437	1123	475	278	267
lcl|NC_053049.1_prot_XP_003630416.1_4558	At2g30390	82.2	5.15e-271	744	1920	527	523	465
lcl|NC_053049.1_prot_XP_003630582.1_4610	GRMZM2G123922_T01.CDS	85.0	0.0	1483	3839	926	922	927
lcl|NC_053049.1_prot_XP_003630582.1_4610	GRMZM2G009443_T01.CDS	84.7	0.0	1451	3755	926	922	897
lcl|NC_053049.1_prot_XP_003630582.1_4610	GRMZM2G001084_T01.CDS	82.5	0.0	1139	2946	926	897	733
lcl|NC_053049.1_prot_XP_003630513.1_4691	Potri.003G126800	95.0	1.70e-320	862	2227	445	445	438
lcl|NC_053049.1_prot_XP_003630513.1_4691	Potri.001G104600	94.3	6.28e-317	853	2204	445	445	438
lcl|NC_053049.1_prot_XP_003630513.1_4691	Potri.016G033200	91.6	4.18e-312	841	2173	445	451	443
lcl|NC_053049.1_prot_XP_003630513.1_4691	Potri.012G047600	91.4	3.19e-310	836	2160	445	445	440
lcl|NC_053049.1_prot_XP_003630513.1_4691	Potri.015G038800	91.1	9.13e-310	835	2157	445	445	440
lcl|NC_053049.1_prot_XP_003630513.1_4691	Potri.009G067200	91.2	1.40e-309	835	2156	445	447	445
lcl|NC_053049.1_prot_XP_003630513.1_4691	Potri.009G067100	91.0	1.40e-309	835	2156	445	447	443
lcl|NC_053049.1_prot_XP_003630513.1_4691	Potri.006G035400	91.7	1.51e-309	835	2156	445	449	436
lcl|NC_053049.1_prot_XP_003630513.1_4691	Potri.001G272800	90.3	2.23e-308	832	2148	445	446	445
lcl|NC_053049.1_prot_XP_003630513.1_4691	Potri.001G106100	90.9	2.41e-308	832	2148	445	448	441
lcl|NC_053049.1_prot_XP_039684635.1_4692	At4g23100	80.4	3.18e-289	788	2035	485	523	479
lcl|NC_053049.1_prot_XP_003630512.1_4693	At4g23100	85.2	4.68e-311	844	2181	508	523	479
lcl|NC_053049.1_prot_XP_013447150.1_4798	At1g64190	88.1	7.76e-321	867	2241	495	488	487
lcl|NC_053049.1_prot_XP_013447150.1_4798	At5g41670	87.9	7.37e-319	862	2227	495	488	487
lcl|NC_053049.1_prot_XP_013447253.1_4878	Potri.001G087400	85.6	0.0	1282	3317	731	731	731
lcl|NC_053049.1_prot_XP_013447253.1_4878	Potri.003G143700	85.2	0.0	1278	3306	731	731	731
lcl|NC_053049.1_prot_XP_024628027.1_4910	At5g35360	82.5	5.51e-313	852	2201	542	556	536
lcl|NC_053049.1_prot_XP_024628028.1_4911	At5g35360	82.5	5.51e-313	852	2201	542	556	536
lcl|NC_053049.1_prot_XP_024628029.1_4912	At5g35360	82.5	5.51e-313	852	2201	542	556	536
lcl|NC_053049.1_prot_XP_003630608.2_4913	At5g35360	82.5	5.51e-313	852	2201	542	556	536
lcl|NC_053049.1_prot_XP_003630757.1_5039	GRMZM2G076006_T02.CDS	85.7	3.43e-182	504	1298	347	348	272
lcl|NC_053049.1_prot_XP_003630757.1_5039	GRMZM2G081268_T01.CDS	81.2	2.53e-173	481	1239	347	341	277
lcl|NC_053049.1_prot_XP_003630757.1_5039	GRMZM2G081268_T03.CDS	81.2	2.53e-173	481	1239	347	341	277
lcl|NC_053049.1_prot_XP_003630757.1_5039	GRMZM2G081268_T02.CDS	81.2	2.53e-173	481	1239	347	341	277
lcl|NC_053049.1_prot_XP_003630757.1_5039	GRMZM2G076006_T03.CDS	85.6	2.59e-95	280	716	347	249	146
lcl|NC_053049.1_prot_XP_003630757.1_5039	GRMZM2G076006_T01.CDS	85.9	2.20e-54	170	430	347	94	92
lcl|NC_053049.1_prot_XP_024629553.1_5040	GRMZM2G076006_T02.CDS	85.7	3.57e-182	504	1298	348	348	272
lcl|NC_053049.1_prot_XP_024629553.1_5040	GRMZM2G081268_T01.CDS	81.2	2.63e-173	481	1239	348	341	277
lcl|NC_053049.1_prot_XP_024629553.1_5040	GRMZM2G081268_T03.CDS	81.2	2.63e-173	481	1239	348	341	277
lcl|NC_053049.1_prot_XP_024629553.1_5040	GRMZM2G081268_T02.CDS	81.2	2.63e-173	481	1239	348	341	277
lcl|NC_053049.1_prot_XP_024629553.1_5040	GRMZM2G076006_T03.CDS	85.6	2.68e-95	280	716	348	249	146
lcl|NC_053049.1_prot_XP_024629553.1_5040	GRMZM2G076006_T01.CDS	85.9	2.26e-54	170	430	348	94	92
lcl|NC_053049.1_prot_XP_024628541.1_5145	At1g23190	84.9	0.0	988	2554	582	584	583
lcl|NC_053049.1_prot_XP_024628541.1_5145	At1g70730	84.1	0.0	978	2528	582	663	585
lcl|NC_053049.1_prot_XP_039684761.1_5146	At1g23190	84.9	0.0	988	2554	582	584	583
lcl|NC_053049.1_prot_XP_039684761.1_5146	At1g70730	84.1	0.0	978	2528	582	663	585
lcl|NC_053049.1_prot_XP_003630977.1_5189	Potri.010G104500	85.2	0.0	1477	3823	853	855	854
lcl|NC_053049.1_prot_XP_003630977.1_5189	Potri.008G136500	84.2	0.0	1453	3761	853	852	850
lcl|NC_053049.1_prot_XP_003631111.1_5290	Potri.015G038800	93.8	1.72e-312	842	2175	446	445	434
lcl|NC_053049.1_prot_XP_003631111.1_5290	Potri.006G035400	92.1	4.03e-312	841	2173	446	449	445
lcl|NC_053049.1_prot_XP_003631111.1_5290	Potri.009G067200	92.1	1.52e-311	840	2169	446	447	444
lcl|NC_053049.1_prot_XP_003631111.1_5290	Potri.016G033200	91.9	5.07e-311	838	2166	446	451	444
lcl|NC_053049.1_prot_XP_003631111.1_5290	Potri.012G047600	92.6	1.92e-309	834	2155	446	445	433
lcl|NC_053049.1_prot_XP_003631111.1_5290	Potri.009G067100	91.0	2.07e-309	834	2155	446	447	446
lcl|NC_053049.1_prot_XP_003631111.1_5290	Potri.011G162500	92.6	9.45e-308	830	2144	446	446	431
lcl|NC_053049.1_prot_XP_003631111.1_5290	Potri.001G464400	93.0	1.34e-307	830	2143	446	446	429
lcl|NC_053049.1_prot_XP_003631111.1_5290	Potri.001G272800	93.0	1.34e-307	830	2143	446	446	431
lcl|NC_053049.1_prot_XP_003631111.1_5290	Potri.003G125400	91.6	3.99e-307	828	2140	446	447	442
lcl|NC_053043.1_prot_XP_039686128.1_61	At1g09795	80.8	1.53e-196	544	1401	364	414	339
lcl|NC_053043.1_prot_XP_039686127.1_62	At1g09795	82.9	4.64e-205	566	1458	373	414	339
lcl|NC_053043.1_prot_XP_039686127.1_62	At1g58080	80.2	2.13e-198	549	1414	373	412	339
lcl|NC_053043.1_prot_XP_003592983.2_80	A0A0B2SKQ5	84.3	1.44e-301	822	2124	578	500	489
lcl|NC_053043.1_prot_XP_003593129.1_164	Potri.005G190500	83.5	8.52e-302	818	2113	486	479	473
lcl|NC_053043.1_prot_XP_003593129.1_164	Potri.002G069800	81.1	8.61e-289	785	2026	486	464	472
lcl|NC_053043.1_prot_XP_039686227.1_184	AtCg00120	86.2	1.70e-151	430	1106	296	508	260
lcl|NC_053043.1_prot_XP_003593178.1_207	At5g10160	91.5	4.50e-92	262	670	143	220	142
lcl|NC_053043.1_prot_XP_003593178.1_207	At2g22230	87.4	6.30e-90	257	656	143	221	143
lcl|NC_053043.1_prot_XP_003593221.1_235	At4g33510	82.9	5.08e-298	811	2094	510	508	490
lcl|NC_053043.1_prot_XP_003593221.1_235	At1g22410	83.4	2.51e-289	790	2039	510	528	452
lcl|NC_053043.1_prot_XP_003593221.1_235	At4g39980	81.0	5.19e-279	763	1971	510	526	447
lcl|NC_053043.1_prot_XP_003593687.1_594	At2g36230	80.7	1.61e-156	436	1121	312	305	269
lcl|NC_053043.1_prot_XP_003593716.1_611	At4g18480	81.4	2.12e-235	645	1664	422	425	420
lcl|NC_053043.1_prot_XP_003593716.1_611	At5g45930	80.7	3.10e-231	634	1636	422	419	419
lcl|NC_053043.1_prot_XP_003593716.1_611	GRMZM2G419806_T03.CDS	84.0	2.17e-218	602	1552	422	423	369
lcl|NC_053043.1_prot_XP_003593716.1_611	GRMZM2G419806_T01.CDS	84.0	4.64e-218	602	1552	422	444	369
lcl|NC_053043.1_prot_XP_003593716.1_611	GRMZM2G419806_T02.CDS	84.0	8.27e-218	602	1552	422	460	369
lcl|NC_053043.1_prot_XP_003593734.1_620	Potri.011G064000	89.7	0.0	1050	2714	582	594	565
lcl|NC_053043.1_prot_XP_003593734.1_620	Potri.T102400	89.6	0.0	1048	2711	582	594	565
lcl|NC_053043.1_prot_XP_003593734.1_620	Potri.004G054100	87.1	0.0	1032	2669	582	583	574
lcl|NC_053043.1_prot_XP_003593734.1_620	Potri.017G151900	84.8	0.0	1008	2606	582	583	574
lcl|NC_053043.1_prot_XP_003593734.1_620	Potri.016G120100	81.9	0.0	960	2482	582	606	564
lcl|NC_053043.1_prot_XP_003593734.1_620	Potri.T143400	88.8	2.14e-217	602	1552	582	322	321
lcl|NC_053043.1_prot_XP_003593782.1_721	GRMZM2G120652_T01.CDS	83.8	7.36e-184	509	1312	314	414	314
lcl|NC_053043.1_prot_XP_003593782.1_721	GRMZM5G850015_T01.CDS	83.1	4.51e-183	504	1297	314	318	314
lcl|NC_053043.1_prot_XP_003593836.1_765	At4g32520	82.7	3.81e-281	770	1988	533	530	452
lcl|NC_053043.1_prot_XP_039686874.1_881	AtCg00120	86.9	3.37e-103	303	776	203	508	183
lcl|NC_053043.1_prot_XP_003594033.1_898	At4g15560	80.5	0.0	1064	2751	718	718	660
lcl|NC_053043.1_prot_XP_013462707.1_951	At5g35630	81.9	7.18e-267	725	1872	428	431	431
lcl|NC_053043.1_prot_XP_024632477.1_1072	A0A816UFB7	81.7	2.81e-157	463	1191	287	1103	268
lcl|NC_053043.1_prot_XP_013462837.1_1073	A0A816UFB7	81.7	2.81e-157	463	1191	287	1103	268
lcl|NC_053043.1_prot_XP_003594164.1_1140	At4g22260	81.5	8.60e-159	445	1144	342	352	260
lcl|NC_053043.1_prot_XP_003594553.1_1434	At5g63890	80.2	3.76e-256	702	1811	478	467	435
lcl|NC_053043.1_prot_XP_003594596.1_1458	Potri.011G162500	98.2	0.0	879	2271	445	446	434
lcl|NC_053043.1_prot_XP_003594596.1_1458	Potri.001G464400	97.9	0.0	876	2263	445	446	432
lcl|NC_053043.1_prot_XP_003594596.1_1458	Potri.006G095000	96.3	8.51e-321	863	2230	445	445	433
lcl|NC_053043.1_prot_XP_003594596.1_1458	Potri.009G040200	96.3	3.36e-320	862	2226	445	451	433
lcl|NC_053043.1_prot_XP_003594596.1_1458	Potri.016G033200	95.8	5.04e-320	861	2225	445	451	433
lcl|NC_053043.1_prot_XP_003594596.1_1458	Potri.009G067200	95.8	5.93e-320	861	2224	445	447	433
lcl|NC_053043.1_prot_XP_003594596.1_1458	Potri.003G125400	96.1	8.47e-320	860	2223	445	447	433
lcl|NC_053043.1_prot_XP_003594596.1_1458	Potri.001G106100	95.8	2.54e-319	859	2220	445	448	433
lcl|NC_053043.1_prot_XP_003594596.1_1458	Potri.001G246900	96.1	2.78e-319	859	2220	445	450	433
lcl|NC_053043.1_prot_XP_003594596.1_1458	Potri.006G035400	95.6	5.40e-319	858	2218	445	449	433
lcl|NC_053043.1_prot_XP_013463086.1_1516	Potri.001G459700	82.2	6.50e-258	701	1810	412	418	411
lcl|NC_053043.1_prot_XP_013463086.1_1516	Potri.011G156100	82.5	3.76e-257	699	1805	412	418	411
lcl|NC_053043.1_prot_XP_013463086.1_1516	Potri.006G022000	80.5	1.66e-235	644	1660	412	391	390
lcl|NC_053043.1_prot_XP_003594783.1_1600	GRMZM2G145595_T02.CDS	80.7	1.03e-314	858	2216	568	563	540
lcl|NC_053043.1_prot_XP_003594783.1_1600	GRMZM2G152958_T02.CDS	80.2	2.83e-308	842	2174	568	566	536
lcl|NC_053043.1_prot_XP_003594783.1_1600	GRMZM2G073774_T01.CDS	80.2	2.83e-308	842	2174	568	566	536
lcl|NC_053043.1_prot_XP_003594783.1_1600	GRMZM2G152958_T01.CDS	80.5	7.28e-281	771	1990	568	530	488
lcl|NC_053043.1_prot_XP_003594783.1_1600	GRMZM2G145595_T01.CDS	85.0	4.32e-174	490	1261	568	281	280
lcl|NC_053043.1_prot_XP_024633076.1_1601	GRMZM2G145595_T02.CDS	81.9	5.61e-311	848	2190	555	563	525
lcl|NC_053043.1_prot_XP_024633076.1_1601	GRMZM2G152958_T02.CDS	81.2	1.09e-304	832	2149	555	566	522
lcl|NC_053043.1_prot_XP_024633076.1_1601	GRMZM2G073774_T01.CDS	81.2	1.09e-304	832	2149	555	566	522
lcl|NC_053043.1_prot_XP_024633076.1_1601	GRMZM2G152958_T01.CDS	80.5	4.42e-281	771	1990	555	530	488
lcl|NC_053043.1_prot_XP_024633076.1_1601	GRMZM2G145595_T01.CDS	87.5	2.41e-170	480	1235	555	281	265
lcl|NC_053043.1_prot_XP_013463350.2_1822	GRMZM2G087598_T01.CDS	86.7	0.0	1081	2796	750	678	653
lcl|NC_053043.1_prot_XP_013463350.2_1822	GRMZM2G087598_T03.CDS	86.7	0.0	1081	2796	750	678	653
lcl|NC_053043.1_prot_XP_013463350.2_1822	GRMZM2G110408_T02.CDS	86.3	0.0	1075	2780	750	678	652
lcl|NC_053043.1_prot_XP_013463350.2_1822	GRMZM2G110408_T01.CDS	86.3	0.0	1075	2780	750	678	652
lcl|NC_053043.1_prot_XP_013463350.2_1822	GRMZM2G110408_T03.CDS	86.3	0.0	1075	2780	750	678	652
lcl|NC_053043.1_prot_XP_013463350.2_1822	GRMZM2G087598_T02.CDS	95.8	1.92e-08	47.4	111	750	47	24
lcl|NC_053043.1_prot_XP_013464030.2_2505	GRMZM5G809546_T01.CDS	81.6	5.10e-269	740	1910	526	554	478
lcl|NC_053043.1_prot_XP_013442522.1_2535	At1g31190	82.4	1.59e-189	524	1349	350	372	306
lcl|NC_053043.1_prot_XP_013463993.1_2615	At1g74030	89.6	2.06e-287	782	2019	491	478	433
lcl|NC_053043.1_prot_XP_024632299.1_2747	GRMZM2G460396_T01.CDS	86.0	0.0	1368	3542	1582	991	907
lcl|NC_053043.1_prot_XP_039686547.1_2748	GRMZM2G460396_T01.CDS	85.9	0.0	1276	3303	1467	991	858
lcl|NC_053043.1_prot_XP_039686563.1_2816	At2g05710	89.6	1.92e-60	194	494	106	991	106
lcl|NC_053043.1_prot_XP_039686563.1_2816	GRMZM2G020801_T01.CDS	88.3	1.24e-59	191	485	106	798	103
lcl|NC_053043.1_prot_XP_003596091.1_2852	At1g56190	87.7	1.65e-274	749	1933	479	479	439
lcl|NC_053043.1_prot_XP_003596091.1_2852	At3g12780	86.2	1.94e-269	736	1900	479	482	449
lcl|NC_053043.1_prot_XP_003596092.1_2853	At1g56190	85.2	1.34e-241	662	1708	401	479	398
lcl|NC_053043.1_prot_XP_003596092.1_2853	At3g12780	85.9	2.13e-241	662	1707	401	482	398
lcl|NC_053043.1_prot_XP_003596093.1_2854	At1g56190	84.4	6.34e-240	658	1697	401	479	398
lcl|NC_053043.1_prot_XP_003596093.1_2854	At3g12780	84.7	2.87e-239	656	1693	401	482	398
lcl|NC_053043.1_prot_XP_003595981.1_2996	A0A9E7H647	83.9	8.53e-44	146	369	136	524	87
lcl|NC_053043.1_prot_XP_013464428.2_3090	Potri.001G380100	80.3	2.93e-154	429	1104	312	284	259
lcl|NC_053043.1_prot_XP_013464428.2_3090	Potri.005G204800	83.5	2.65e-151	422	1086	312	298	237
lcl|NC_053043.1_prot_XP_013464447.1_3109	GRMZM2G163809_T04.CDS	82.5	7.73e-77	234	598	421	225	143
lcl|NC_053043.1_prot_XP_024632194.1_3156	Potri.011G103700	88.1	0.0	1221	3160	670	671	672
lcl|NC_053043.1_prot_XP_024632194.1_3156	Potri.001G383500	87.6	0.0	1211	3133	670	671	672
lcl|NC_053043.1_prot_XP_024632194.1_3156	Potri.003G120000	81.0	5.24e-173	492	1266	670	303	294
lcl|NC_053043.1_prot_XP_024632194.1_3156	Potri.001G112000	80.3	6.00e-172	489	1259	670	303	295
lcl|NC_053043.1_prot_XP_013464736.1_3409	At5g54190	83.5	7.75e-239	652	1682	399	406	405
lcl|NC_053043.1_prot_XP_013464736.1_3409	At4g27440	82.1	1.74e-234	641	1653	399	402	402
lcl|NC_053043.1_prot_XP_013464736.1_3409	GRMZM2G073351_T03.CDS	81.8	4.49e-212	583	1502	399	366	357
lcl|NC_053043.1_prot_XP_013464736.1_3409	GRMZM2G084958_T03.CDS	81.7	2.28e-198	548	1411	399	357	338
lcl|NC_053043.1_prot_XP_013464736.1_3409	GRMZM2G084958_T02.CDS	83.5	1.64e-181	504	1298	399	336	297
lcl|NC_053043.1_prot_XP_013464736.1_3409	GRMZM2G073351_T01.CDS	85.6	7.00e-180	498	1282	399	285	284
lcl|NC_053043.1_prot_XP_013464736.1_3409	GRMZM2G073351_T04.CDS	85.6	7.00e-180	498	1282	399	285	284
lcl|NC_053043.1_prot_XP_013464736.1_3409	GRMZM2G084958_T01.CDS	83.5	2.52e-173	481	1239	399	286	285
lcl|NC_053043.1_prot_XP_013464916.1_3628	At2g27820	80.6	1.23e-221	610	1574	426	425	396
lcl|NC_053043.1_prot_XP_013464916.1_3628	At1g08250	81.4	9.06e-219	603	1554	426	414	388
lcl|NC_053043.1_prot_XP_003596988.1_3774	At2g05710	86.0	0.0	1674	4335	979	991	959
lcl|NC_053043.1_prot_XP_003596988.1_3774	GRMZM2G020801_T01.CDS	88.8	0.0	1449	3750	979	798	792
lcl|NC_053043.1_prot_XP_003597071.1_3853	At3g23940	80.8	0.0	965	2495	598	609	609
lcl|NC_053043.1_prot_XP_039687052.1_3867	AtCg00020	92.1	1.66e-71	214	544	123	354	114
lcl|NC_053043.1_prot_XP_039686708.1_3963	AtCg01100	87.2	9.74e-106	304	778	185	361	179
lcl|NC_053043.1_prot_XP_039686707.1_3964	AtCg01100	83.7	2.56e-99	288	736	188	361	184
lcl|NC_053043.1_prot_XP_039686706.1_3965	AtCg01110	88.9	4.86e-236	642	1656	343	394	343
lcl|NC_053043.1_prot_XP_003597156.1_4120	At1g29900	82.7	0.0	1814	4698	1166	1188	1092
lcl|NC_053043.1_prot_XP_024632500.1_4162	At5g60600	85.4	0.0	1280	3311	740	742	740
lcl|NC_053043.1_prot_XP_024632941.1_4297	Potri.010G207200	92.9	4.27e-239	648	1672	351	347	340
lcl|NC_053043.1_prot_XP_024632941.1_4297	Potri.008G053100	92.1	2.36e-236	641	1654	351	347	340
lcl|NC_053043.1_prot_XP_024632941.1_4297	Potri.001G237200	91.8	3.91e-235	638	1646	351	347	342
lcl|NC_053043.1_prot_XP_003597351.1_4298	Potri.010G207200	92.9	4.27e-239	648	1672	351	347	340
lcl|NC_053043.1_prot_XP_003597351.1_4298	Potri.008G053100	92.1	2.36e-236	641	1654	351	347	340
lcl|NC_053043.1_prot_XP_003597351.1_4298	Potri.001G237200	91.8	3.91e-235	638	1646	351	347	342
lcl|NC_053043.1_prot_XP_003597553.1_4493	At4g29840	88.5	1.55e-307	837	2161	532	527	461
lcl|NC_053043.1_prot_XP_003597553.1_4493	At1g72810	86.5	1.02e-298	814	2102	532	517	465
lcl|NC_053043.1_prot_XP_003597590.1_4519	At1g17650	84.8	7.42e-168	468	1204	339	359	283
lcl|NC_053043.1_prot_XP_003597617.2_4544	AtCg00340	98.8	2.70e-54	181	460	230	735	83
lcl|NC_053043.1_prot_XP_013465511.1_4615	At1g79750	80.7	0.0	978	2528	675	647	600
lcl|NC_053043.1_prot_XP_003597704.1_4638	GRMZM2G088305_T01.CDS	81.1	8.61e-14	68.6	166	950	249	37
lcl|NC_053043.1_prot_XP_003597894.1_4784	At3g15730	80.8	0.0	1394	3607	809	811	812
lcl|NC_053043.1_prot_XP_024633019.1_4810	GRMZM2G088305_T01.CDS	87.5	1.09e-09	56.6	135	1166	249	32
lcl|NC_053043.1_prot_XP_003597932.3_4811	GRMZM2G088305_T01.CDS	87.5	1.11e-09	56.6	135	1187	249	32
lcl|NC_053043.1_prot_XP_003597933.2_4812	GRMZM2G088305_T01.CDS	87.5	1.11e-09	56.6	135	1188	249	32
lcl|NC_053043.1_prot_XP_024633020.1_4813	GRMZM2G088305_T01.CDS	87.5	1.06e-09	56.6	135	1134	249	32
lcl|NC_053045.1_prot_XP_039689426.1_62	AtCg01010	85.3	3.52e-197	560	1442	405	747	340
lcl|NC_053045.1_prot_XP_024638817.1_257	GRMZM2G088305_T01.CDS	100	3.44e-09	55.1	131	1138	249	27
lcl|NC_053045.1_prot_XP_003604345.2_258	GRMZM2G088305_T01.CDS	100	3.43e-09	55.1	131	1137	249	27
lcl|NC_053045.1_prot_XP_003604372.2_280	A0A7G2DUG9	87.2	3.98e-295	825	2131	600	963	470
lcl|NC_053045.1_prot_XP_039689358.1_299	At3g15730	82.0	0.0	1419	3674	808	811	810
lcl|NC_053045.1_prot_XP_039689359.1_300	At3g15730	82.0	0.0	1419	3674	808	811	810
lcl|NC_053045.1_prot_XP_003604419.2_301	At3g15730	82.0	0.0	1419	3674	808	811	810
lcl|NC_053045.1_prot_XP_024637877.1_321	At2g43090	82.2	6.85e-103	295	756	248	252	180
lcl|NC_053045.1_prot_XP_013454677.1_322	At2g43090	82.2	6.85e-103	295	756	248	252	180
lcl|NC_053045.1_prot_XP_003604519.2_459	Potri.016G126600	81.7	1.17e-64	188	477	115	116	115
lcl|NC_053045.1_prot_XP_003604519.2_459	Potri.006G104500	81.7	8.39e-57	168	426	115	122	104
lcl|NC_053045.1_prot_XP_013454808.1_460	Potri.006G104500	83.5	9.75e-69	199	505	121	122	121
lcl|NC_053045.1_prot_XP_013454808.1_460	Potri.016G126600	81.7	7.25e-56	166	420	121	116	104
lcl|NC_053045.1_prot_XP_003604563.1_502	A0AAD6MKV1	80.7	3.28e-91	283	724	250	860	181
lcl|NC_053045.1_prot_XP_039688931.1_609	Potri.006G020900	80.3	1.42e-34	120	300	102	515	71
lcl|NC_053045.1_prot_XP_003604724.1_618	Potri.006G102000	84.5	0.0	1434	3711	835	850	854
lcl|NC_053045.1_prot_XP_003604724.1_618	Potri.016G119300	84.7	0.0	1420	3677	835	855	859
lcl|NC_053045.1_prot_XP_003604737.1_623	Potri.016G120100	85.5	0.0	1052	2720	607	606	607
lcl|NC_053045.1_prot_XP_003604737.1_623	Potri.006G102500	83.7	0.0	1026	2654	607	606	607
lcl|NC_053045.1_prot_XP_003604737.1_623	Potri.011G064000	82.2	0.0	957	2475	607	594	562
lcl|NC_053045.1_prot_XP_003604737.1_623	Potri.T102400	82.0	0.0	956	2472	607	594	562
lcl|NC_053045.1_prot_XP_003604737.1_623	Potri.004G054100	81.9	0.0	952	2461	607	583	562
lcl|NC_053045.1_prot_XP_003604737.1_623	Potri.T143400	81.0	2.33e-196	550	1416	607	322	321
lcl|NC_053045.1_prot_XP_013454867.1_647	Potri.009G040200	94.4	1.38e-318	858	2216	449	451	447
lcl|NC_053045.1_prot_XP_013454867.1_647	Potri.003G125400	94.2	9.69e-318	855	2210	449	447	448
lcl|NC_053045.1_prot_XP_013454867.1_647	Potri.001G272800	94.1	5.39e-317	853	2205	449	446	443
lcl|NC_053045.1_prot_XP_013454867.1_647	Potri.001G464400	95.6	7.66e-317	853	2204	449	446	431
lcl|NC_053045.1_prot_XP_013454867.1_647	Potri.006G095000	94.5	1.49e-316	852	2202	449	445	439
lcl|NC_053045.1_prot_XP_013454867.1_647	Potri.001G106100	95.8	1.67e-316	852	2202	449	448	432
lcl|NC_053045.1_prot_XP_013454867.1_647	Potri.011G162500	94.9	3.12e-316	852	2200	449	446	434
lcl|NC_053045.1_prot_XP_013454867.1_647	Potri.009G067100	93.9	1.32e-315	850	2196	449	447	443
lcl|NC_053045.1_prot_XP_013454867.1_647	Potri.001G246900	95.8	1.48e-315	850	2196	449	450	432
lcl|NC_053045.1_prot_XP_013454867.1_647	Potri.016G033200	93.7	1.53e-315	850	2196	449	451	443
lcl|NC_053045.1_prot_XP_003604816.1_687	Potri.009G040200	95.1	0.0	870	2247	449	451	449
lcl|NC_053045.1_prot_XP_003604816.1_687	Potri.003G125400	96.8	0.0	869	2245	449	447	439
lcl|NC_053045.1_prot_XP_003604816.1_687	Potri.001G106100	95.7	0.0	867	2241	449	448	443
lcl|NC_053045.1_prot_XP_003604816.1_687	Potri.001G246900	96.6	0.0	865	2235	449	450	438
lcl|NC_053045.1_prot_XP_003604816.1_687	Potri.009G067200	95.0	0.0	865	2234	449	447	442
lcl|NC_053045.1_prot_XP_003604816.1_687	Potri.016G033200	95.7	0.0	865	2234	449	451	439
lcl|NC_053045.1_prot_XP_003604816.1_687	Potri.001G272800	95.4	0.0	865	2234	449	446	439
lcl|NC_053045.1_prot_XP_003604816.1_687	Potri.006G035400	95.7	8.43e-321	863	2230	449	449	439
lcl|NC_053045.1_prot_XP_003604816.1_687	Potri.006G095000	96.1	3.40e-320	862	2226	449	445	438
lcl|NC_053045.1_prot_XP_003604816.1_687	Potri.009G067100	95.2	6.78e-320	861	2224	449	447	439
lcl|NC_053045.1_prot_XP_003604818.1_688	Potri.009G040200	94.4	1.18e-319	860	2223	449	451	449
lcl|NC_053045.1_prot_XP_003604818.1_688	Potri.003G125400	96.3	2.88e-319	859	2220	449	447	438
lcl|NC_053045.1_prot_XP_003604818.1_688	Potri.001G106100	95.9	1.74e-318	857	2215	449	448	438
lcl|NC_053045.1_prot_XP_003604818.1_688	Potri.001G246900	96.1	2.67e-318	857	2214	449	450	438
lcl|NC_053045.1_prot_XP_003604818.1_688	Potri.016G033200	95.4	2.77e-318	857	2214	449	451	438
lcl|NC_053045.1_prot_XP_003604818.1_688	Potri.006G095000	95.7	4.45e-318	856	2212	449	445	437
lcl|NC_053045.1_prot_XP_003604818.1_688	Potri.006G035400	95.2	1.48e-317	855	2209	449	449	438
lcl|NC_053045.1_prot_XP_003604818.1_688	Potri.009G067200	94.3	1.95e-317	855	2208	449	447	442
lcl|NC_053045.1_prot_XP_003604818.1_688	Potri.001G272800	95.0	2.67e-317	854	2207	449	446	438
lcl|NC_053045.1_prot_XP_003604818.1_688	Potri.011G162500	94.9	4.43e-316	851	2199	449	446	434
lcl|NC_053045.1_prot_XP_024638203.1_775	GRMZM2G162282_T01.CDS	82.4	1.71e-253	695	1793	476	464	409
lcl|NC_053045.1_prot_XP_003604901.1_776	GRMZM2G162282_T01.CDS	82.4	1.71e-253	695	1793	476	464	409
lcl|NC_053045.1_prot_XP_003605138.1_943	Potri.014G068400	84.1	2.65e-270	734	1896	440	432	433
lcl|NC_053045.1_prot_XP_003605138.1_943	Potri.002G146500	83.3	1.25e-269	733	1892	440	436	436
lcl|NC_053045.1_prot_XP_003605140.1_945	At2g45290	83.5	0.0	1176	3041	735	742	686
lcl|NC_053045.1_prot_XP_003605140.1_945	At3g60750	85.1	0.0	1165	3013	735	742	664
lcl|NC_053045.1_prot_XP_024637093.2_1154	Potri.001G254001	84.4	4.41e-111	318	815	340	205	192
lcl|NC_053045.1_prot_XP_024637094.2_1155	Potri.001G254001	84.4	4.41e-111	318	815	340	205	192
lcl|NC_053045.1_prot_XP_039688562.1_1274	AtCg00430	94.4	6.69e-95	274	701	249	226	144
lcl|NC_053045.1_prot_XP_039688562.1_1274	GRMZM2G448142_T01.CDS	92.5	4.11e-93	271	692	249	255	147
lcl|NC_053045.1_prot_XP_039688562.1_1274	AtCg00420	86.9	3.71e-64	194	492	249	159	99
lcl|NC_053045.1_prot_XP_039689494.1_1277	AtCg00140	96.3	2.79e-45	136	343	81	82	81
lcl|NC_053045.1_prot_XP_039688564.1_1278	AtCg00120	92.5	0.0	882	2279	511	508	507
lcl|NC_053045.1_prot_XP_039689495.1_1283	AtCg00680	97.2	0.0	1041	2692	508	509	508
lcl|NC_053045.1_prot_XP_039688977.1_1293	AtCg01110	89.0	2.80e-85	261	667	393	394	145
lcl|NC_053045.1_prot_XP_039688981.1_1294	AtCg01100	83.2	1.46e-98	286	731	188	361	184
lcl|NC_053045.1_prot_XP_039688978.1_1295	AtCg00020	98.9	1.42e-262	708	1827	353	354	353
lcl|NC_053045.1_prot_XP_039688976.1_1296	AtCg00490	93.9	0.0	925	2391	482	480	475
lcl|NC_053045.1_prot_XP_039688976.1_1296	GRMZM2G360821_T01.CDS	92.3	0.0	920	2378	482	484	483
lcl|NC_053045.1_prot_XP_039688976.1_1296	GRMZM2G385635_T01.CDS	92.3	0.0	920	2378	482	484	483
lcl|NC_053045.1_prot_XP_039688976.1_1296	GRMZM2G448344_T01.CDS	92.3	0.0	920	2378	482	484	483
lcl|NC_053045.1_prot_XP_039688976.1_1296	GRMZM5G815453_T01.CDS	92.3	0.0	920	2378	482	484	483
lcl|NC_053045.1_prot_XP_039688983.1_1298	AtCg00420	86.9	4.18e-65	194	492	188	159	99
lcl|NC_053045.1_prot_XP_039688983.1_1298	AtCg00430	92.1	1.55e-52	164	415	188	226	89
lcl|NC_053045.1_prot_XP_039688983.1_1298	GRMZM2G448142_T01.CDS	89.1	8.09e-51	160	406	188	255	92
lcl|NC_053045.1_prot_XP_039688970.1_1300	AtCg00350	96.3	0.0	1509	3906	758	751	758
lcl|NC_053045.1_prot_XP_039688971.1_1301	AtCg00340	97.4	0.0	1499	3880	734	735	734
lcl|NC_053045.1_prot_XP_039688974.1_1302	AtCg00270	98.9	6.99e-261	723	1865	810	354	354
lcl|NC_053045.1_prot_XP_039688986.1_1306	AtCg00150	91.6	8.21e-161	442	1136	245	250	249
lcl|NC_053045.1_prot_XP_039688985.1_1307	AtCg00140	96.3	2.79e-45	136	343	81	82	81
lcl|NC_053045.1_prot_XP_039688568.1_1308	AtCg00120	92.5	0.0	882	2279	511	508	507
lcl|NC_053045.1_prot_XP_003605929.1_1851	At2g05710	85.5	0.0	1689	4375	979	991	981
lcl|NC_053045.1_prot_XP_003605929.1_1851	GRMZM2G020801_T01.CDS	88.1	0.0	1445	3740	979	798	792
lcl|NC_053045.1_prot_XP_013455790.1_1996	Potri.004G199600	84.1	1.36e-217	595	1534	350	378	346
lcl|NC_053045.1_prot_XP_003606257.1_2094	At2g27820	83.4	5.24e-223	613	1582	417	425	385
lcl|NC_053045.1_prot_XP_003606257.1_2094	At1g08250	81.5	5.77e-215	593	1528	417	414	389
lcl|NC_053045.1_prot_XP_013455882.1_2128	Potri.004G189900	88.2	1.54e-264	716	1848	390	390	390
lcl|NC_053045.1_prot_XP_013455882.1_2128	Potri.009G150600	87.3	2.73e-258	700	1807	390	390	386
lcl|NC_053045.1_prot_XP_013455946.2_2189	At2g21330	83.3	3.91e-240	655	1690	400	400	402
lcl|NC_053045.1_prot_XP_013455946.2_2189	At4g38970	84.0	3.09e-239	653	1684	400	399	399
lcl|NC_053045.1_prot_XP_003606503.1_2323	At3g07630	81.8	1.45e-175	490	1261	375	382	307
lcl|NC_053045.1_prot_XP_024638566.1_2423	Potri.010G207200	89.0	3.28e-230	625	1613	345	347	345
lcl|NC_053045.1_prot_XP_024638566.1_2423	Potri.001G237200	89.2	2.70e-229	623	1607	345	347	344
lcl|NC_053045.1_prot_XP_024638566.1_2423	Potri.008G053100	88.7	7.72e-229	622	1604	345	347	345
lcl|NC_053045.1_prot_XP_024638567.1_2424	Potri.010G207200	89.0	3.28e-230	625	1613	345	347	345
lcl|NC_053045.1_prot_XP_024638567.1_2424	Potri.001G237200	89.2	2.70e-229	623	1607	345	347	344
lcl|NC_053045.1_prot_XP_024638567.1_2424	Potri.008G053100	88.7	7.72e-229	622	1604	345	347	345
lcl|NC_053045.1_prot_XP_024638568.1_2425	Potri.010G207200	89.0	3.28e-230	625	1613	345	347	345
lcl|NC_053045.1_prot_XP_024638568.1_2425	Potri.001G237200	89.2	2.70e-229	623	1607	345	347	344
lcl|NC_053045.1_prot_XP_024638568.1_2425	Potri.008G053100	88.7	7.72e-229	622	1604	345	347	345
lcl|NC_053045.1_prot_XP_003606662.2_2426	Potri.010G207200	89.0	3.28e-230	625	1613	345	347	345
lcl|NC_053045.1_prot_XP_003606662.2_2426	Potri.001G237200	89.2	2.70e-229	623	1607	345	347	344
lcl|NC_053045.1_prot_XP_003606662.2_2426	Potri.008G053100	88.7	7.72e-229	622	1604	345	347	345
lcl|NC_053045.1_prot_XP_013456099.1_2436	GRMZM2G110063_T01.CDS	83.0	9.67e-142	404	1037	444	298	241
lcl|NC_053045.1_prot_XP_003606991.2_2818	A0A7G2DUG9	90.2	9.64e-67	214	546	160	963	123
lcl|NC_053045.1_prot_XP_003607065.1_2858	At2g21330	83.6	7.87e-240	654	1688	400	400	402
lcl|NC_053045.1_prot_XP_003607065.1_2858	At4g38970	84.2	6.22e-239	652	1682	400	399	399
lcl|NC_053045.1_prot_XP_003607080.1_2869	Potri.009G125100	88.0	9.55e-207	563	1451	309	310	309
lcl|NC_053045.1_prot_XP_013456535.1_3007	Potri.010G170000	88.8	0.0	1036	2679	567	564	561
lcl|NC_053045.1_prot_XP_013456535.1_3007	Potri.008G084800	88.8	0.0	1035	2676	567	564	561
lcl|NC_053045.1_prot_XP_003607298.1_3103	Potri.006G020900	82.7	6.97e-310	841	2173	513	515	510
lcl|NC_053045.1_prot_XP_003607298.1_3103	Potri.016G018500	80.8	6.04e-304	826	2134	513	515	510
lcl|NC_053045.1_prot_XP_003607331.1_3127	At5g08280	80.6	1.65e-194	538	1385	369	383	341
lcl|NC_053045.1_prot_XP_039688699.1_3325	AtCg00120	87.5	1.43e-53	172	436	140	508	104
lcl|NC_053045.1_prot_XP_003607572.1_3364	At3g58610	83.1	0.0	955	2469	580	592	590
lcl|NC_053045.1_prot_XP_003607572.1_3364	GRMZM2G004382_T02.CDS	81.9	0.0	932	2408	580	580	587
lcl|NC_053045.1_prot_XP_003607681.1_3442	GRMZM2G018375_T02.CDS	84.6	1.82e-177	493	1268	350	355	298
lcl|NC_053045.1_prot_XP_024637544.2_3550	Potri.008G094300	82.7	1.98e-299	812	2097	480	481	480
lcl|NC_053045.1_prot_XP_024637544.2_3550	Potri.010G159800	82.9	2.31e-298	809	2090	480	481	480
lcl|NC_053045.1_prot_XP_024637544.2_3550	Potri.017G092000	82.3	1.13e-296	805	2079	480	482	481
lcl|NC_053045.1_prot_XP_024637544.2_3550	Potri.004G118600	82.1	1.03e-292	795	2053	480	482	481
lcl|NC_053045.1_prot_XP_039689912.1_3551	Potri.008G094300	82.7	1.98e-299	812	2097	480	481	480
lcl|NC_053045.1_prot_XP_039689912.1_3551	Potri.010G159800	82.9	2.31e-298	809	2090	480	481	480
lcl|NC_053045.1_prot_XP_039689912.1_3551	Potri.017G092000	82.3	1.13e-296	805	2079	480	482	481
lcl|NC_053045.1_prot_XP_039689912.1_3551	Potri.004G118600	82.1	1.03e-292	795	2053	480	482	481
lcl|NC_053045.1_prot_XP_003607793.2_3552	Potri.008G094300	82.7	1.98e-299	812	2097	480	481	480
lcl|NC_053045.1_prot_XP_003607793.2_3552	Potri.010G159800	82.9	2.31e-298	809	2090	480	481	480
lcl|NC_053045.1_prot_XP_003607793.2_3552	Potri.017G092000	82.3	1.13e-296	805	2079	480	482	481
lcl|NC_053045.1_prot_XP_003607793.2_3552	Potri.004G118600	82.1	1.03e-292	795	2053	480	482	481
lcl|NC_053045.1_prot_XP_003607956.1_3720	A0AAV0MM90	82.6	0.0	906	2341	552	960	553
lcl|NC_053045.1_prot_XP_003608082.1_3814	At2g43710	83.0	1.36e-241	659	1699	393	402	393
lcl|NC_053045.1_prot_XP_003608082.1_3814	At3g02630	80.8	3.84e-226	619	1597	393	397	369
lcl|NC_053045.1_prot_XP_024638054.1_3820	At2g43750	82.5	5.54e-199	550	1417	383	393	337
lcl|NC_053045.1_prot_XP_003608107.2_3827	At2g30390	86.8	1.64e-34	119	299	96	523	68
lcl|NC_053045.1_prot_XP_013456899.1_3848	GRMZM2G419806_T03.CDS	83.6	2.71e-216	597	1538	420	423	372
lcl|NC_053045.1_prot_XP_013456899.1_3848	GRMZM2G419806_T01.CDS	83.6	5.79e-216	597	1538	420	444	372
lcl|NC_053045.1_prot_XP_013456899.1_3848	GRMZM2G419806_T02.CDS	83.6	1.03e-215	597	1538	420	460	372
lcl|NC_053045.1_prot_XP_024638207.1_3849	GRMZM2G419806_T03.CDS	84.3	6.25e-219	603	1555	417	423	369
lcl|NC_053045.1_prot_XP_024638207.1_3849	GRMZM2G419806_T01.CDS	84.3	1.34e-218	603	1555	417	444	369
lcl|NC_053045.1_prot_XP_024638207.1_3849	GRMZM2G419806_T02.CDS	84.3	2.38e-218	603	1555	417	460	369
lcl|NC_053045.1_prot_XP_003608321.1_4134	At4g33680	83.4	1.13e-281	765	1976	459	462	451
lcl|NC_053045.1_prot_XP_003608417.1_4214	Potri.004G091000	84.2	0.0	2125	5507	1266	1315	1248
lcl|NC_053045.1_prot_XP_003608443.2_4230	At5g64300	80.7	4.56e-272	748	1930	535	544	462
lcl|NC_053045.1_prot_XP_013457205.1_4268	At2g22230	81.3	4.51e-103	293	751	219	221	176
lcl|NC_053045.1_prot_XP_013457205.1_4268	At5g10160	82.9	4.80e-100	286	731	219	220	170
lcl|NC_053045.1_prot_XP_013457308.1_4386	Potri.001G464400	97.7	0.0	869	2245	444	446	431
lcl|NC_053045.1_prot_XP_013457308.1_4386	Potri.011G162500	97.2	0.0	868	2242	444	446	434
lcl|NC_053045.1_prot_XP_013457308.1_4386	Potri.006G095000	94.6	3.40e-320	861	2225	444	445	442
lcl|NC_053045.1_prot_XP_013457308.1_4386	Potri.009G040200	94.8	3.22e-318	857	2213	444	451	441
lcl|NC_053045.1_prot_XP_013457308.1_4386	Potri.003G125400	94.8	1.13e-317	855	2209	444	447	440
lcl|NC_053045.1_prot_XP_013457308.1_4386	Potri.001G106100	93.9	1.66e-317	855	2208	444	448	444
lcl|NC_053045.1_prot_XP_013457308.1_4386	Potri.001G246900	95.2	7.29e-317	853	2204	444	450	437
lcl|NC_053045.1_prot_XP_013457308.1_4386	Potri.016G033200	93.5	7.57e-317	853	2204	444	451	444
lcl|NC_053045.1_prot_XP_013457308.1_4386	Potri.009G067200	93.7	1.31e-316	852	2202	444	447	444
lcl|NC_053045.1_prot_XP_013457308.1_4386	Potri.009G067100	94.1	2.65e-316	852	2200	444	447	442
lcl|NC_053045.1_prot_XP_003608511.2_4450	At3g20330	83.2	4.01e-179	498	1281	336	391	298
lcl|NC_053045.1_prot_XP_013457362.1_4459	GRMZM2G087598_T01.CDS	88.2	0.0	1092	2824	694	678	645
lcl|NC_053045.1_prot_XP_013457362.1_4459	GRMZM2G087598_T03.CDS	88.2	0.0	1092	2824	694	678	645
lcl|NC_053045.1_prot_XP_013457362.1_4459	GRMZM2G110408_T02.CDS	88.1	0.0	1090	2819	694	678	645
lcl|NC_053045.1_prot_XP_013457362.1_4459	GRMZM2G110408_T01.CDS	88.1	0.0	1090	2819	694	678	645
lcl|NC_053045.1_prot_XP_013457362.1_4459	GRMZM2G110408_T03.CDS	88.1	0.0	1090	2819	694	678	645
lcl|NC_053045.1_prot_XP_013457362.1_4459	GRMZM2G087598_T02.CDS	85.2	3.70e-09	49.3	116	694	47	27
lcl|NC_053045.1_prot_XP_013457364.1_4460	Potri.001G159700	87.4	0.0	868	2244	492	487	492
lcl|NC_053045.1_prot_XP_013457364.1_4460	Potri.003G074700	86.2	1.60e-317	858	2218	492	489	492
lcl|NC_053045.1_prot_XP_013457413.1_4514	Potri.005G139800	85.3	0.0	961	2485	557	560	552
lcl|NC_053045.1_prot_XP_013457413.1_4514	Potri.007G045400	84.9	0.0	951	2458	557	560	544
lcl|NC_053045.1_prot_XP_003608651.2_4688	At2g35390	84.6	3.79e-226	620	1599	404	404	364
lcl|NC_053045.1_prot_XP_003608651.2_4688	At1g32380	84.4	1.25e-221	608	1569	404	401	365
lcl|NC_053045.1_prot_XP_003608651.2_4688	At2g44530	86.7	2.70e-198	549	1415	404	395	315
lcl|NC_053045.1_prot_XP_003608731.1_4817	Potri.001G122400	82.9	3.61e-211	578	1489	350	351	350
lcl|NC_053045.1_prot_XP_003608731.1_4817	Potri.003G111200	83.8	2.70e-164	456	1173	350	273	272
lcl|NC_053045.1_prot_XP_013457661.1_4910	Potri.003G120000	84.7	1.58e-189	519	1336	298	303	301
lcl|NC_053045.1_prot_XP_013457661.1_4910	Potri.001G112000	84.4	6.44e-189	517	1332	298	303	301
lcl|NC_053045.1_prot_XP_013457661.1_4910	Potri.011G103700	83.8	6.52e-172	488	1256	298	671	284
lcl|NC_053045.1_prot_XP_013457661.1_4910	Potri.001G383500	81.7	4.87e-169	481	1237	298	671	284
lcl|NC_053045.1_prot_XP_013457661.1_4910	Potri.006G272700	81.7	1.44e-168	479	1233	298	661	284
lcl|NC_053045.1_prot_XP_024637773.1_4945	At5g40870	84.1	9.24e-265	723	1867	454	487	421
lcl|NC_053045.1_prot_XP_024637773.1_4945	At3g27190	83.4	1.94e-263	720	1858	454	484	421
lcl|NC_053045.1_prot_XP_003608852.1_4951	At4g24830	86.8	1.11e-271	742	1916	478	495	424
lcl|NC_053045.1_prot_XP_003608928.1_5127	At1g74920	82.2	1.51e-320	867	2240	503	502	500
lcl|NC_053045.1_prot_XP_003609016.1_5214	At5g62530	80.2	0.0	937	2423	553	557	556
lcl|NC_053045.1_prot_XP_039689092.1_5263	At1g74470	82.4	9.65e-283	768	1984	462	468	465
lcl|NC_053045.1_prot_XP_024638816.1_5273	At5g61410	85.1	3.95e-169	466	1198	281	282	281
lcl|NC_053045.1_prot_XP_013458020.1_5387	Potri.012G063400	80.3	3.20e-177	489	1260	324	321	319
lcl|NC_053045.1_prot_XP_013458022.1_5388	Potri.012G063400	80.2	7.39e-181	499	1284	325	321	323
lcl|NC_053045.1_prot_XP_024637361.1_5589	GRMZM2G088305_T01.CDS	87.5	1.90e-09	55.8	133	1131	249	32
lcl|NC_053045.1_prot_XP_024637360.1_5590	GRMZM2G088305_T01.CDS	87.5	1.90e-09	55.8	133	1132	249	32
lcl|NC_053045.1_prot_XP_003609377.2_5591	GRMZM2G088305_T01.CDS	87.5	1.90e-09	55.8	133	1134	249	32
lcl|NC_053045.1_prot_XP_024637359.1_5592	GRMZM2G088305_T01.CDS	87.5	1.90e-09	55.8	133	1135	249	32
lcl|NC_053045.1_prot_XP_039689442.1_5810	At4g15530	81.6	0.0	1450	3754	948	964	889
lcl|NC_053045.1_prot_XP_039689443.1_5811	At4g15530	80.6	0.0	1421	3679	884	964	873
lcl|NC_053045.1_prot_XP_003609567.1_5823	At4g15560	86.1	0.0	1164	3010	717	718	669
lcl|NC_053045.1_prot_XP_013458264.1_5916	Potri.008G219650	83.1	5.05e-80	243	620	520	150	148
lcl|NC_053045.1_prot_XP_013458264.1_5916	Potri.T029700	83.0	9.12e-73	224	570	520	136	135
lcl|NC_053045.1_prot_XP_003609754.1_5976	GRMZM2G145595_T02.CDS	80.4	1.30e-314	857	2215	565	563	537
lcl|NC_053045.1_prot_XP_003609754.1_5976	GRMZM2G145595_T01.CDS	84.3	4.20e-171	482	1241	565	281	280
lcl|NC_053045.1_prot_XP_003609805.1_6013	Potri.010G148100	81.3	1.93e-296	806	2081	497	497	497
lcl|NC_053045.1_prot_XP_003609805.1_6013	Potri.008G102800	81.3	1.29e-294	801	2069	497	497	497
lcl|NC_053045.1_prot_XP_013458339.1_6041	At1g48030	85.2	2.56e-312	847	2187	502	508	508
lcl|NC_053045.1_prot_XP_013458339.1_6041	AT1G48030	85.2	2.56e-312	847	2187	502	508	508
lcl|NC_053045.1_prot_XP_013458339.1_6041	Potri.008G100800	84.0	2.47e-304	827	2135	502	512	511
lcl|NC_053045.1_prot_XP_003609880.1_6075	GRMZM2G044819_T02.CDS	80.4	0.0	890	2300	624	634	550
lcl|NC_053045.1_prot_XP_003609880.1_6075	GRMZM2G044819_T03.CDS	82.6	8.70e-275	755	1949	624	463	449
lcl|NC_053045.1_prot_XP_003609968.1_6160	At1g74960	83.8	5.17e-278	761	1964	491	542	437
lcl|NC_053045.1_prot_XP_013458437.1_6228	At4g29840	83.6	1.06e-287	785	2028	508	527	463
lcl|NC_053045.1_prot_XP_013458437.1_6228	At1g72810	81.5	8.49e-280	765	1975	508	517	466
lcl|NC_053045.1_prot_XP_013458563.1_6471	Potri.018G100400	85.6	1.45e-277	753	1943	434	432	425
lcl|NC_053045.1_prot_XP_013458563.1_6471	Potri.006G178500	85.1	6.57e-274	743	1919	434	432	422
lcl|NC_053045.1_prot_XP_003610300.1_6513	At1g09795	80.3	5.68e-213	586	1510	373	414	365
lcl|NC_053045.1_prot_XP_003610300.1_6513	At1g58080	82.6	1.23e-204	565	1455	373	412	339
lcl|NC_053045.1_prot_XP_024638531.1_6551	Potri.002G014366	85.9	6.72e-76	234	597	530	190	128
lcl|NC_053045.1_prot_XP_039688491.1_6552	Potri.002G014366	85.9	3.11e-76	234	597	500	190	128
lcl|NC_053045.1_prot_XP_024638532.1_6555	Potri.002G014366	85.9	6.72e-76	234	597	530	190	128
lcl|NC_053045.1_prot_XP_039688493.1_6556	Potri.002G014366	85.9	3.11e-76	234	597	500	190	128
lcl|NC_053045.1_prot_XP_003610456.1_6634	At1g11860	88.0	3.84e-273	741	1913	433	424	409
lcl|NC_053045.1_prot_XP_003610456.1_6634	AT1G11860	88.0	8.89e-273	739	1909	433	409	408
lcl|NC_053045.1_prot_XP_003610456.1_6634	A0A816UFB7	86.9	4.99e-260	733	1893	433	1103	413
lcl|NC_053045.1_prot_XP_003610457.2_6635	AT1G11860	88.0	9.04e-273	738	1906	407	409	408
lcl|NC_053045.1_prot_XP_003610457.2_6635	At1g11860	88.0	1.59e-272	738	1906	407	424	408
lcl|NC_053045.1_prot_XP_003610457.2_6635	A0A816UFB7	87.3	8.10e-259	729	1882	407	1103	409
lcl|NC_053045.1_prot_XP_013458662.2_6751	AT5G48230	81.1	3.92e-173	486	1251	410	404	307
lcl|NC_053044.1_prot_XP_003598002.1_10	Potri.009G052000	81.4	6.66e-197	540	1390	326	326	323
lcl|NC_053044.1_prot_XP_003598002.1_10	Potri.001G256400	80.2	4.98e-192	527	1358	326	326	323
lcl|NC_053044.1_prot_XP_039687629.1_91	AT5G48230	84.3	4.20e-240	655	1691	407	404	402
lcl|NC_053044.1_prot_XP_003598438.1_444	At2g35040	83.5	0.0	914	2363	594	597	551
lcl|NC_053044.1_prot_XP_039688207.1_445	At2g35040	85.5	0.0	912	2357	539	597	532
lcl|NC_053044.1_prot_XP_003598629.1_549	Potri.001G026300	80.8	1.11e-277	758	1957	478	510	473
lcl|NC_053044.1_prot_XP_003598765.2_669	A0A7G2DUG9	91.9	4.88e-67	215	548	159	963	123
lcl|NC_053044.1_prot_XP_024634441.1_968	AtCg00150	86.0	1.02e-131	372	956	346	250	222
lcl|NC_053044.1_prot_XP_024635433.1_1056	Potri.009G058600	85.5	1.12e-222	606	1563	340	347	339
lcl|NC_053044.1_prot_XP_024635433.1_1056	Potri.001G263700	83.2	5.06e-219	597	1539	340	347	339
lcl|NC_053044.1_prot_XP_003599380.1_1057	Potri.009G058600	85.5	1.12e-222	606	1563	340	347	339
lcl|NC_053044.1_prot_XP_003599380.1_1057	Potri.001G263700	83.2	5.06e-219	597	1539	340	347	339
lcl|NC_053044.1_prot_XP_024635435.1_1058	Potri.009G058600	87.2	1.29e-196	538	1387	297	347	296
lcl|NC_053044.1_prot_XP_024635435.1_1058	Potri.001G263700	84.8	1.01e-193	531	1368	297	347	296
lcl|NC_053044.1_prot_XP_039687831.1_1129	AtCg00490	94.2	1.59e-145	412	1058	243	480	207
lcl|NC_053044.1_prot_XP_039687831.1_1129	GRMZM2G360821_T01.CDS	92.3	9.73e-143	405	1040	243	484	207
lcl|NC_053044.1_prot_XP_039687831.1_1129	GRMZM2G385635_T01.CDS	92.3	9.73e-143	405	1040	243	484	207
lcl|NC_053044.1_prot_XP_039687831.1_1129	GRMZM2G448344_T01.CDS	92.3	9.73e-143	405	1040	243	484	207
lcl|NC_053044.1_prot_XP_039687831.1_1129	GRMZM5G815453_T01.CDS	92.3	9.73e-143	405	1040	243	484	207
lcl|NC_053044.1_prot_XP_039688201.1_1131	AtCg00350	95.9	0.0	1503	3890	774	751	758
lcl|NC_053044.1_prot_XP_039688202.1_1132	AtCg00340	97.4	0.0	1499	3880	734	735	734
lcl|NC_053044.1_prot_XP_039688204.1_1134	AtCg00890	96.6	1.18e-194	543	1400	492	390	291
lcl|NC_053044.1_prot_XP_039688205.1_1136	AtCg00490	89.6	7.57e-104	303	775	177	480	163
lcl|NC_053044.1_prot_XP_039688205.1_1136	GRMZM2G360821_T01.CDS	89.0	2.41e-103	301	772	177	484	164
lcl|NC_053044.1_prot_XP_039688205.1_1136	GRMZM2G385635_T01.CDS	89.0	2.41e-103	301	772	177	484	164
lcl|NC_053044.1_prot_XP_039688205.1_1136	GRMZM2G448344_T01.CDS	89.0	2.41e-103	301	772	177	484	164
lcl|NC_053044.1_prot_XP_039688205.1_1136	GRMZM5G815453_T01.CDS	89.0	2.41e-103	301	772	177	484	164
lcl|NC_053044.1_prot_XP_039687845.1_1267	A0A7G2DUG9	80.8	2.56e-22	89.4	220	176	963	52
lcl|NC_053044.1_prot_XP_003600159.1_1439	Potri.001G253300	86.8	7.58e-264	715	1846	401	402	401
lcl|NC_053044.1_prot_XP_003600159.1_1439	Potri.009G047700	85.7	8.28e-236	643	1658	401	365	363
lcl|NC_053044.1_prot_XP_003599947.1_1639	At5g54810	84.0	3.48e-273	744	1922	466	471	443
lcl|NC_053044.1_prot_XP_003599947.1_1639	At4g27070	80.9	5.95e-273	744	1921	466	476	470
lcl|NC_053044.1_prot_XP_003600046.1_1691	At4g27070	88.4	5.21e-269	732	1889	412	476	398
lcl|NC_053044.1_prot_XP_003600046.1_1691	At5g54810	88.2	2.50e-268	730	1884	412	471	398
lcl|NC_053044.1_prot_XP_013459819.1_1758	At4g26900	80.8	0.0	926	2393	581	593	572
lcl|NC_053044.1_prot_XP_013459818.1_1759	At4g26900	80.8	0.0	930	2404	582	593	572
lcl|NC_053044.1_prot_XP_024635987.1_2151	At3g46970	83.9	0.0	1431	3705	840	842	827
lcl|NC_053044.1_prot_XP_013460123.1_2152	At3g46970	83.9	0.0	1431	3705	840	842	827
lcl|NC_053044.1_prot_XP_024634968.1_2179	At2g29630	87.3	0.0	1168	3022	1203	645	646
lcl|NC_053044.1_prot_XP_013460168.1_2181	At2g29630	87.3	0.0	1167	3019	651	645	646
lcl|NC_053044.1_prot_XP_013460170.2_2182	At2g29630	86.4	0.0	1158	2995	650	645	645
lcl|NC_053044.1_prot_XP_024635272.1_2275	Potri.001G279100	81.1	0.0	1189	3076	741	749	755
lcl|NC_053044.1_prot_XP_024635272.1_2275	Potri.009G073800	80.3	0.0	1172	3033	741	750	758
lcl|NC_053044.1_prot_XP_013460301.1_2276	Potri.001G279100	81.6	0.0	1195	3092	736	749	750
lcl|NC_053044.1_prot_XP_013460301.1_2276	Potri.009G073800	80.9	0.0	1179	3049	736	750	753
lcl|NC_053044.1_prot_XP_013460400.1_2390	At2g45150	80.5	1.19e-159	447	1149	266	431	266
lcl|NC_053044.1_prot_XP_003600653.2_2582	Potri.004G075300	84.8	1.21e-319	865	2235	508	501	508
lcl|NC_053044.1_prot_XP_003600653.2_2582	Potri.004G075200	84.1	1.54e-317	860	2221	508	499	511
lcl|NC_053044.1_prot_XP_003600653.2_2582	Potri.T059200	83.1	4.76e-316	856	2211	508	497	508
lcl|NC_053044.1_prot_XP_003600653.2_2582	Potri.008G141100	82.3	5.08e-307	833	2153	508	509	514
lcl|NC_053044.1_prot_XP_003600653.2_2582	Potri.010G100500	82.4	1.20e-306	832	2150	508	504	505
lcl|NC_053044.1_prot_XP_003600702.1_2624	At3g17820	85.3	1.22e-239	650	1677	356	355	353
lcl|NC_053044.1_prot_XP_003600702.1_2624	At1g48470	80.6	6.05e-226	615	1587	356	354	350
lcl|NC_053044.1_prot_XP_013460697.1_2726	GRMZM2G162282_T01.CDS	81.1	2.03e-225	622	1604	436	464	371
lcl|NC_053044.1_prot_XP_003600853.1_2809	At3g55800	80.5	3.47e-229	627	1616	387	394	394
lcl|NC_053044.1_prot_XP_013460855.1_3040	At1g22170	82.6	3.08e-165	461	1185	345	335	276
lcl|NC_053044.1_prot_XP_039687405.1_3138	Potri.015G088500	89.1	5.47e-154	431	1108	323	329	247
lcl|NC_053044.1_prot_XP_013460957.1_3139	Potri.015G088500	89.1	5.47e-154	431	1108	323	329	247
lcl|NC_053044.1_prot_XP_003601157.1_3174	At2g34590	82.1	1.48e-235	644	1661	403	407	407
lcl|NC_053044.1_prot_XP_003601157.1_3174	At1g30120	80.4	5.74e-233	637	1644	403	407	413
lcl|NC_053044.1_prot_XP_003601341.1_3358	At5g20980	81.1	0.0	1244	3219	813	813	766
lcl|NC_053044.1_prot_XP_039687459.1_3359	At5g20980	81.0	0.0	1244	3220	812	813	767
lcl|NC_053044.1_prot_XP_039687460.1_3360	At5g20980	81.0	0.0	1242	3214	769	813	765
lcl|NC_053044.1_prot_XP_003601480.1_3515	At5g48300	86.2	0.0	881	2277	514	521	520
lcl|NC_053044.1_prot_XP_003601662.1_3663	Potri.017G059100	82.4	5.32e-278	755	1950	447	457	455
lcl|NC_053044.1_prot_XP_003601662.1_3663	Potri.001G320000	82.9	2.24e-277	754	1946	447	458	457
lcl|NC_053044.1_prot_XP_003601687.1_3675	Potri.017G059400	92.4	0.0	904	2336	485	486	485
lcl|NC_053044.1_prot_XP_003601687.1_3675	Potri.001G320500	92.2	0.0	897	2319	485	486	485
lcl|NC_053044.1_prot_XP_024633627.1_3705	At4g14210	86.1	0.0	941	2432	582	567	527
lcl|NC_053044.1_prot_XP_003601820.1_3784	GRMZM2G043602_T01.CDS	83.9	8.12e-126	355	912	320	226	218
lcl|NC_053044.1_prot_XP_003602068.1_3961	At1g69740	86.3	2.39e-231	635	1637	413	431	364
lcl|NC_053044.1_prot_XP_039687574.1_3962	At1g69740	84.8	2.96e-193	536	1381	363	431	310
lcl|NC_053044.1_prot_XP_013461321.1_4017	Potri.005G183200	84.2	2.53e-05	38.9	89	600	67	19
lcl|NC_053044.1_prot_XP_003602215.1_4135	Potri.012G002600	81.8	3.58e-225	614	1583	358	362	351
lcl|NC_053044.1_prot_XP_013461618.1_4583	At2g30390	81.5	2.45e-255	704	1817	528	523	438
lcl|NC_053044.1_prot_XP_024634938.1_4649	GRMZM2G123922_T01.CDS	85.9	0.0	1489	3854	922	922	921
lcl|NC_053044.1_prot_XP_024634938.1_4649	GRMZM2G009443_T01.CDS	83.5	0.0	1459	3778	922	922	922
lcl|NC_053044.1_prot_XP_024634938.1_4649	GRMZM2G001084_T01.CDS	83.7	0.0	1149	2971	922	897	734
lcl|NC_053044.1_prot_XP_013461653.1_4650	GRMZM2G123922_T01.CDS	85.9	0.0	1489	3854	922	922	921
lcl|NC_053044.1_prot_XP_013461653.1_4650	GRMZM2G009443_T01.CDS	83.5	0.0	1459	3778	922	922	922
lcl|NC_053044.1_prot_XP_013461653.1_4650	GRMZM2G001084_T01.CDS	83.7	0.0	1149	2971	922	897	734
lcl|NC_053044.1_prot_XP_003602806.1_4703	At3g48560	81.9	0.0	996	2574	651	671	597
lcl|NC_053044.1_prot_XP_003602964.2_4849	At5g52520	82.0	0.0	887	2292	542	544	543
lcl|NC_053044.1_prot_XP_003603098.1_4944	Potri.014G022900	80.2	5.27e-189	520	1338	322	329	328
lcl|NC_053044.1_prot_XP_003603098.1_4944	Potri.002G122900	80.2	2.49e-187	515	1327	322	329	328
lcl|NC_053044.1_prot_XP_013461759.2_4977	GRMZM2G123922_T01.CDS	85.0	0.0	1482	3837	927	922	926
lcl|NC_053044.1_prot_XP_013461759.2_4977	GRMZM2G009443_T01.CDS	83.1	0.0	1441	3731	927	922	918
lcl|NC_053044.1_prot_XP_013461759.2_4977	GRMZM2G001084_T01.CDS	82.4	0.0	1137	2942	927	897	733
lcl|NC_053044.1_prot_XP_003603190.1_5096	At5g12040	82.7	2.26e-195	539	1388	357	370	324
lcl|NC_053044.1_prot_XP_003603511.1_5349	At3g57560	82.1	3.25e-157	441	1133	340	348	280
lcl|NC_053044.1_prot_XP_013462050.1_5514	At1g79750	80.5	0.0	940	2429	578	647	569
lcl|NC_053044.1_prot_XP_013462140.1_5641	At1g27680	80.4	1.95e-282	773	1995	530	519	469
lcl|NC_053044.1_prot_XP_003603765.1_5746	Potri.015G038800	93.2	5.40e-317	853	2205	450	445	443
lcl|NC_053044.1_prot_XP_003603765.1_5746	Potri.009G067200	93.9	1.18e-316	853	2203	450	447	442
lcl|NC_053044.1_prot_XP_003603765.1_5746	Potri.012G047600	92.8	6.30e-316	851	2198	450	445	443
lcl|NC_053044.1_prot_XP_003603765.1_5746	Potri.009G067100	93.3	6.80e-316	851	2198	450	447	445
lcl|NC_053044.1_prot_XP_003603765.1_5746	Potri.005G239900	93.1	1.08e-315	850	2197	450	450	448
lcl|NC_053044.1_prot_XP_003603765.1_5746	Potri.016G033200	92.8	1.12e-315	850	2197	450	451	445
lcl|NC_053044.1_prot_XP_003603765.1_5746	Potri.006G035400	92.8	4.24e-315	849	2193	450	449	442
lcl|NC_053044.1_prot_XP_003603765.1_5746	Potri.001G464400	95.1	1.08e-314	848	2190	450	446	432
lcl|NC_053044.1_prot_XP_003603765.1_5746	Potri.011G162500	94.3	1.54e-314	847	2189	450	446	436
lcl|NC_053044.1_prot_XP_003603765.1_5746	Potri.002G021800	92.4	1.47e-313	845	2183	450	450	448
lcl|NC_053044.1_prot_XP_003603838.1_5795	A0A835DMJ9	82.8	1.34e-232	641	1653	360	565	360
lcl|NC_053044.1_prot_XP_013462252.1_5822	GRMZM2G126361_T02.CDS	90.3	0.0	1056	2731	706	689	610
lcl|NC_053044.1_prot_XP_013462252.1_5822	GRMZM2G126361_T03.CDS	90.3	0.0	1056	2731	706	689	610
lcl|NC_053044.1_prot_XP_013462252.1_5822	GRMZM2G126361_T01.CDS	83.0	5.99e-145	424	1091	706	379	270
lcl|NC_053044.1_prot_XP_003603851.1_5861	At1g42970	84.3	3.48e-275	748	1931	451	448	453
lcl|NC_053044.1_prot_XP_003604059.1_6022	At5g63570	81.1	2.18e-266	728	1878	468	475	440
lcl|NC_053047.1_prot_XP_003618179.1_103	At5g14590	86.6	2.53e-276	754	1946	482	486	418
lcl|NC_053047.1_prot_XP_013450814.2_171	At3g01480	82.9	3.80e-237	653	1685	496	438	392
lcl|NC_053047.1_prot_XP_013450890.1_239	At2g04700	86.4	6.93e-78	224	570	144	147	118
lcl|NC_053047.1_prot_XP_003618609.1_470	GRMZM2G162968_T01.CDS	85.4	0.0	1448	3748	974	975	896
lcl|NC_053047.1_prot_XP_003618609.1_470	GRMZM2G130121_T01.CDS	82.9	0.0	995	2573	974	654	644
lcl|NC_053047.1_prot_XP_039682521.1_651	At1g19920	81.6	5.81e-47	152	383	87	477	87
lcl|NC_053047.1_prot_XP_039682521.1_651	At3g22890	81.1	1.24e-39	132	332	87	464	74
lcl|NC_053047.1_prot_XP_013451165.1_652	GRMZM2G158147_T01.CDS	80.2	2.04e-255	701	1808	486	476	414
lcl|NC_053047.1_prot_XP_024642072.1_816	At5g40610	80.3	5.63e-212	583	1503	381	401	371
lcl|NC_053047.1_prot_XP_003618911.1_988	At3g56490	84.5	5.43e-89	252	644	153	148	148
lcl|NC_053047.1_prot_XP_013451528.1_1039	At5g16715	81.7	0.0	1559	4036	980	975	926
lcl|NC_053047.1_prot_XP_024641988.1_1040	At5g16715	81.0	0.0	1258	3254	801	975	757
lcl|NC_053047.1_prot_XP_013451880.1_1311	GRMZM2G001904_T01.CDS	80.5	1.52e-94	275	704	345	180	174
lcl|NC_053047.1_prot_XP_039691191.1_1414	AtCg00020	98.6	5.80e-262	706	1823	353	354	353
lcl|NC_053047.1_prot_XP_039691190.1_1415	AtCg01010	83.9	5.33e-125	377	969	474	747	230
lcl|NC_053047.1_prot_XP_039691210.1_1450	AtCg01100	82.6	1.68e-97	283	724	188	361	184
lcl|NC_053047.1_prot_XP_013452221.1_1593	At5g52570	82.5	3.45e-125	357	915	314	304	211
lcl|NC_053047.1_prot_XP_039690931.1_1595	GRMZM2G009443_T01.CDS	85.1	2.26e-81	254	648	158	922	154
lcl|NC_053047.1_prot_XP_039690931.1_1595	GRMZM2G123922_T01.CDS	84.4	1.18e-80	252	643	158	922	154
lcl|NC_053047.1_prot_XP_039691188.1_1729	AtCg00490	93.3	0.0	915	2364	475	480	475
lcl|NC_053047.1_prot_XP_039691188.1_1729	GRMZM2G360821_T01.CDS	92.4	0.0	906	2341	475	484	476
lcl|NC_053047.1_prot_XP_039691188.1_1729	GRMZM2G385635_T01.CDS	92.4	0.0	906	2341	475	484	476
lcl|NC_053047.1_prot_XP_039691188.1_1729	GRMZM2G448344_T01.CDS	92.4	0.0	906	2341	475	484	476
lcl|NC_053047.1_prot_XP_039691188.1_1729	GRMZM5G815453_T01.CDS	92.4	0.0	906	2341	475	484	476
lcl|NC_053047.1_prot_XP_039682918.1_1730	AtCg00480	90.4	9.70e-179	498	1283	281	499	280
lcl|NC_053047.1_prot_XP_039682918.1_1730	GRMZM2G062854_T01.CDS	87.1	1.78e-172	479	1233	281	410	280
lcl|NC_053047.1_prot_XP_039682918.1_1730	GRMZM2G385622_T01.CDS	87.1	3.80e-171	479	1233	281	499	280
lcl|NC_053047.1_prot_XP_039682918.1_1730	GRMZM5G808402_T01.CDS	87.1	3.80e-171	479	1233	281	499	280
lcl|NC_053047.1_prot_XP_039682918.1_1730	GRMZM2G448389_T01.CDS	86.8	1.54e-170	478	1229	281	499	280
lcl|NC_053047.1_prot_XP_039682918.1_1730	GRMZM2G448142_T03.CDS	93.1	9.85e-128	367	942	281	449	202
lcl|NC_053047.1_prot_XP_039682918.1_1730	GRMZM2G448142_T02.CDS	93.1	9.85e-128	367	942	281	449	202
lcl|NC_053047.1_prot_XP_003620731.1_1998	Potri.003G120300	81.0	4.47e-275	749	1933	459	465	448
lcl|NC_053047.1_prot_XP_003620731.1_1998	Potri.001G111700	80.6	4.47e-275	749	1933	459	465	448
lcl|NC_053047.1_prot_XP_003620731.1_1998	Potri.003G120400	87.6	6.99e-164	459	1180	459	255	250
lcl|NC_053047.1_prot_XP_003619869.1_2382	At3g17820	86.1	2.30e-244	662	1708	356	355	353
lcl|NC_053047.1_prot_XP_003619869.1_2382	At1g48470	80.6	2.57e-227	619	1596	356	354	350
lcl|NC_053047.1_prot_XP_003619878.1_2387	At3g17810	82.6	4.95e-242	662	1708	424	427	402
lcl|NC_053047.1_prot_XP_024642359.1_2892	Potri.009G125100	89.4	7.73e-24	91.3	225	164	310	47
