lcl|NC_001320.1_prot_NP_039360.1_2	AtCg00020	98.9	4.08e-262	707	1824	353	354	353
lcl|NC_001320.1_prot_NP_039361.2_3	GRMZM5G836994_T01.CDS	87.8	0.0	898	2321	511	545	510
lcl|NC_001320.1_prot_NP_039364.1_6	AtCg00080	97.2	6.95e-20	69.3	168	36	37	36
lcl|NC_001320.1_prot_NP_039366.1_8	AtCg00270	98.0	1.09e-266	718	1854	353	354	353
lcl|NC_001320.1_prot_NP_039367.1_9	AtCg00280	96.4	0.0	955	2469	473	474	473
lcl|NC_001320.1_prot_NP_039368.1_10	AtCg00300	90.3	2.07e-34	107	268	62	63	62
lcl|NC_001320.1_prot_NP_039371.1_13	AtCg00220	100	6.97e-17	61.6	148	34	35	34
lcl|NC_001320.1_prot_NP_039377.1_19	AtCg00150	91.2	2.38e-165	453	1166	247	250	249
lcl|NC_001320.1_prot_NP_039378.1_20	AtCg00140	97.5	2.38e-46	139	350	81	82	81
lcl|NC_001320.1_prot_NP_039380.1_22	AtCg00120	86.9	4.74e-300	816	2107	507	508	505
lcl|NC_001320.1_prot_NP_039382.1_24	AtCg00340	96.7	0.0	1501	3885	734	735	734
lcl|NC_001320.1_prot_NP_039383.1_25	AtCg00350	95.5	0.0	1496	3872	750	751	750
lcl|NC_001320.1_prot_NP_039386.1_28	AtCg00420	81.5	1.58e-101	285	728	159	159	157
lcl|NC_001320.1_prot_NP_039387.2_29	GRMZM2G448142_T01.CDS	95.2	1.18e-149	413	1061	225	255	227
lcl|NC_001320.1_prot_NP_039387.2_29	AtCg00430	84.0	8.42e-134	372	954	225	226	225
lcl|NC_001320.1_prot_NP_039388.1_30	AtCg00440	85.8	1.98e-72	208	529	120	121	120
lcl|NC_001320.1_prot_NP_039389.1_31	GRMZM2G448142_T03.CDS	94.9	1.45e-45	150	378	137	449	79
lcl|NC_001320.1_prot_NP_039389.1_31	GRMZM2G448142_T02.CDS	94.9	1.45e-45	150	378	137	449	79
lcl|NC_001320.1_prot_NP_039390.1_32	GRMZM2G385622_T01.CDS	97.4	0.0	933	2412	498	499	498
lcl|NC_001320.1_prot_NP_039390.1_32	GRMZM5G808402_T01.CDS	97.4	0.0	933	2412	498	499	498
lcl|NC_001320.1_prot_NP_039390.1_32	GRMZM2G448389_T01.CDS	97.2	0.0	932	2408	498	499	498
lcl|NC_001320.1_prot_NP_039390.1_32	AtCg00480	91.8	0.0	872	2254	498	499	498
lcl|NC_001320.1_prot_NP_039390.1_32	GRMZM2G062854_T01.CDS	97.1	6.40e-283	768	1983	498	410	409
lcl|NC_001320.1_prot_NP_039390.1_32	GRMZM2G448142_T03.CDS	98.6	6.92e-255	699	1803	498	449	368
lcl|NC_001320.1_prot_NP_039390.1_32	GRMZM2G448142_T02.CDS	98.6	6.92e-255	699	1803	498	449	368
lcl|NC_001320.1_prot_NP_039391.1_33	GRMZM2G360821_T01.CDS	95.0	0.0	937	2422	477	484	476
lcl|NC_001320.1_prot_NP_039391.1_33	GRMZM2G385635_T01.CDS	95.0	0.0	937	2422	477	484	476
lcl|NC_001320.1_prot_NP_039391.1_33	GRMZM2G448344_T01.CDS	95.0	0.0	937	2422	477	484	476
lcl|NC_001320.1_prot_NP_039391.1_33	GRMZM5G815453_T01.CDS	95.0	0.0	937	2422	477	484	476
lcl|NC_001320.1_prot_NP_039391.1_33	AtCg00490	93.9	0.0	936	2418	477	480	476
lcl|NC_001320.1_prot_NP_039395.1_37	AtCg00510	93.5	3.84e-15	57.4	137	36	38	31
lcl|NC_001320.1_prot_NP_039400.1_42	AtCg00550	90.0	2.26e-22	75.9	185	40	41	40
lcl|NC_001320.1_prot_NP_039401.1_43	AtCg00560	97.4	1.40e-22	76.3	186	38	39	38
lcl|NC_001320.1_prot_NP_039402.1_44	AtCg00570	97.4	6.30e-24	79.7	195	39	40	39
lcl|NC_001320.1_prot_NP_039403.1_45	AtCg00580	97.6	1.64e-56	165	417	83	84	83
lcl|NC_001320.1_prot_NP_039406.1_48	AtCg00630	88.6	1.55e-26	86.7	213	44	45	44
lcl|NC_001320.1_prot_NP_039411.1_54	AtCg00680	95.5	0.0	1021	2641	508	509	508
lcl|NC_001320.1_prot_NP_039412.1_55	AtCg00690	93.9	1.02e-16	61.2	147	35	34	33
lcl|NC_001320.1_prot_NP_039413.1_56	AtCg00700	97.7	4.17e-26	85.5	210	43	44	43
lcl|NC_001320.1_prot_NP_039414.1_57	AtCg00710	90.4	8.85e-43	129	325	73	74	73
lcl|NC_001320.1_prot_NP_039432.1_75	AtCg00890	94.8	7.02e-262	714	1844	510	390	387
lcl|NC_001320.1_prot_NP_039440.1_83	AtCg01110	85.7	1.81e-30	105	262	56	394	56
lcl|NC_001320.1_prot_NP_039444.1_87	GRMZM5G800096_T01.CDS	95.6	0.0	944	2440	500	516	500
lcl|NC_001320.1_prot_NP_039445.1_88	AtCg01060	93.8	4.28e-40	123	309	81	82	81
lcl|NC_001320.1_prot_NP_039448.1_91	AtCg01090	82.4	5.92e-89	254	649	178	173	165
lcl|NC_001320.1_prot_NP_039449.1_92	AtCg01100	80.2	2.09e-197	544	1401	362	361	363
lcl|NC_001320.1_prot_NP_039450.1_93	AtCg01110	85.5	1.59e-261	709	1829	393	394	393
lcl|NC_001320.1_prot_NP_039459.1_101	AtCg00890	94.8	7.02e-262	714	1844	510	390	387
lcl|NC_029264.1_prot_XP_015651167.1_205	AT5G48230	80.4	2.04e-227	623	1607	401	404	398
lcl|NC_029264.1_prot_XP_015612224.1_405	At5g48300	87.4	3.71e-303	824	2128	500	521	459
lcl|NC_029264.1_prot_XP_015610662.1_499	GRMZM2G031461_T01.CDS	83.9	1.47e-201	554	1428	366	354	316
lcl|NC_029264.1_prot_XP_015651451.1_533	GRMZM2G047592_T02.CDS	88.7	1.53e-207	566	1458	319	316	319
lcl|NC_029264.1_prot_XP_015651451.1_533	GRMZM2G047592_T03.CDS	88.8	3.01e-101	291	746	319	184	169
lcl|NC_029264.1_prot_XP_015651451.1_533	GRMZM2G047592_T01.CDS	88.6	4.21e-68	205	522	319	130	123
lcl|NC_029264.1_prot_XP_015611137.1_578	GRMZM2G053466_T05.CDS	89.5	7.01e-37	131	329	292	365	76
lcl|NC_029264.1_prot_XP_015611137.1_578	Potri.005G070300	82.9	3.10e-32	121	304	292	612	76
lcl|NC_029264.1_prot_XP_015611137.1_578	Potri.007G098600	81.6	1.46e-31	119	299	292	612	76
lcl|NC_029264.1_prot_XP_015612055.1_753	At1g74030	87.6	3.53e-278	758	1957	479	478	429
lcl|NC_029264.1_prot_XP_015611851.1_1031	GRMZM2G142873_T01.CDS	85.3	2.25e-313	852	2200	535	530	544
lcl|NC_029264.1_prot_XP_015611851.1_1031	GRMZM2G142873_T02.CDS	84.3	3.69e-255	701	1810	535	460	466
lcl|NC_029264.1_prot_XP_015611622.1_1199	GRMZM2G086714_T01.CDS	83.2	2.60e-244	679	1751	708	405	393
lcl|NC_029264.1_prot_XP_015612110.1_1224	At1g50480	85.5	0.0	1097	2838	707	635	633
lcl|NC_029264.1_prot_XP_025876129.1_1239	At2g05710	87.1	1.81e-14	65.9	159	152	991	31
lcl|NC_029264.1_prot_XP_015611795.1_1349	At4g24620	84.3	0.0	951	2459	625	614	542
lcl|NC_029264.1_prot_XP_015611871.1_1468	At1g55670	81.9	8.94e-60	178	452	141	161	105
lcl|NC_029264.1_prot_XP_015612382.1_1490	GRMZM5G802566_T02.CDS	80.4	1.65e-198	550	1417	365	443	352
lcl|NC_029264.1_prot_XP_015612382.1_1490	GRMZM5G802566_T05.CDS	80.4	9.62e-198	550	1417	365	493	352
lcl|NC_029264.1_prot_XP_015611662.1_1659	GRMZM5G866100_T01.CDS	87.9	0.0	877	2267	504	491	504
lcl|NC_029264.1_prot_XP_015611663.1_1660	GRMZM5G866100_T01.CDS	89.3	0.0	885	2286	496	491	496
lcl|NC_029264.1_prot_XP_015612633.1_1803	Potri.003G120400	85.7	8.05e-160	449	1155	476	255	251
lcl|NC_029264.1_prot_XP_015612522.1_1951	At5g66120	82.9	1.38e-229	632	1630	443	443	385
lcl|NC_029264.1_prot_XP_015611606.1_2221	At1g08250	85.9	4.16e-191	532	1370	407	414	313
lcl|NC_029262.1_prot_XP_015646521.1_1	GRMZM2G120652_T01.CDS	93.7	1.36e-208	572	1475	318	414	319
lcl|NC_029262.1_prot_XP_015646521.1_1	GRMZM5G850015_T01.CDS	92.2	2.61e-206	563	1450	318	318	319
lcl|NC_029262.1_prot_XP_015646972.1_66	At1g23310	84.7	1.74e-306	830	2144	485	482	478
lcl|NC_029262.1_prot_XP_015646972.1_66	At1g70580	84.9	2.47e-306	830	2143	485	482	478
lcl|NC_029262.1_prot_XP_015647690.1_310	Potri.006G022000	80.9	1.06e-231	634	1636	421	391	392
lcl|NC_029262.1_prot_XP_015647690.1_310	Potri.016G020000	80.1	4.28e-154	433	1114	421	278	277
lcl|NC_029262.1_prot_XP_025882758.1_372	GRMZM2G013236_T05.CDS	95.1	4.36e-302	855	2209	1473	450	449
lcl|NC_029262.1_prot_XP_025882758.1_372	GRMZM2G013236_T02.CDS	95.8	2.94e-261	748	1930	1473	386	385
lcl|NC_029262.1_prot_XP_025882758.1_372	GRMZM2G013236_T04.CDS	97.0	3.62e-221	642	1656	1473	336	329
lcl|NC_029262.1_prot_XP_025882758.1_372	GRMZM2G013236_T01.CDS	93.8	9.83e-154	462	1188	1473	243	242
lcl|NC_029262.1_prot_XP_025882758.1_372	GRMZM2G013236_T03.CDS	95.2	2.87e-115	356	914	1473	193	186
lcl|NC_029262.1_prot_XP_015647386.1_400	GRMZM2G025977_T03.CDS	85.0	3.29e-231	632	1629	391	387	387
lcl|NC_029262.1_prot_XP_015647386.1_400	GRMZM2G025977_T02.CDS	85.0	3.29e-231	632	1629	391	387	387
lcl|NC_029262.1_prot_XP_015647386.1_400	GRMZM2G025977_T01.CDS	85.0	3.29e-231	632	1629	391	387	387
lcl|NC_029262.1_prot_XP_015647385.1_448	Potri.018G056200	81.5	1.36e-77	227	578	188	200	124
lcl|NC_029262.1_prot_XP_015647822.1_491	At5g52520	83.5	6.89e-307	836	2160	545	544	478
lcl|NC_029262.1_prot_XP_015647744.1_613	At3g22960	84.9	3.42e-317	866	2237	578	597	509
lcl|NC_029262.1_prot_XP_015644696.1_659	GRMZM2G147819_T01.CDS	82.5	0.0	1024	2648	699	697	704
lcl|NC_029262.1_prot_XP_015645316.1_733	Os07g0197100	100	0.0	933	2412	509	509	509
lcl|NC_029262.1_prot_XP_015646524.1_773	At3g04870	82.9	0.0	905	2339	578	559	520
lcl|NC_029262.1_prot_XP_015644859.1_939	GRMZM2G063258_T03.CDS	82.2	1.30e-232	639	1648	440	428	438
lcl|NC_029262.1_prot_XP_015644859.1_939	At2g40690	80.3	2.48e-200	557	1435	440	421	361
lcl|NC_029262.1_prot_XP_015644859.1_939	GRMZM2G063258_T04.CDS	92.8	1.97e-156	439	1129	440	255	251
lcl|NC_029262.1_prot_XP_015645234.1_1020	Os07g0247100	100	1.80e-260	703	1814	357	357	357
lcl|NC_029262.1_prot_XP_015648003.1_1234	At5g14060	80.0	1.08e-261	723	1866	573	545	465
lcl|NC_029262.1_prot_XP_015648002.1_1235	At5g14060	80.2	1.06e-264	731	1886	575	545	465
lcl|NC_029262.1_prot_XP_015647088.1_1244	GRMZM2G177077_T01.CDS	88.2	0.0	1020	2637	588	599	594
lcl|NC_029262.1_prot_XP_015647088.1_1244	At5g13110	87.7	0.0	882	2279	588	597	489
lcl|NC_029262.1_prot_XP_015647088.1_1244	At1g24280	87.3	2.08e-319	872	2253	588	600	489
lcl|NC_029262.1_prot_XP_015647088.1_1244	At5g35790	84.2	1.96e-309	846	2185	588	577	486
lcl|NC_029262.1_prot_XP_015644580.1_1252	Potri.010G094600	87.5	4.92e-196	538	1385	323	336	296
lcl|NC_029262.1_prot_XP_015644580.1_1252	Potri.008G147200	85.8	3.82e-193	529	1363	323	307	296
lcl|NC_029262.1_prot_XP_015647314.1_1372	At2g20260	82.8	2.90e-35	116	290	149	146	64
lcl|NC_029262.1_prot_XP_015647314.1_1372	At4g28750	82.5	2.21e-34	114	284	149	144	63
lcl|NC_029262.1_prot_XP_015647516.1_1420	GRMZM2G069676_T02.CDS	86.4	0.0	1038	2685	617	616	617
lcl|NC_029262.1_prot_XP_015647516.1_1420	GRMZM2G069676_T01.CDS	88.4	0.0	934	2413	617	543	541
lcl|NC_029262.1_prot_XP_015647517.1_1421	GRMZM2G069676_T01.CDS	88.4	0.0	936	2420	543	543	543
lcl|NC_029262.1_prot_XP_015647517.1_1421	GRMZM2G069676_T02.CDS	88.4	0.0	933	2412	543	616	541
lcl|NC_029262.1_prot_XP_015647910.1_1491	At4g23100	80.9	2.69e-286	781	2017	496	523	450
lcl|NC_029262.1_prot_XP_015644946.1_1506	GRMZM2G077361_T01.CDS	90.6	5.74e-210	588	1516	690	341	341
lcl|NC_029262.1_prot_XP_015645519.1_1810	GRMZM2G088305_T01.CDS	93.3	3.69e-10	57.0	136	613	249	30
lcl|NC_029262.1_prot_XP_015647396.1_1935	GRMZM2G018375_T02.CDS	84.5	2.68e-206	566	1458	355	355	354
lcl|NC_029262.1_prot_XP_015646798.1_2061	At5g16440	86.8	9.50e-152	420	1080	238	292	228
lcl|NC_029262.1_prot_XP_015646378.1_2666	At1g22410	85.1	6.85e-301	820	2118	537	528	470
lcl|NC_029262.1_prot_XP_015646378.1_2666	At4g39980	81.0	1.28e-293	801	2070	537	526	484
lcl|NC_029262.1_prot_XP_015647144.1_2931	At5g13630	81.9	0.0	1114	2881	680	1382	680
lcl|NC_029262.1_prot_XP_015646853.1_2944	At2g41680	82.3	5.42e-281	769	1985	515	530	453
lcl|NC_029262.1_prot_XP_015646712.1_2951	At5g04140	82.1	0.0	2569	6658	1615	1649	1528
lcl|NC_029262.1_prot_XP_015646712.1_2951	At2g41220	80.2	0.0	2491	6457	1615	1630	1514
lcl|NC_029262.1_prot_XP_015647418.1_3237	GRMZM2G113056_T02.CDS	84.7	0.0	1581	4093	1002	981	1007
lcl|NC_029262.1_prot_XP_015647418.1_3237	GRMZM2G113056_T01.CDS	84.6	0.0	1553	4021	1002	965	987
lcl|NC_029262.1_prot_XP_015647418.1_3237	GRMZM2G387383_T01.CDS	94.2	0.0	982	2538	1002	583	536
lcl|NC_029262.1_prot_XP_015646176.1_3272	Potri.016G120100	80.1	0.0	931	2407	587	606	569
lcl|NC_029262.1_prot_XP_015646465.1_3281	At5g05580	80.0	1.35e-229	630	1626	413	436	350
lcl|NC_029256.1_prot_XP_015622025.1_68	GRMZM2G171400_T01.CDS	82.6	7.97e-224	612	1578	379	376	379
lcl|NC_029256.1_prot_XP_015622025.1_68	GRMZM2G051842_T02.CDS	82.1	1.13e-220	604	1557	379	373	379
lcl|NC_029256.1_prot_XP_015622025.1_68	GRMZM2G051842_T01.CDS	87.6	9.35e-109	313	801	379	179	178
lcl|NC_029256.1_prot_XP_015618768.1_80	At5g62790	80.7	3.20e-282	769	1985	473	498	488
lcl|NC_029256.1_prot_XP_015643260.1_191	At2g01140	87.6	3.90e-228	624	1609	388	392	355
lcl|NC_029256.1_prot_XP_015643260.1_191	At4g38970	83.2	2.53e-214	589	1519	388	399	352
lcl|NC_029256.1_prot_XP_015643260.1_191	At2g21330	80.7	2.37e-210	579	1493	388	400	358
lcl|NC_029256.1_prot_XP_015643188.1_192	GRMZM2G373175_T02.CDS	86.8	0.0	2092	5419	1247	1382	1248
lcl|NC_029256.1_prot_XP_015643188.1_192	GRMZM2G373175_T01.CDS	87.0	0.0	1649	4270	1247	1126	979
lcl|NC_029256.1_prot_XP_015640858.1_231	GRMZM2G119345_T02.CDS	88.6	0.0	1151	2978	668	668	666
lcl|NC_029256.1_prot_XP_015640858.1_231	GRMZM2G119345_T01.CDS	89.4	6.71e-231	641	1654	668	362	360
lcl|NC_029256.1_prot_XP_015613140.1_388	At5g01220	80.9	1.31e-74	231	588	226	511	141
lcl|NC_029256.1_prot_XP_015640568.1_471	GRMZM2G110063_T02.CDS	84.0	7.40e-231	637	1642	460	460	468
lcl|NC_029256.1_prot_XP_015640568.1_471	GRMZM2G110063_T01.CDS	89.0	7.33e-165	463	1191	460	298	299
lcl|NC_029256.1_prot_XP_015640651.1_472	GRMZM2G110063_T02.CDS	84.0	5.02e-231	637	1643	459	460	468
lcl|NC_029256.1_prot_XP_015640651.1_472	GRMZM2G110063_T01.CDS	89.0	4.98e-165	463	1192	459	298	299
lcl|NC_029256.1_prot_XP_015615261.1_550	Potri.T143400	81.0	4.11e-192	538	1387	597	322	321
lcl|NC_029256.1_prot_XP_015621553.1_851	At1g79750	80.7	0.0	934	2414	639	647	559
lcl|NC_029256.1_prot_XP_015613662.1_932	GRMZM2G133121_T01.CDS	80.2	0.0	952	2462	631	635	631
lcl|NC_029256.1_prot_XP_015611861.1_1072	GRMZM2G074103_T04.CDS	86.7	0.0	1119	2894	771	763	677
lcl|NC_029256.1_prot_XP_015611861.1_1072	GRMZM2G074103_T03.CDS	86.4	0.0	922	2382	771	568	567
lcl|NC_029256.1_prot_XP_015611861.1_1072	GRMZM2G074103_T01.CDS	86.4	0.0	922	2382	771	568	567
lcl|NC_029256.1_prot_XP_015611861.1_1072	GRMZM2G074103_T02.CDS	86.4	0.0	922	2382	771	568	567
lcl|NC_029256.1_prot_XP_015611868.1_1073	GRMZM2G074103_T04.CDS	86.6	0.0	1003	2592	613	763	611
lcl|NC_029256.1_prot_XP_015611868.1_1073	GRMZM2G074103_T03.CDS	86.4	0.0	922	2382	613	568	567
lcl|NC_029256.1_prot_XP_015611868.1_1073	GRMZM2G074103_T01.CDS	86.4	0.0	922	2382	613	568	567
lcl|NC_029256.1_prot_XP_015611868.1_1073	GRMZM2G074103_T02.CDS	86.4	0.0	922	2382	613	568	567
lcl|NC_029256.1_prot_XP_015612581.1_1247	GRMZM2G088305_T01.CDS	82.9	2.12e-16	77.0	188	1586	249	41
lcl|NC_029256.1_prot_XP_015618412.1_1252	At5g63890	82.3	1.46e-261	715	1846	473	467	434
lcl|NC_029256.1_prot_XP_015619176.1_1396	GRMZM2G044819_T02.CDS	84.5	0.0	1045	2701	626	634	626
lcl|NC_029256.1_prot_XP_015619176.1_1396	GRMZM2G044819_T03.CDS	92.3	2.91e-304	830	2143	626	463	440
lcl|NC_029256.1_prot_XP_015619172.1_1397	GRMZM2G044819_T02.CDS	84.4	0.0	1061	2745	637	634	636
lcl|NC_029256.1_prot_XP_015619172.1_1397	GRMZM2G044819_T03.CDS	92.0	8.92e-311	847	2187	637	463	450
lcl|NC_029256.1_prot_XP_015622109.1_1598	At3g56940	88.2	1.42e-235	644	1662	408	410	356
lcl|NC_029256.1_prot_XP_015620877.1_1625	Potri.009G067200	99.1	0.0	894	2310	447	447	441
lcl|NC_029256.1_prot_XP_015620877.1_1625	Potri.016G033200	98.6	0.0	893	2308	447	451	441
lcl|NC_029256.1_prot_XP_015620877.1_1625	Potri.006G035400	98.9	0.0	893	2307	447	449	440
lcl|NC_029256.1_prot_XP_015620877.1_1625	Potri.009G067100	98.9	0.0	891	2302	447	447	441
lcl|NC_029256.1_prot_XP_015620877.1_1625	Potri.001G272800	97.3	0.0	878	2269	447	446	441
lcl|NC_029256.1_prot_XP_015620877.1_1625	Potri.003G125400	97.5	0.0	876	2264	447	447	440
lcl|NC_029256.1_prot_XP_015620877.1_1625	Potri.001G106100	97.1	0.0	875	2261	447	448	441
lcl|NC_029256.1_prot_XP_015620877.1_1625	Potri.009G040200	96.6	0.0	874	2257	447	451	441
lcl|NC_029256.1_prot_XP_015620877.1_1625	Potri.001G246900	96.3	0.0	868	2244	447	450	438
lcl|NC_029256.1_prot_XP_015620877.1_1625	Potri.015G038800	95.7	0.0	867	2241	447	445	439
lcl|NC_029256.1_prot_XP_015626054.1_1644	GRMZM2G039396_T01.CDS	90.5	0.0	918	2372	536	538	526
lcl|NC_029256.1_prot_XP_015611017.1_1850	Potri.008G100800	81.1	1.00e-294	802	2072	503	512	512
lcl|NC_029256.1_prot_XP_015625013.1_1882	GRMZM2G145595_T02.CDS	88.6	0.0	946	2446	561	563	562
lcl|NC_029256.1_prot_XP_015625013.1_1882	GRMZM2G152958_T02.CDS	91.4	0.0	938	2425	561	566	534
lcl|NC_029256.1_prot_XP_015625013.1_1882	GRMZM2G073774_T01.CDS	91.4	0.0	938	2425	561	566	534
lcl|NC_029256.1_prot_XP_015625013.1_1882	GRMZM2G152958_T01.CDS	90.9	5.10e-312	849	2194	561	530	485
lcl|NC_029256.1_prot_XP_015625013.1_1882	GRMZM2G145595_T01.CDS	95.3	9.16e-189	527	1357	561	281	279
lcl|NC_029256.1_prot_XP_015625124.1_2008	GRMZM2G043819_T01.CDS	82.2	6.65e-138	382	982	230	231	230
lcl|NC_029256.1_prot_XP_015625124.1_2008	GRMZM2G043819_T03.CDS	82.1	4.68e-83	241	614	230	153	145
lcl|NC_029256.1_prot_XP_015625124.1_2008	GRMZM2G043819_T04.CDS	82.7	7.27e-72	211	538	230	128	127
lcl|NC_029256.1_prot_XP_015625124.1_2008	GRMZM2G043819_T02.CDS	82.7	7.27e-72	211	538	230	128	127
lcl|NC_029256.1_prot_XP_015633350.1_2366	At1g08250	83.3	2.01e-34	124	312	263	414	78
lcl|NC_029256.1_prot_XP_015633350.1_2366	At2g27820	82.1	2.28e-32	119	298	263	425	78
lcl|NC_029256.1_prot_XP_015617454.1_2598	At1g29900	80.5	0.0	1783	4619	1172	1188	1098
lcl|NC_029256.1_prot_XP_015615472.1_2620	GRMZM5G848696_T02.CDS	91.8	2.53e-182	504	1298	341	346	292
lcl|NC_029256.1_prot_XP_015615472.1_2620	GRMZM5G848696_T01.CDS	82.5	4.06e-175	487	1254	341	379	325
lcl|NC_029256.1_prot_XP_015615481.2_2621	GRMZM2G120652_T01.CDS	96.2	1.61e-66	203	516	128	414	105
lcl|NC_029256.1_prot_XP_015615481.2_2621	GRMZM5G850015_T01.CDS	95.2	4.02e-66	199	506	128	318	105
lcl|NC_029256.1_prot_XP_015621602.1_2914	GRMZM2G156158_T01.CDS	84.0	1.57e-143	416	1070	594	364	250
lcl|NC_029256.1_prot_XP_015621603.1_2915	GRMZM2G156158_T03.CDS	80.2	9.55e-295	806	2081	536	561	521
lcl|NC_029256.1_prot_XP_015621603.1_2915	GRMZM2G156158_T01.CDS	87.6	1.68e-149	429	1104	536	364	250
lcl|NC_029256.1_prot_XP_015621895.1_2917	GRMZM2G156069_T01.CDS	87.9	0.0	1278	3307	769	772	771
lcl|NC_029256.1_prot_XP_015621895.1_2917	GRMZM2G004040_T01.CDS	87.8	0.0	1278	3306	769	769	768
lcl|NC_029256.1_prot_XP_015618511.1_3138	GRMZM2G004382_T02.CDS	91.4	0.0	1029	2660	581	580	582
lcl|NC_029256.1_prot_XP_015618511.1_3138	At3g58610	88.6	0.0	935	2416	581	592	528
lcl|NC_029256.1_prot_XP_015618511.1_3138	GRMZM2G004382_T01.CDS	88.8	2.22e-295	806	2081	581	475	473
lcl|NC_029256.1_prot_XP_015631022.1_3206	GRMZM2G060156_T02.CDS	89.6	1.41e-218	595	1534	331	337	337
lcl|NC_029256.1_prot_XP_015631022.1_3206	GRMZM2G060156_T01.CDS	93.7	6.18e-72	215	548	331	125	111
lcl|NC_029256.1_prot_XP_015649242.1_3338	GRMZM2G077054_T01.CDS	90.6	0.0	3953	10252	2167	2174	2168
lcl|NC_029256.1_prot_XP_015649242.1_3338	GRMZM2G085078_T02.CDS	90.6	0.0	3939	10215	2167	2176	2170
lcl|NC_029256.1_prot_XP_015649242.1_3338	GRMZM2G085078_T01.CDS	90.1	0.0	3930	10192	2167	2188	2182
lcl|NC_029256.1_prot_XP_015649247.1_3339	GRMZM2G077054_T01.CDS	92.3	0.0	3431	8897	1838	2174	1838
lcl|NC_029256.1_prot_XP_015649247.1_3339	GRMZM2G085078_T02.CDS	92.4	0.0	3425	8882	1838	2176	1840
lcl|NC_029256.1_prot_XP_015649247.1_3339	GRMZM2G085078_T01.CDS	91.8	0.0	3417	8859	1838	2188	1852
lcl|NC_029256.1_prot_XP_015649247.1_3339	At5g53460	80.7	0.0	3003	7784	1838	2209	1848
lcl|NC_029256.1_prot_XP_015622378.1_3375	GRMZM2G019437_T02.CDS	80.4	2.68e-200	551	1420	362	361	362
lcl|NC_029256.1_prot_XP_015622378.1_3375	GRMZM2G019437_T03.CDS	80.9	1.32e-140	396	1018	362	268	267
lcl|NC_029256.1_prot_XP_015613492.1_3560	AT4G33010	82.1	0.0	1674	4334	1033	1038	1031
lcl|NC_029256.1_prot_XP_015613492.1_3560	At4g33010	82.2	0.0	1574	4076	1033	977	976
lcl|NC_029256.1_prot_XP_015614778.1_3677	Os01g0722700	100	0.0	938	2425	502	502	502
lcl|NC_029256.1_prot_XP_015614785.1_3678	Os01g0722700	100	5.40e-294	796	2055	405	502	405
lcl|NC_029256.1_prot_XP_015614808.1_3679	A0A8X8C3Q6	90.5	1.82e-97	296	758	168	874	158
lcl|NC_029256.1_prot_XP_015620436.1_3686	At1g79750	80.4	5.42e-309	847	2189	584	647	506
lcl|NC_029256.1_prot_XP_015620445.1_3687	At1g79750	81.5	1.27e-305	835	2157	496	647	496
lcl|NC_029256.1_prot_XP_015618116.1_3813	Os01g0742500	100	0.0	908	2347	506	506	506
lcl|NC_029256.1_prot_XP_015618116.1_3813	Os05g0522500	82.8	4.02e-282	770	1989	506	507	458
lcl|NC_029256.1_prot_XP_015629945.1_4076	GRMZM2G111511_T04.CDS	85.8	1.14e-152	424	1089	273	282	253
lcl|NC_029256.1_prot_XP_015629945.1_4076	GRMZM2G111511_T01.CDS	85.2	6.63e-145	404	1038	273	282	244
lcl|NC_029256.1_prot_XP_015629945.1_4076	GRMZM2G111511_T02.CDS	90.2	2.25e-92	266	680	273	155	153
lcl|NC_029256.1_prot_XP_025877495.1_4242	GRMZM2G360821_T01.CDS	94.5	3.24e-137	389	1000	212	484	200
lcl|NC_029256.1_prot_XP_025877495.1_4242	GRMZM2G385635_T01.CDS	94.5	3.24e-137	389	1000	212	484	200
lcl|NC_029256.1_prot_XP_025877495.1_4242	GRMZM2G448344_T01.CDS	94.5	3.24e-137	389	1000	212	484	200
lcl|NC_029256.1_prot_XP_025877495.1_4242	GRMZM5G815453_T01.CDS	94.5	3.24e-137	389	1000	212	484	200
lcl|NC_029256.1_prot_XP_025877495.1_4242	AtCg00490	93.8	2.32e-131	374	961	212	480	193
lcl|NC_029256.1_prot_XP_015622294.2_4286	At1g56190	81.2	3.76e-245	676	1744	515	479	441
lcl|NC_029256.1_prot_XP_015649724.2_4334	Potri.016G033200	98.0	0.0	893	2308	496	451	443
lcl|NC_029256.1_prot_XP_015649724.2_4334	Potri.006G035400	98.9	0.0	892	2306	496	449	440
lcl|NC_029256.1_prot_XP_015649724.2_4334	Potri.009G067200	98.2	0.0	888	2295	496	447	440
lcl|NC_029256.1_prot_XP_015649724.2_4334	Potri.009G067100	97.5	0.0	888	2294	496	447	444
lcl|NC_029256.1_prot_XP_015649724.2_4334	Potri.001G272800	97.1	0.0	883	2282	496	446	444
lcl|NC_029256.1_prot_XP_015649724.2_4334	Potri.003G125400	98.0	0.0	881	2276	496	447	440
lcl|NC_029256.1_prot_XP_015649724.2_4334	Potri.001G106100	97.5	0.0	879	2271	496	448	440
lcl|NC_029256.1_prot_XP_015649724.2_4334	Potri.009G040200	97.0	0.0	877	2267	496	451	440
lcl|NC_029256.1_prot_XP_015649724.2_4334	Potri.001G246900	96.8	0.0	873	2256	496	450	438
lcl|NC_029256.1_prot_XP_015649724.2_4334	Potri.015G038800	95.7	0.0	867	2241	496	445	439
lcl|NC_029256.1_prot_XP_015622139.1_4682	Potri.010G198800	86.4	4.84e-233	634	1635	361	362	361
lcl|NC_029256.1_prot_XP_015622139.1_4682	Potri.008G060100	85.6	3.26e-231	629	1623	361	362	361
lcl|NC_029256.1_prot_XP_015622139.1_4682	Potri.006G090300	83.7	5.23e-221	603	1556	361	362	361
lcl|NC_029256.1_prot_XP_015630635.1_4684	GRMZM2G059314_T02.CDS	83.6	2.34e-26	97.8	242	311	134	55
lcl|NC_029256.1_prot_XP_015630643.1_4685	GRMZM2G059314_T02.CDS	83.6	1.53e-26	97.8	242	289	134	55
lcl|NC_029256.1_prot_XP_015642737.1_4686	GRMZM2G059314_T02.CDS	87.3	1.14e-27	101	251	311	134	55
lcl|NC_029256.1_prot_XP_015641332.1_4897	GRMZM2G400604_T03.CDS	91.5	9.24e-272	738	1906	458	417	414
lcl|NC_029256.1_prot_XP_015641332.1_4897	GRMZM2G400604_T01.CDS	92.4	9.30e-238	650	1678	458	373	356
lcl|NC_029256.1_prot_XP_015641332.1_4897	GRMZM2G400604_T02.CDS	92.8	8.54e-180	500	1287	458	278	277
lcl|NC_029256.1_prot_XP_015617627.1_5038	GRMZM2G000622_T01.CDS	87.3	0.0	2482	6434	1419	1419	1418
lcl|NC_029256.1_prot_XP_015612195.1_5158	GRMZM2G058954_T01.CDS	82.2	9.59e-241	659	1700	429	426	428
lcl|NC_029256.1_prot_XP_015622023.1_5322	At2g43710	86.0	3.32e-230	630	1625	400	402	349
lcl|NC_029256.1_prot_XP_015617463.1_5381	At5g13420	84.1	1.35e-223	616	1589	432	439	372
lcl|NC_029256.1_prot_XP_015650977.1_5398	At5g13280	81.3	2.52e-263	728	1879	570	570	465
lcl|NC_029256.1_prot_XP_015610789.1_5563	GRMZM2G068665_T01.CDS	86.4	1.68e-163	452	1162	284	288	287
lcl|NC_029256.1_prot_XP_015610797.1_5564	GRMZM2G068665_T01.CDS	86.4	1.68e-163	452	1162	284	288	287
lcl|NC_029256.1_prot_XP_015649098.1_5660	At1g74880	85.1	6.33e-56	169	429	164	159	94
lcl|NC_029256.1_prot_XP_015649106.1_5661	At1g74880	80.2	1.66e-57	172	437	142	159	106
lcl|NC_029256.1_prot_XP_015650232.1_5720	Potri.004G091000	81.1	0.0	2041	5289	1257	1315	1258
lcl|NC_029256.1_prot_XP_015650241.1_5721	Potri.004G091000	81.1	0.0	2041	5289	1257	1315	1258
lcl|NC_029256.1_prot_XP_015650257.1_5722	Potri.004G091000	81.1	0.0	2041	5289	1257	1315	1258
lcl|NC_029256.1_prot_XP_015625150.1_5755	Potri.004G189900	83.8	9.54e-245	666	1719	398	390	388
lcl|NC_029256.1_prot_XP_015625150.1_5755	Potri.009G150600	82.2	1.01e-239	654	1686	398	390	388
lcl|NC_029256.1_prot_XP_015619253.1_5849	GRMZM2G082185_T01.CDS	82.3	5.81e-224	614	1583	394	399	402
lcl|NC_029260.1_prot_XP_015640756.1_43	At5g13120	86.0	1.93e-114	325	833	250	260	172
lcl|NC_029260.1_prot_XP_015640094.1_56	GRMZM2G000622_T01.CDS	87.0	0.0	2472	6407	1415	1419	1419
lcl|NC_029260.1_prot_XP_015640095.1_57	GRMZM2G000622_T01.CDS	87.0	0.0	2472	6407	1415	1419	1419
lcl|NC_029260.1_prot_XP_015640096.1_58	GRMZM2G000622_T01.CDS	87.0	0.0	2472	6407	1415	1419	1419
lcl|NC_029260.1_prot_XP_025881423.1_59	GRMZM2G000622_T01.CDS	87.0	0.0	2472	6407	1415	1419	1419
lcl|NC_029260.1_prot_XP_025881340.1_90	AtCg00340	94.8	5.52e-269	740	1911	374	735	366
lcl|NC_029260.1_prot_XP_015640661.1_274	At4g23100	80.4	9.34e-286	780	2013	492	523	450
lcl|NC_029260.1_prot_XP_015640662.1_275	At4g23100	80.4	9.34e-286	780	2013	492	523	450
lcl|NC_029260.1_prot_XP_015639857.1_594	Potri.014G094900	92.4	0.0	872	2253	469	475	474
lcl|NC_029260.1_prot_XP_015639857.1_594	Potri.002G167800	92.2	0.0	869	2246	469	475	474
lcl|NC_029260.1_prot_XP_025881095.1_595	GRMZM2G152958_T02.CDS	91.1	0.0	929	2402	590	566	531
lcl|NC_029260.1_prot_XP_025881095.1_595	GRMZM2G073774_T01.CDS	91.1	0.0	929	2402	590	566	531
lcl|NC_029260.1_prot_XP_025881095.1_595	GRMZM2G145595_T02.CDS	90.8	0.0	915	2364	590	563	519
lcl|NC_029260.1_prot_XP_025881095.1_595	GRMZM2G152958_T01.CDS	90.9	3.17e-318	866	2238	590	530	496
lcl|NC_029260.1_prot_XP_025881095.1_595	GRMZM2G145595_T01.CDS	95.1	3.21e-179	504	1297	590	281	266
lcl|NC_029260.1_prot_XP_015637430.1_596	GRMZM2G152958_T02.CDS	91.6	0.0	957	2475	567	566	545
lcl|NC_029260.1_prot_XP_015637430.1_596	GRMZM2G073774_T01.CDS	91.6	0.0	957	2475	567	566	545
lcl|NC_029260.1_prot_XP_015637430.1_596	GRMZM2G145595_T02.CDS	90.4	0.0	934	2415	567	563	532
lcl|NC_029260.1_prot_XP_015637430.1_596	GRMZM2G152958_T01.CDS	90.9	1.29e-318	866	2238	567	530	496
lcl|NC_029260.1_prot_XP_015637430.1_596	GRMZM2G145595_T01.CDS	94.3	2.63e-187	523	1348	567	281	279
lcl|NC_029260.1_prot_XP_015639335.1_623	Potri.008G100800	85.1	1.10e-282	772	1993	504	512	455
lcl|NC_029260.1_prot_XP_015639335.1_623	At1g48030	82.9	7.03e-278	759	1961	504	508	455
lcl|NC_029260.1_prot_XP_015639335.1_623	AT1G48030	82.9	7.03e-278	759	1961	504	508	455
lcl|NC_029260.1_prot_XP_015640503.1_1029	GRMZM2G076006_T02.CDS	85.2	4.32e-216	590	1521	350	348	357
lcl|NC_029260.1_prot_XP_015640503.1_1029	At1g67280	85.4	1.93e-185	513	1320	350	351	281
lcl|NC_029260.1_prot_XP_015640503.1_1029	GRMZM2G081268_T01.CDS	82.9	6.02e-175	486	1250	350	341	275
lcl|NC_029260.1_prot_XP_015640503.1_1029	GRMZM2G081268_T03.CDS	82.9	6.02e-175	486	1250	350	341	275
lcl|NC_029260.1_prot_XP_015640503.1_1029	GRMZM2G081268_T02.CDS	82.9	6.02e-175	486	1250	350	341	275
lcl|NC_029260.1_prot_XP_015640503.1_1029	GRMZM2G076006_T01.CDS	95.7	5.21e-62	189	481	350	94	93
lcl|NC_029260.1_prot_XP_015637650.1_1515	At3g51820	85.9	1.16e-218	599	1545	376	388	333
lcl|NC_029260.1_prot_XP_015640145.1_1577	At2g30390	83.2	1.48e-265	730	1884	526	523	441
lcl|NC_029260.1_prot_XP_025881621.1_1583	At4g39460	81.9	4.08e-156	434	1116	272	326	270
lcl|NC_029260.1_prot_XP_015638932.1_1677	Os05g0375100	100	0.0	968	2502	504	504	504
lcl|NC_029260.1_prot_XP_015639746.1_1729	At4g33030	85.0	7.15e-271	739	1909	479	478	428
lcl|NC_029260.1_prot_XP_015640664.1_1737	GRMZM2G005973_T01.CDS	83.2	1.07e-197	544	1401	359	346	364
lcl|NC_029260.1_prot_XP_015640048.1_1785	GRMZM5G866861_T02.CDS	90.4	9.09e-302	822	2124	542	525	456
lcl|NC_029260.1_prot_XP_015640049.1_1786	GRMZM5G866861_T02.CDS	90.4	9.09e-302	822	2124	542	525	456
lcl|NC_029260.1_prot_XP_015640050.1_1787	GRMZM5G866861_T02.CDS	90.4	9.09e-302	822	2124	542	525	456
lcl|NC_029260.1_prot_XP_015640042.1_1788	GRMZM5G866861_T02.CDS	89.6	4.11e-299	816	2107	546	525	460
lcl|NC_029260.1_prot_XP_015640043.1_1789	GRMZM5G866861_T02.CDS	89.6	4.11e-299	816	2107	546	525	460
lcl|NC_029260.1_prot_XP_015640045.1_1790	GRMZM5G866861_T02.CDS	89.6	4.11e-299	816	2107	546	525	460
lcl|NC_029260.1_prot_XP_015640046.1_1791	GRMZM5G866861_T02.CDS	89.6	4.11e-299	816	2107	546	525	460
lcl|NC_029260.1_prot_XP_015640047.1_1792	GRMZM5G866861_T02.CDS	89.6	4.11e-299	816	2107	546	525	460
lcl|NC_029260.1_prot_XP_015640505.1_1858	At4g15560	86.9	0.0	1145	2962	720	718	654
lcl|NC_029260.1_prot_XP_015640177.1_1880	Potri.006G035400	98.2	0.0	885	2287	444	449	441
lcl|NC_029260.1_prot_XP_015640177.1_1880	Potri.009G067200	98.0	0.0	885	2286	444	447	440
lcl|NC_029260.1_prot_XP_015640177.1_1880	Potri.016G033200	97.7	0.0	883	2282	444	451	440
lcl|NC_029260.1_prot_XP_015640177.1_1880	Potri.009G067100	97.7	0.0	882	2278	444	447	440
lcl|NC_029260.1_prot_XP_015640177.1_1880	Potri.001G272800	96.8	0.0	873	2256	444	446	440
lcl|NC_029260.1_prot_XP_015640177.1_1880	Potri.003G125400	96.8	0.0	869	2245	444	447	440
lcl|NC_029260.1_prot_XP_015640177.1_1880	Potri.001G106100	96.2	0.0	868	2244	444	448	442
lcl|NC_029260.1_prot_XP_015640177.1_1880	Potri.009G040200	96.4	0.0	868	2243	444	451	440
lcl|NC_029260.1_prot_XP_015640177.1_1880	Potri.015G038800	96.4	0.0	866	2238	444	445	439
lcl|NC_029260.1_prot_XP_015640177.1_1880	Potri.012G047600	95.7	1.70e-320	862	2227	444	445	438
lcl|NC_029260.1_prot_XP_015637711.1_1881	At5g16440	83.3	2.92e-144	404	1037	293	292	228
lcl|NC_029260.1_prot_XP_015640705.1_2016	At2g22230	84.1	2.70e-96	276	706	215	221	157
lcl|NC_029260.1_prot_XP_015640705.1_2016	At5g10160	83.8	1.50e-95	274	701	215	220	160
lcl|NC_029260.1_prot_XP_015640121.1_2175	GRMZM2G059314_T01.CDS	81.5	2.71e-118	338	868	326	275	200
lcl|NC_029260.1_prot_XP_015640121.1_2175	GRMZM2G059314_T07.CDS	81.5	2.71e-118	338	868	326	275	200
lcl|NC_029260.1_prot_XP_015640121.1_2175	GRMZM2G059314_T06.CDS	81.3	1.51e-50	159	403	326	97	91
lcl|NC_029260.1_prot_XP_015640121.1_2175	GRMZM2G059314_T02.CDS	85.5	1.12e-26	99.0	245	326	134	55
lcl|NC_029260.1_prot_XP_015637741.1_2291	Potri.011G064000	80.7	0.0	963	2490	605	594	566
lcl|NC_029260.1_prot_XP_015637741.1_2291	Potri.T102400	80.6	0.0	962	2487	605	594	566
lcl|NC_029260.1_prot_XP_015637741.1_2291	Potri.006G102500	80.8	0.0	957	2475	605	606	562
lcl|NC_029260.1_prot_XP_015637741.1_2291	Potri.004G054100	80.2	0.0	957	2473	605	583	562
lcl|NC_029260.1_prot_XP_015637741.1_2291	Potri.T143400	80.4	5.72e-199	556	1433	605	322	321
lcl|NC_029260.1_prot_XP_025881664.1_2292	Potri.016G120100	80.8	0.0	972	2514	611	606	579
lcl|NC_029260.1_prot_XP_015637745.1_2293	Potri.016G120100	81.7	0.0	979	2531	605	606	573
lcl|NC_029260.1_prot_XP_015637745.1_2293	Potri.011G064000	80.7	0.0	964	2491	605	594	566
lcl|NC_029260.1_prot_XP_015637745.1_2293	Potri.T102400	80.6	0.0	962	2488	605	594	566
lcl|NC_029260.1_prot_XP_015637745.1_2293	Potri.006G102500	80.6	0.0	956	2472	605	606	562
lcl|NC_029260.1_prot_XP_015637745.1_2293	Potri.004G054100	80.1	0.0	956	2470	605	583	562
lcl|NC_029260.1_prot_XP_015637745.1_2293	Potri.T143400	80.1	1.63e-198	555	1430	605	322	321
lcl|NC_029260.1_prot_XP_015639410.1_2526	At1g56190	84.2	1.22e-261	716	1849	484	479	443
lcl|NC_029260.1_prot_XP_015639410.1_2526	At3g12780	84.5	1.58e-260	714	1842	484	482	444
lcl|NC_029260.1_prot_XP_015640192.1_2583	GRMZM2G090338_T01.CDS	91.0	0.0	1170	3028	641	636	641
lcl|NC_029260.1_prot_XP_015640390.1_2684	Potri.001G383600	80.2	0.0	1348	3490	980	923	849
lcl|NC_029260.1_prot_XP_015639323.1_2722	Os05g0522500	100	0.0	947	2447	507	507	507
lcl|NC_029260.1_prot_XP_015639323.1_2722	Os01g0742500	82.8	4.02e-282	770	1989	507	506	458
lcl|NC_029260.1_prot_XP_015640407.1_3000	GRMZM2G077054_T01.CDS	81.3	0.0	3579	9281	2188	2174	2193
lcl|NC_029260.1_prot_XP_015640407.1_3000	GRMZM2G085078_T02.CDS	82.3	0.0	3572	9262	2188	2176	2153
lcl|NC_029260.1_prot_XP_015640407.1_3000	GRMZM2G085078_T01.CDS	81.8	0.0	3563	9240	2188	2188	2165
lcl|NC_029260.1_prot_XP_015639468.1_3116	GRMZM2G158024_T02.CDS	81.9	1.40e-242	664	1714	455	417	426
lcl|NC_029260.1_prot_XP_015639468.1_3116	GRMZM2G158024_T01.CDS	92.8	1.14e-159	447	1150	455	237	236
lcl|NC_029260.1_prot_XP_015640421.1_3183	GRMZM2G004382_T02.CDS	91.1	0.0	987	2552	578	580	549
lcl|NC_029260.1_prot_XP_015640421.1_3183	At3g58610	90.0	0.0	927	2395	578	592	512
lcl|NC_029260.1_prot_XP_015640421.1_3183	GRMZM2G004382_T01.CDS	88.2	5.35e-279	764	1973	578	475	440
lcl|NC_029260.1_prot_XP_025881572.1_3272	Os05g0582300	100	6.67e-272	768	1983	1236	403	403
lcl|NC_029260.1_prot_XP_025881572.1_3272	Os12g0271700	87.9	1.40e-219	634	1636	1236	414	380
lcl|NC_029260.1_prot_XP_025881572.1_3272	GRMZM2G112728_T01.CDS	87.5	1.26e-211	614	1584	1236	425	369
lcl|NC_029260.1_prot_XP_025881572.1_3272	GRMZM2G112728_T05.CDS	87.5	1.26e-211	614	1584	1236	425	369
lcl|NC_029260.1_prot_XP_025881572.1_3272	GRMZM2G163809_T03.CDS	81.3	2.06e-207	603	1554	1236	408	407
lcl|NC_029260.1_prot_XP_025881572.1_3272	GRMZM2G112728_T04.CDS	88.9	7.00e-204	594	1531	1236	414	350
lcl|NC_029260.1_prot_XP_025881572.1_3272	GRMZM2G112728_T02.CDS	90.2	1.24e-146	438	1127	1236	246	245
lcl|NC_029260.1_prot_XP_025881572.1_3272	GRMZM2G112728_T06.CDS	90.2	1.24e-146	438	1127	1236	246	245
lcl|NC_029260.1_prot_XP_025881572.1_3272	GRMZM2G163809_T01.CDS	83.4	3.38e-107	332	851	1236	207	205
lcl|NC_029260.1_prot_XP_025881572.1_3272	GRMZM2G163809_T04.CDS	81.3	6.09e-102	318	816	1236	225	225
lcl|NC_029263.1_prot_XP_015650211.1_189	Os08g0120000	100	5.85e-205	556	1433	281	281	281
lcl|NC_029263.1_prot_XP_015650213.1_190	Os08g0120000	100	5.85e-205	556	1433	281	281	281
lcl|NC_029263.1_prot_XP_015650210.1_191	Os08g0120000	100	2.07e-156	436	1122	350	281	225
lcl|NC_029263.1_prot_XP_015649744.1_276	Potri.006G022000	81.1	9.69e-238	649	1674	406	391	391
lcl|NC_029263.1_prot_XP_015649744.1_276	Potri.016G020000	81.5	1.38e-158	444	1142	406	278	275
lcl|NC_029263.1_prot_XP_015650592.1_308	At4g27070	88.4	1.46e-265	726	1873	471	476	397
lcl|NC_029263.1_prot_XP_015650592.1_308	At5g54810	87.4	2.85e-264	722	1864	471	471	397
lcl|NC_029263.1_prot_XP_025883112.1_492	GRMZM2G088305_T01.CDS	81.8	4.66e-09	54.7	130	1148	249	33
lcl|NC_029263.1_prot_XP_015650034.1_668	At2g05710	83.1	0.0	1656	4289	991	991	998
lcl|NC_029263.1_prot_XP_015650034.1_668	GRMZM2G020801_T01.CDS	94.2	0.0	1525	3949	991	798	793
lcl|NC_029263.1_prot_XP_015650705.1_678	GRMZM2G181192_T01.CDS	88.3	3.28e-191	522	1345	291	291	290
lcl|NC_029263.1_prot_XP_015650705.1_678	GRMZM2G181192_T03.CDS	88.3	8.19e-191	522	1345	291	316	290
lcl|NC_029263.1_prot_XP_015650705.1_678	GRMZM2G181192_T02.CDS	88.3	8.19e-191	522	1345	291	316	290
lcl|NC_029263.1_prot_XP_015650928.1_809	At2g35040	81.9	0.0	902	2332	601	597	548
lcl|NC_029263.1_prot_XP_015650929.1_810	At2g35040	83.9	0.0	901	2328	600	597	529
lcl|NC_029263.1_prot_XP_015650402.1_813	Potri.001G159700	80.5	8.39e-291	791	2042	489	487	473
lcl|NC_029263.1_prot_XP_015650487.1_866	At2g22230	81.1	3.62e-99	283	725	216	221	169
lcl|NC_029263.1_prot_XP_015650487.1_866	At5g10160	80.7	7.34e-94	270	690	216	220	161
lcl|NC_029263.1_prot_XP_015650623.1_915	Potri.010G198800	87.0	8.75e-236	641	1653	361	362	361
lcl|NC_029263.1_prot_XP_015650623.1_915	Potri.008G060100	85.9	2.79e-232	632	1630	361	362	361
lcl|NC_029263.1_prot_XP_015650623.1_915	Potri.006G090300	83.7	1.10e-222	608	1567	361	362	361
lcl|NC_029263.1_prot_XP_025883382.1_916	Potri.010G198800	87.0	8.75e-236	641	1653	361	362	361
lcl|NC_029263.1_prot_XP_025883382.1_916	Potri.008G060100	85.9	2.79e-232	632	1630	361	362	361
lcl|NC_029263.1_prot_XP_025883382.1_916	Potri.006G090300	83.7	1.10e-222	608	1567	361	362	361
lcl|NC_029263.1_prot_XP_025883381.1_990	AtCg00890	94.8	1.01e-164	458	1179	272	390	251
lcl|NC_029263.1_prot_XP_015650895.1_996	GRMZM5G809546_T01.CDS	84.2	0.0	879	2272	556	554	558
lcl|NC_029263.1_prot_XP_015650840.1_1027	GRMZM2G164649_T02.CDS	83.1	1.29e-306	832	2150	504	510	508
lcl|NC_029263.1_prot_XP_015650840.1_1027	GRMZM2G164649_T04.CDS	83.1	1.29e-306	832	2150	504	510	508
lcl|NC_029263.1_prot_XP_015650840.1_1027	GRMZM2G164649_T03.CDS	82.5	2.10e-305	830	2143	504	519	509
lcl|NC_029263.1_prot_XP_015650841.1_1028	GRMZM2G164649_T02.CDS	83.1	1.29e-306	832	2150	504	510	508
lcl|NC_029263.1_prot_XP_015650841.1_1028	GRMZM2G164649_T04.CDS	83.1	1.29e-306	832	2150	504	510	508
lcl|NC_029263.1_prot_XP_015650841.1_1028	GRMZM2G164649_T03.CDS	82.5	2.10e-305	830	2143	504	519	509
lcl|NC_029263.1_prot_XP_015651017.1_1031	GRMZM2G126128_T01.CDS	83.7	3.30e-178	491	1263	305	308	307
lcl|NC_029263.1_prot_XP_015648059.1_1264	At2g05990	85.5	1.23e-183	511	1315	375	391	310
lcl|NC_029263.1_prot_XP_015648060.1_1265	At2g05990	85.5	1.23e-183	511	1315	375	391	310
lcl|NC_029263.1_prot_XP_015650971.1_1390	At5g48300	90.7	1.21e-298	811	2096	479	521	439
lcl|NC_029263.1_prot_XP_015650970.1_1391	At5g48300	90.6	4.72e-312	847	2188	514	521	457
lcl|NC_029263.1_prot_XP_015650762.1_1543	Solyc05g005480	80.4	1.01e-178	499	1284	390	388	322
lcl|NC_029263.1_prot_XP_025875790.1_1977	GRMZM5G836994_T01.CDS	87.5	0.0	883	2281	590	545	503
lcl|NC_029263.1_prot_XP_025883103.1_2137	At5g64300	81.0	2.81e-233	644	1662	419	544	390
lcl|NC_029263.1_prot_XP_015650153.1_2156	At1g22410	87.3	8.38e-296	806	2081	505	528	448
lcl|NC_029263.1_prot_XP_015650153.1_2156	At4g33510	84.0	7.64e-294	800	2066	505	508	462
lcl|NC_029263.1_prot_XP_015650153.1_2156	At4g39980	83.2	3.50e-285	779	2011	505	526	452
lcl|NC_029263.1_prot_XP_015650532.1_2325	Potri.001G253300	85.5	2.07e-259	704	1817	402	402	400
lcl|NC_029263.1_prot_XP_015650532.1_2325	Potri.009G047700	84.8	1.12e-231	632	1631	402	365	362
lcl|NC_029263.1_prot_XP_015650860.1_2554	GRMZM5G866100_T01.CDS	82.1	6.03e-297	806	2083	491	491	496
lcl|NC_029263.1_prot_XP_015650115.1_2684	Potri.003G120400	84.1	1.11e-157	443	1140	467	255	251
lcl|NC_029263.1_prot_XP_015649747.1_2817	At3g23940	82.2	0.0	937	2422	594	609	562
lcl|NC_029263.1_prot_XP_015650057.1_2828	At4g02770	83.3	3.39e-98	280	716	203	209	168
lcl|NC_029263.1_prot_XP_015650057.1_2828	At1g03130	83.9	4.88e-97	277	708	203	205	161
lcl|NC_029263.1_prot_XP_015649513.1_2835	At5g58330	86.8	5.91e-238	653	1684	433	444	370
lcl|NC_029257.1_prot_XP_015625198.1_42	Potri.005G112900	88.0	4.04e-206	566	1459	366	364	309
lcl|NC_029257.1_prot_XP_015625198.1_42	Potri.007G057200	87.1	6.67e-205	563	1451	366	364	311
lcl|NC_029257.1_prot_XP_015625198.1_42	At1g20020	80.6	1.60e-195	540	1390	366	370	320
lcl|NC_029257.1_prot_XP_015625698.1_274	GRMZM2G370852_T01.CDS	90.8	0.0	922	2383	514	506	500
lcl|NC_029257.1_prot_XP_015625698.1_274	GRMZM2G370852_T03.CDS	90.6	0.0	920	2379	514	506	500
lcl|NC_029257.1_prot_XP_015625698.1_274	GRMZM2G010044_T04.CDS	88.6	0.0	894	2309	514	503	508
lcl|NC_029257.1_prot_XP_015625698.1_274	GRMZM2G010044_T03.CDS	88.2	0.0	889	2296	514	505	510
lcl|NC_029257.1_prot_XP_015625698.1_274	GRMZM2G010044_T01.CDS	88.1	0.0	888	2295	514	506	511
lcl|NC_029257.1_prot_XP_015625698.1_274	At4g13430	84.4	3.88e-299	814	2102	514	510	454
lcl|NC_029257.1_prot_XP_015623376.1_303	At1g32380	86.8	2.01e-197	547	1409	396	401	311
lcl|NC_029257.1_prot_XP_015625553.1_719	Potri.001G464400	98.4	0.0	877	2265	447	446	432
lcl|NC_029257.1_prot_XP_015625553.1_719	Potri.011G162500	98.2	0.0	876	2264	447	446	434
lcl|NC_029257.1_prot_XP_015625553.1_719	Potri.009G067200	95.7	0.0	865	2236	447	447	443
lcl|NC_029257.1_prot_XP_015625553.1_719	Potri.009G067100	95.1	1.69e-320	862	2228	447	447	445
lcl|NC_029257.1_prot_XP_015625553.1_719	Potri.016G033200	94.8	2.52e-320	862	2227	447	451	444
lcl|NC_029257.1_prot_XP_015625553.1_719	Potri.001G106100	94.6	5.07e-320	861	2225	447	448	446
lcl|NC_029257.1_prot_XP_015625553.1_719	Potri.006G095000	95.0	8.51e-320	860	2223	447	445	442
lcl|NC_029257.1_prot_XP_015625553.1_719	Potri.009G040200	95.0	1.09e-319	860	2223	447	451	444
lcl|NC_029257.1_prot_XP_015625553.1_719	Potri.006G035400	94.4	2.87e-319	859	2220	447	449	446
lcl|NC_029257.1_prot_XP_015625553.1_719	Potri.001G272800	94.4	3.65e-319	859	2219	447	446	446
lcl|NC_029257.1_prot_XP_015626163.1_727	GRMZM2G088396_T01.CDS	85.0	1.12e-255	698	1802	446	445	441
lcl|NC_029257.1_prot_XP_015625860.1_745	At1g56190	81.7	1.40e-234	644	1662	402	479	399
lcl|NC_029257.1_prot_XP_015625860.1_745	At3g12780	82.5	8.97e-234	642	1657	402	482	399
lcl|NC_029257.1_prot_XP_015627707.1_763	At1g79530	85.4	2.46e-226	622	1603	411	423	362
lcl|NC_029257.1_prot_XP_015627707.1_763	At1g16300	85.3	3.77e-225	619	1595	411	421	360
lcl|NC_029257.1_prot_XP_015627140.1_972	At2g44350	82.0	1.05e-295	802	2071	472	475	473
lcl|NC_029257.1_prot_XP_015622682.1_995	GRMZM2G029566_T01.CDS	86.7	1.78e-294	795	2053	429	428	429
lcl|NC_029257.1_prot_XP_015622682.1_995	GRMZM2G093359_T02.CDS	86.0	2.00e-293	793	2049	429	455	429
lcl|NC_029257.1_prot_XP_015622682.1_995	GRMZM2G093359_T01.CDS	81.8	1.05e-272	740	1910	429	427	429
lcl|NC_029257.1_prot_XP_015622682.1_995	GRMZM2G029566_T03.CDS	88.7	3.68e-253	687	1774	429	355	353
lcl|NC_029257.1_prot_XP_015626705.1_1550	GRMZM2G081268_T02.CDS	82.0	1.09e-199	548	1412	345	341	344
lcl|NC_029257.1_prot_XP_015626705.1_1550	GRMZM2G081268_T01.CDS	81.2	4.44e-199	546	1408	345	341	351
lcl|NC_029257.1_prot_XP_015626705.1_1550	GRMZM2G081268_T03.CDS	81.2	4.44e-199	546	1408	345	341	351
lcl|NC_029257.1_prot_XP_015626705.1_1550	At1g67280	85.5	1.30e-184	510	1314	345	351	282
lcl|NC_029257.1_prot_XP_015626705.1_1550	GRMZM2G076006_T02.CDS	84.3	3.33e-177	491	1265	345	348	274
lcl|NC_029257.1_prot_XP_015626705.1_1550	GRMZM2G076006_T03.CDS	83.1	6.73e-90	266	680	345	249	148
lcl|NC_029257.1_prot_XP_015626705.1_1550	GRMZM2G076006_T01.CDS	83.7	3.29e-53	167	422	345	94	92
lcl|NC_029257.1_prot_XP_015627285.1_2131	GRMZM2G099696_T02.CDS	82.8	3.21e-150	421	1081	312	319	267
lcl|NC_029257.1_prot_XP_015627285.1_2131	GRMZM2G043602_T03.CDS	80.4	2.12e-149	418	1075	312	313	285
lcl|NC_029257.1_prot_XP_015627285.1_2131	GRMZM2G043602_T02.CDS	80.0	1.87e-148	417	1071	312	335	285
lcl|NC_029257.1_prot_XP_015627285.1_2131	GRMZM2G043602_T01.CDS	84.4	5.20e-127	358	919	312	226	218
lcl|NC_029257.1_prot_XP_015627285.1_2131	GRMZM2G099696_T01.CDS	81.1	5.87e-40	134	338	312	176	95
lcl|NC_029257.1_prot_XP_015626476.1_2270	At5g36880	83.1	0.0	1222	3163	705	744	692
lcl|NC_029257.1_prot_XP_025879360.1_2273	GRMZM2G172230_T01.CDS	86.0	0.0	1487	3849	942	948	924
lcl|NC_029257.1_prot_XP_015625492.1_2274	GRMZM2G172230_T01.CDS	86.4	0.0	1493	3864	938	948	920
lcl|NC_029257.1_prot_XP_015626683.1_2377	Potri.005G190500	84.9	2.60e-288	784	2024	482	479	443
lcl|NC_029257.1_prot_XP_015626683.1_2377	Potri.002G069800	86.2	2.99e-288	783	2022	482	464	428
lcl|NC_029257.1_prot_XP_015623107.1_2453	At4g08390	81.2	1.96e-163	463	1191	477	373	271
lcl|NC_029257.1_prot_XP_015623105.1_2454	At4g08390	81.2	2.03e-163	463	1191	478	373	271
lcl|NC_029257.1_prot_XP_015625535.1_2495	GRMZM2G128146_T01.CDS	90.4	7.14e-148	409	1051	247	247	228
lcl|NC_029257.1_prot_XP_015625535.1_2495	GRMZM2G059361_T01.CDS	89.7	7.81e-93	266	680	247	152	146
lcl|NC_029257.1_prot_XP_015625535.1_2495	GRMZM2G018037_T01.CDS	91.8	1.92e-77	226	576	247	123	122
lcl|NC_029257.1_prot_XP_015626682.1_2638	GRMZM2G056629_T01.CDS	80.3	3.49e-57	180	456	378	147	117
lcl|NC_029257.1_prot_XP_015626682.1_2638	GRMZM2G056629_T03.CDS	80.3	3.49e-57	180	456	378	147	117
lcl|NC_029257.1_prot_XP_015625724.1_2902	At5g60600	81.6	0.0	1212	3135	744	742	744
lcl|NC_029257.1_prot_XP_015625409.1_3229	GRMZM2G163193_T04.CDS	88.6	0.0	1313	3398	822	816	823
lcl|NC_029257.1_prot_XP_015625409.1_3229	GRMZM2G072865_T04.CDS	90.2	0.0	1284	3322	822	810	820
lcl|NC_029257.1_prot_XP_015625409.1_3229	GRMZM2G163193_T02.CDS	86.8	0.0	970	2508	822	628	634
lcl|NC_029257.1_prot_XP_015625409.1_3229	GRMZM2G072865_T05.CDS	87.7	5.10e-234	660	1702	822	477	473
lcl|NC_029257.1_prot_XP_015625409.1_3229	GRMZM2G072865_T06.CDS	84.4	3.25e-153	449	1155	822	370	360
lcl|NC_029257.1_prot_XP_015625409.1_3229	GRMZM2G072865_T01.CDS	84.4	5.11e-153	449	1155	822	383	360
lcl|NC_029257.1_prot_XP_015625409.1_3229	GRMZM2G072865_T02.CDS	82.3	9.49e-113	342	878	822	313	294
lcl|NC_029257.1_prot_XP_015625409.1_3229	GRMZM2G163193_T01.CDS	92.6	3.30e-69	220	561	822	123	122
lcl|NC_029257.1_prot_XP_015626992.1_3338	At1g79750	85.3	2.71e-60	194	494	186	647	109
lcl|NC_029257.1_prot_XP_015626993.1_3339	At1g79750	85.3	2.71e-60	194	494	186	647	109
lcl|NC_029257.1_prot_XP_015626994.1_3340	At1g79750	85.3	2.71e-60	194	494	186	647	109
lcl|NC_029257.1_prot_XP_015626995.1_3341	At1g79750	85.3	2.71e-60	194	494	186	647	109
lcl|NC_029257.1_prot_XP_015626996.1_3342	At1g79750	85.3	2.71e-60	194	494	186	647	109
lcl|NC_029257.1_prot_XP_015626997.1_3343	At1g79750	85.3	2.71e-60	194	494	186	647	109
lcl|NC_029257.1_prot_XP_025878553.1_3344	At1g79750	85.3	2.71e-60	194	494	186	647	109
lcl|NC_029257.1_prot_XP_025878554.1_3345	At1g79750	85.3	2.71e-60	194	494	186	647	109
lcl|NC_029257.1_prot_XP_015627488.1_3461	Potri.001G112000	83.3	8.48e-186	510	1313	311	303	294
lcl|NC_029257.1_prot_XP_015627488.1_3461	Potri.003G120000	83.0	3.45e-185	508	1309	311	303	294
lcl|NC_029257.1_prot_XP_015627624.1_3471	At1g63970	89.3	6.74e-103	296	757	275	232	159
lcl|NC_029257.1_prot_XP_015625719.1_3594	GRMZM2G162529_T02.CDS	91.6	7.51e-277	748	1932	403	406	405
lcl|NC_029257.1_prot_XP_015625719.1_3594	GRMZM2G026024_T01.CDS	88.4	8.96e-261	715	1845	403	583	414
lcl|NC_029257.1_prot_XP_015625719.1_3594	At1g32060	81.8	2.55e-238	650	1678	403	396	402
lcl|NC_029257.1_prot_XP_015625719.1_3594	GRMZM2G463280_T01.CDS	81.9	1.27e-216	595	1534	403	382	359
lcl|NC_029257.1_prot_XP_015625719.1_3594	GRMZM2G162529_T01.CDS	92.7	8.32e-31	108	271	403	61	55
lcl|NC_029257.1_prot_XP_015625967.1_3605	GRMZM2G106931_T01.CDS	80.5	0.0	1343	3476	876	878	878
lcl|NC_029257.1_prot_XP_015626822.1_3683	GRMZM2G069422_T01.CDS	86.8	3.26e-89	270	690	616	163	159
lcl|NC_029257.1_prot_XP_015626823.1_3684	GRMZM2G069422_T02.CDS	80.4	1.19e-285	784	2024	519	606	516
lcl|NC_029257.1_prot_XP_015626823.1_3684	GRMZM2G069422_T01.CDS	86.8	2.50e-90	270	690	519	163	159
lcl|NC_029257.1_prot_XP_015625686.1_3692	GRMZM2G147450_T01.CDS	85.6	1.10e-223	613	1582	476	321	347
lcl|NC_029257.1_prot_XP_015625688.1_3693	GRMZM2G147450_T02.CDS	84.2	6.86e-279	757	1955	449	447	450
lcl|NC_029257.1_prot_XP_015625688.1_3693	GRMZM2G029573_T03.CDS	84.0	2.53e-278	757	1955	449	482	450
lcl|NC_029257.1_prot_XP_015625688.1_3693	GRMZM2G147450_T03.CDS	82.7	3.60e-270	735	1897	449	440	450
lcl|NC_029257.1_prot_XP_015625688.1_3693	GRMZM2G029573_T02.CDS	84.1	2.58e-268	732	1890	449	489	435
lcl|NC_029257.1_prot_XP_015625688.1_3693	GRMZM2G147450_T01.CDS	92.8	6.40e-230	628	1620	449	321	320
lcl|NC_029257.1_prot_XP_015625687.1_3694	GRMZM2G147450_T01.CDS	85.6	9.78e-224	613	1582	473	321	347
lcl|NC_029257.1_prot_XP_015626102.1_3937	At3g17820	87.3	4.84e-246	666	1719	356	355	353
lcl|NC_029257.1_prot_XP_015626102.1_3937	At1g48470	80.9	5.19e-227	618	1594	356	354	350
lcl|NC_029257.1_prot_XP_015627074.1_3946	At3g17810	83.6	2.74e-241	660	1702	414	427	383
lcl|NC_029257.1_prot_XP_015625866.1_3954	GRMZM2G444034_T01.CDS	95.4	2.39e-93	291	746	1186	152	151
lcl|NC_029257.1_prot_XP_015625867.1_3955	GRMZM2G444034_T01.CDS	95.4	2.37e-93	291	746	1185	152	151
lcl|NC_029257.1_prot_XP_015625868.1_3956	GRMZM2G444034_T01.CDS	95.4	2.23e-93	291	746	1179	152	151
lcl|NC_029257.1_prot_XP_015627112.1_4000	GRMZM2G105644_T01.CDS	92.2	7.22e-308	832	2148	463	458	464
lcl|NC_029257.1_prot_XP_015627606.1_4134	A0A8X8C3Q6	82.7	3.65e-95	296	757	297	874	173
lcl|NC_029257.1_prot_XP_015627605.1_4135	A0A8X8C3Q6	82.3	5.30e-95	295	756	298	874	175
lcl|NC_029257.1_prot_XP_015626515.1_4181	At5g09650	80.5	3.39e-148	414	1063	286	301	236
lcl|NC_029257.1_prot_XP_015626189.1_4217	GRMZM2G151440_T01.CDS	87.3	1.76e-251	685	1767	426	396	387
lcl|NC_029257.1_prot_XP_015626189.1_4217	GRMZM2G151440_T03.CDS	86.0	6.31e-246	671	1730	426	391	387
lcl|NC_029257.1_prot_XP_015626189.1_4217	GRMZM2G151440_T02.CDS	85.0	5.86e-210	580	1494	426	394	347
lcl|NC_029257.1_prot_XP_015623004.1_4369	Potri.018G100400	82.7	1.05e-273	743	1918	437	432	433
lcl|NC_029257.1_prot_XP_015623004.1_4369	Potri.006G178500	82.0	1.93e-269	732	1890	437	432	433
lcl|NC_029257.1_prot_XP_015627319.1_4429	At4g31990	85.6	3.68e-271	738	1906	458	454	417
lcl|NC_029257.1_prot_XP_015627319.1_4429	AT4G31990	85.5	8.50e-270	735	1898	458	463	415
lcl|NC_029266.1_prot_XP_015616911.1_72	GRMZM2G088847_T04.CDS	93.0	3.51e-75	214	546	115	116	115
lcl|NC_029266.1_prot_XP_015616911.1_72	GRMZM2G088847_T05.CDS	93.0	3.51e-75	214	546	115	116	115
lcl|NC_029266.1_prot_XP_015616911.1_72	GRMZM2G088847_T03.CDS	93.3	8.55e-66	191	485	115	122	104
lcl|NC_029266.1_prot_XP_015616911.1_72	GRMZM2G088847_T01.CDS	93.3	8.55e-66	191	485	115	122	104
lcl|NC_029266.1_prot_XP_015616909.1_73	GRMZM2G088847_T03.CDS	92.6	5.68e-77	219	559	121	122	121
lcl|NC_029266.1_prot_XP_015616909.1_73	GRMZM2G088847_T01.CDS	92.6	5.68e-77	219	559	121	122	121
lcl|NC_029266.1_prot_XP_015616909.1_73	GRMZM2G088847_T04.CDS	93.3	1.28e-65	191	484	121	116	104
lcl|NC_029266.1_prot_XP_015616909.1_73	GRMZM2G088847_T05.CDS	93.3	1.28e-65	191	484	121	116	104
lcl|NC_029266.1_prot_XP_015615546.1_462	GRMZM2G127230_T01.CDS	85.1	1.56e-314	856	2211	550	546	549
lcl|NC_029266.1_prot_XP_015615546.1_462	GRMZM2G127230_T02.CDS	89.1	4.71e-299	814	2103	550	487	486
lcl|NC_029266.1_prot_XP_015617529.1_463	GRMZM2G113093_T02.CDS	85.0	1.61e-316	862	2226	557	557	559
lcl|NC_029266.1_prot_XP_015617529.1_463	GRMZM2G113093_T01.CDS	89.7	1.09e-211	588	1515	557	352	351
lcl|NC_029266.1_prot_XP_015616863.1_579	GRMZM2G118286_T01.CDS	84.5	0.0	1208	3126	697	699	698
lcl|NC_029266.1_prot_XP_015616863.1_579	GRMZM2G117064_T01.CDS	83.8	0.0	1171	3030	697	672	697
lcl|NC_029266.1_prot_XP_015616864.1_580	GRMZM2G118286_T01.CDS	84.5	0.0	1208	3126	697	699	698
lcl|NC_029266.1_prot_XP_015616864.1_580	GRMZM2G117064_T01.CDS	83.8	0.0	1171	3030	697	672	697
lcl|NC_029266.1_prot_XP_025877247.1_582	GRMZM2G053466_T06.CDS	82.6	7.67e-242	671	1731	651	425	413
lcl|NC_029266.1_prot_XP_025877247.1_582	GRMZM2G053466_T02.CDS	81.1	6.90e-165	470	1210	651	298	296
lcl|NC_029266.1_prot_XP_015616895.1_590	At4g38970	80.9	3.36e-233	637	1643	388	399	398
lcl|NC_029266.1_prot_XP_015616895.1_590	At2g21330	80.8	2.34e-231	632	1631	388	400	401
lcl|NC_029266.1_prot_XP_015617047.1_691	GRMZM2G060800_T02.CDS	80.5	5.49e-290	788	2035	482	479	482
lcl|NC_029266.1_prot_XP_015617047.1_691	GRMZM2G060800_T01.CDS	82.8	1.93e-259	710	1832	482	457	418
lcl|NC_029266.1_prot_XP_015616899.1_1512	GRMZM2G440208_T01.CDS	91.2	0.0	908	2347	508	508	510
lcl|NC_029266.1_prot_XP_015615510.1_1533	GRMZM2G116634_T01.CDS	83.6	1.34e-144	407	1045	363	274	244
lcl|NC_029266.1_prot_XP_015615510.1_1533	GRMZM2G116634_T02.CDS	83.6	1.34e-144	407	1045	363	274	244
lcl|NC_029266.1_prot_XP_015615177.1_1711	GRMZM2G117614_T04.CDS	83.9	0.0	987	2551	669	649	595
lcl|NC_029266.1_prot_XP_015615177.1_1711	GRMZM2G117614_T03.CDS	86.9	0.0	962	2487	669	627	556
lcl|NC_029266.1_prot_XP_015615177.1_1711	GRMZM2G117614_T02.CDS	86.9	0.0	962	2487	669	558	556
lcl|NC_029266.1_prot_XP_015615177.1_1711	GRMZM2G117614_T01.CDS	86.4	0.0	912	2358	669	523	530
lcl|NC_029266.1_prot_XP_015618050.1_1718	At2g44350	81.6	1.74e-294	799	2063	472	475	473
lcl|NC_029266.1_prot_XP_015617022.1_1920	At1g06820	84.7	0.0	899	2323	641	596	518
lcl|NC_029266.1_prot_XP_015617767.1_2106	GRMZM2G105570_T01.CDS	89.2	0.0	1054	2726	690	706	702
lcl|NC_029266.1_prot_XP_025877313.1_2339	GRMZM2G302233_T01.CDS	86.3	0.0	905	2338	661	654	542
lcl|NC_029259.1_prot_XP_015633439.1_22	GRMZM2G023023_T01.CDS	83.5	4.67e-200	559	1441	608	327	321
lcl|NC_029259.1_prot_XP_015633439.1_22	GRMZM2G103825_T01.CDS	87.4	2.56e-52	171	434	608	116	95
lcl|NC_029259.1_prot_XP_015633440.1_23	GRMZM2G023023_T01.CDS	83.5	7.58e-201	559	1441	557	327	321
lcl|NC_029259.1_prot_XP_015633440.1_23	GRMZM2G103825_T01.CDS	81.8	3.76e-17	73.9	180	557	116	44
lcl|NC_029259.1_prot_XP_015636156.1_51	At4g08870	80.6	2.83e-197	542	1396	340	345	340
lcl|NC_029259.1_prot_XP_015636508.1_148	At1g01090	85.8	4.32e-225	619	1597	425	429	353
lcl|NC_029259.1_prot_XP_015637092.1_369	Os04g0178300	100	0.0	1575	4079	767	767	767
lcl|NC_029259.1_prot_XP_015637093.1_370	Os04g0178300	99.9	0.0	1569	4063	766	767	767
lcl|NC_029259.1_prot_XP_015633583.1_376	Os04g0179700	100	0.0	1679	4349	842	842	842
lcl|NC_029259.1_prot_XP_015633459.1_557	At3g55800	84.1	1.57e-210	580	1494	392	394	345
lcl|NC_029259.1_prot_XP_015636785.1_811	At1g04620	82.9	2.45e-270	737	1903	471	463	421
lcl|NC_029259.1_prot_XP_015636786.1_812	At1g04620	80.3	1.62e-258	707	1824	459	463	421
lcl|NC_029259.1_prot_XP_015635921.1_1043	GRMZM2G099696_T02.CDS	91.7	1.82e-181	500	1287	318	319	290
lcl|NC_029259.1_prot_XP_015635921.1_1043	GRMZM2G043602_T03.CDS	84.6	2.45e-166	461	1187	318	313	292
lcl|NC_029259.1_prot_XP_015635921.1_1043	GRMZM2G043602_T02.CDS	84.2	2.19e-165	460	1183	318	335	292
lcl|NC_029259.1_prot_XP_015635921.1_1043	GRMZM2G351023_T01.CDS	87.1	1.65e-148	416	1070	318	315	256
lcl|NC_029259.1_prot_XP_015635921.1_1043	GRMZM2G043602_T01.CDS	90.8	7.28e-138	386	991	318	226	218
lcl|NC_029259.1_prot_XP_015635921.1_1043	GRMZM2G099696_T01.CDS	87.3	7.08e-59	183	465	318	176	118
lcl|NC_029259.1_prot_XP_015636259.1_1064	At2g43710	82.5	2.48e-227	622	1605	390	402	361
lcl|NC_029259.1_prot_XP_015636336.1_1112	GRMZM2G112176_T02.CDS	84.2	3.30e-77	232	591	389	155	139
lcl|NC_029259.1_prot_XP_015636336.1_1112	GRMZM2G112176_T01.CDS	86.6	7.75e-77	230	587	389	139	134
lcl|NC_029259.1_prot_XP_015635530.1_1170	GRMZM2G123922_T01.CDS	96.6	0.0	1690	4377	918	922	921
lcl|NC_029259.1_prot_XP_015635530.1_1170	GRMZM2G009443_T01.CDS	89.2	0.0	1513	3918	918	922	890
lcl|NC_029259.1_prot_XP_015635530.1_1170	GRMZM2G001084_T01.CDS	91.4	0.0	1256	3250	918	897	734
lcl|NC_029259.1_prot_XP_015636684.1_1222	At5g36880	81.0	0.0	1152	2980	747	744	668
lcl|NC_029259.1_prot_XP_015636344.1_1224	GRMZM2G149567_T01.CDS	88.0	0.0	1507	3901	937	933	893
lcl|NC_029259.1_prot_XP_015636344.1_1224	GRMZM2G149567_T02.CDS	83.0	6.09e-255	716	1849	937	455	454
lcl|NC_029259.1_prot_XP_015636346.1_1225	GRMZM2G149567_T01.CDS	84.8	0.0	1436	3716	907	933	893
lcl|NC_029259.1_prot_XP_015636345.1_1226	GRMZM2G149567_T01.CDS	87.2	0.0	1483	3839	925	933	893
lcl|NC_029259.1_prot_XP_015636345.1_1226	GRMZM2G149567_T02.CDS	81.5	9.76e-246	692	1787	925	455	454
lcl|NC_029259.1_prot_XP_015635866.1_1248	At5g22510	80.3	8.87e-303	830	2144	574	618	492
lcl|NC_029259.1_prot_XP_015635933.1_1368	Potri.005G139800	80.5	0.0	907	2345	563	560	553
lcl|NC_029259.1_prot_XP_015635933.1_1368	Potri.007G045400	80.6	0.0	894	2310	563	560	541
lcl|NC_029259.1_prot_XP_015635863.1_1410	At4g08390	82.7	2.93e-171	478	1230	359	373	272
lcl|NC_029259.1_prot_XP_015635863.1_1410	At1g77490	81.7	4.55e-169	474	1221	359	427	273
lcl|NC_029259.1_prot_XP_015634289.1_1515	At5g46290	80.9	1.73e-265	726	1873	462	490	445
lcl|NC_029259.1_prot_XP_015637182.1_1528	GRMZM2G104843_T01.CDS	85.7	0.0	1547	4005	922	942	921
lcl|NC_029259.1_prot_XP_015635988.1_1617	At1g12900	84.8	6.57e-245	669	1726	402	442	402
lcl|NC_029259.1_prot_XP_015635988.1_1617	At3g26650	87.1	9.75e-243	662	1707	402	397	387
lcl|NC_029259.1_prot_XP_015636788.1_1906	At5g36790	90.2	1.45e-196	542	1396	365	363	295
lcl|NC_029259.1_prot_XP_015636788.1_1906	At5g36700	90.2	1.45e-196	542	1396	365	363	295
lcl|NC_029259.1_prot_XP_015635555.1_2012	GRMZM2G164714_T01.CDS	84.6	5.94e-270	739	1907	503	491	455
lcl|NC_029259.1_prot_XP_015635555.1_2012	GRMZM2G164714_T02.CDS	83.7	1.08e-264	725	1872	503	487	455
lcl|NC_029259.1_prot_XP_015633401.1_2056	At5g14590	81.3	7.95e-258	707	1824	478	486	422
lcl|NC_029259.1_prot_XP_015633750.1_2225	GRMZM2G177937_T01.CDS	87.7	1.91e-43	135	341	180	74	73
lcl|NC_029259.1_prot_XP_015634148.1_2610	At5g52570	81.6	5.42e-123	351	900	309	304	201
lcl|NC_029259.1_prot_XP_015635122.1_2747	At1g32060	82.9	4.33e-211	582	1499	402	396	346
lcl|NC_029259.1_prot_XP_015635122.1_2747	GRMZM2G162529_T01.CDS	83.6	8.23e-26	95.5	236	402	61	55
lcl|NC_029259.1_prot_XP_015633457.1_2912	Potri.001G159700	80.5	1.09e-287	783	2022	493	487	473
lcl|NC_029259.1_prot_XP_015633457.1_2912	Potri.003G074700	80.1	1.59e-285	778	2008	493	489	473
lcl|NC_029259.1_prot_XP_015636709.1_2934	Potri.016G018500	83.6	1.77e-292	797	2059	516	515	457
lcl|NC_029259.1_prot_XP_015634974.1_2984	At3g22425	86.1	1.19e-120	342	877	269	271	202
lcl|NC_029259.1_prot_XP_015634974.1_2984	At4g14910	85.6	6.95e-112	321	823	269	309	188
lcl|NC_029259.1_prot_XP_015634966.1_2987	Potri.011G156100	82.3	1.52e-239	654	1687	391	418	390
lcl|NC_029259.1_prot_XP_015634966.1_2987	Potri.001G459700	80.8	5.63e-235	642	1657	391	418	390
lcl|NC_029259.1_prot_XP_015634966.1_2987	Potri.006G022000	80.8	2.42e-234	640	1650	391	391	390
lcl|NC_029259.1_prot_XP_015634966.1_2987	Potri.016G020000	81.8	3.20e-158	442	1138	391	278	274
lcl|NC_029259.1_prot_XP_025880581.1_2988	Potri.011G156100	82.3	1.52e-239	654	1687	391	418	390
lcl|NC_029259.1_prot_XP_025880581.1_2988	Potri.001G459700	80.8	5.63e-235	642	1657	391	418	390
lcl|NC_029259.1_prot_XP_025880581.1_2988	Potri.006G022000	80.8	2.42e-234	640	1650	391	391	390
lcl|NC_029259.1_prot_XP_025880581.1_2988	Potri.016G020000	81.8	3.20e-158	442	1138	391	278	274
lcl|NC_029259.1_prot_XP_015635501.1_3040	AT1G11860	81.2	1.59e-234	642	1655	408	409	378
lcl|NC_029259.1_prot_XP_015635501.1_3040	At1g11860	81.2	2.76e-234	642	1655	408	424	378
lcl|NC_029259.1_prot_XP_015635501.1_3040	A0A816UFB7	81.2	2.67e-224	641	1653	408	1103	378
lcl|NC_029259.1_prot_XP_025880871.1_3222	GRMZM2G022192_T01.CDS	87.4	2.88e-304	830	2144	556	544	509
lcl|NC_029259.1_prot_XP_025880871.1_3222	GRMZM2G022192_T03.CDS	87.4	2.99e-304	830	2144	556	545	509
lcl|NC_029259.1_prot_XP_025880871.1_3222	GRMZM2G022192_T02.CDS	89.0	6.17e-256	703	1814	556	428	426
lcl|NC_029259.1_prot_XP_015635449.1_3298	At4g34200	81.2	1.63e-314	861	2224	613	604	543
lcl|NC_029259.1_prot_XP_015635449.1_3298	At3g19480	80.8	1.32e-307	843	2177	613	589	543
lcl|NC_029259.1_prot_XP_015635322.1_3357	At5g35630	84.5	1.55e-254	694	1791	428	431	386
lcl|NC_029259.1_prot_XP_015633939.1_3538	A0A5N6R1Y5	82.3	2.90e-240	671	1730	469	709	400
lcl|NC_029259.1_prot_XP_015633866.1_3568	GRMZM2G084958_T05.CDS	86.0	9.26e-237	645	1665	387	387	385
lcl|NC_029259.1_prot_XP_015633866.1_3568	GRMZM2G084958_T06.CDS	86.2	1.42e-235	642	1657	387	385	385
lcl|NC_029259.1_prot_XP_015633866.1_3568	GRMZM2G084958_T04.CDS	85.8	6.46e-235	641	1653	387	388	386
lcl|NC_029259.1_prot_XP_015633866.1_3568	GRMZM2G084958_T03.CDS	88.9	1.14e-225	616	1589	387	357	351
lcl|NC_029259.1_prot_XP_015633866.1_3568	GRMZM2G084958_T01.CDS	92.6	9.19e-194	533	1372	387	286	284
lcl|NC_029259.1_prot_XP_015633866.1_3568	GRMZM2G073351_T01.CDS	81.0	2.81e-169	471	1211	387	285	284
lcl|NC_029259.1_prot_XP_015633866.1_3568	GRMZM2G073351_T04.CDS	81.0	2.81e-169	471	1211	387	285	284
lcl|NC_029259.1_prot_XP_015633463.1_3639	GRMZM2G406074_T01.CDS	81.2	1.57e-109	310	795	226	229	186
lcl|NC_029259.1_prot_XP_015633953.1_3675	At1g44575	80.3	2.95e-123	348	892	254	266	229
lcl|NC_029258.1_prot_XP_015627898.1_4	At2g44530	84.4	1.54e-189	526	1355	382	395	307
lcl|NC_029258.1_prot_XP_015627898.1_4	At1g32380	80.4	1.32e-182	509	1310	382	401	317
lcl|NC_029258.1_prot_XP_015631995.1_31	GRMZM2G168281_T01.CDS	90.9	1.26e-187	514	1325	310	304	276
lcl|NC_029258.1_prot_XP_015631996.1_32	GRMZM2G168281_T01.CDS	90.4	1.48e-207	565	1455	303	304	303
lcl|NC_029258.1_prot_XP_015631732.1_60	Potri.009G040200	97.7	0.0	884	2285	447	451	441
lcl|NC_029258.1_prot_XP_015631732.1_60	Potri.003G125400	98.2	0.0	884	2284	447	447	440
lcl|NC_029258.1_prot_XP_015631732.1_60	Potri.001G106100	97.7	0.0	883	2282	447	448	441
lcl|NC_029258.1_prot_XP_015631732.1_60	Potri.001G246900	97.5	0.0	878	2268	447	450	438
lcl|NC_029258.1_prot_XP_015631732.1_60	Potri.016G033200	96.4	0.0	874	2259	447	451	442
lcl|NC_029258.1_prot_XP_015631732.1_60	Potri.006G035400	96.8	0.0	873	2255	447	449	440
lcl|NC_029258.1_prot_XP_015631732.1_60	Potri.001G272800	96.2	0.0	871	2251	447	446	442
lcl|NC_029258.1_prot_XP_015631732.1_60	Potri.009G067200	95.9	0.0	871	2250	447	447	443
lcl|NC_029258.1_prot_XP_015631732.1_60	Potri.006G095000	96.2	0.0	868	2244	447	445	442
lcl|NC_029258.1_prot_XP_015631732.1_60	Potri.009G067100	95.9	0.0	867	2241	447	447	442
lcl|NC_029258.1_prot_XP_015627819.1_106	A0A7G2DUG9	81.6	1.83e-62	203	517	175	963	125
lcl|NC_029258.1_prot_XP_015632268.2_212	Potri.003G120400	84.9	1.39e-152	443	1139	823	255	251
lcl|NC_029258.1_prot_XP_015628773.1_277	At4g25700	81.8	1.27e-126	359	922	285	311	214
lcl|NC_029258.1_prot_XP_015628773.1_277	At5g52570	84.4	1.33e-124	354	908	285	304	205
lcl|NC_029258.1_prot_XP_015630808.1_345	At1g42970	81.6	4.67e-262	714	1844	444	448	452
lcl|NC_029258.1_prot_XP_015629039.1_351	GRMZM2G092813_T01.CDS	83.2	0.0	943	2437	578	579	582
lcl|NC_029258.1_prot_XP_015631409.1_407	At2g05710	84.8	0.0	1577	4084	986	991	905
lcl|NC_029258.1_prot_XP_015631409.1_407	GRMZM2G020801_T01.CDS	87.0	0.0	1418	3670	986	798	793
lcl|NC_029258.1_prot_XP_015630737.1_772	At5g61410	90.7	2.40e-152	423	1087	274	282	236
lcl|NC_029258.1_prot_XP_015630875.1_865	GRMZM2G017616_T02.CDS	85.8	0.0	1585	4103	918	923	929
lcl|NC_029258.1_prot_XP_015630875.1_865	GRMZM2G017616_T01.CDS	83.3	0.0	1570	4064	918	951	957
lcl|NC_029258.1_prot_XP_025879823.1_866	GRMZM2G017616_T02.CDS	90.3	0.0	1140	2948	816	923	619
lcl|NC_029258.1_prot_XP_025879823.1_866	GRMZM2G017616_T01.CDS	86.4	0.0	1125	2909	816	951	647
lcl|NC_029258.1_prot_XP_015633098.1_913	At4g14210	83.9	0.0	908	2347	584	567	528
lcl|NC_029258.1_prot_XP_015633100.1_914	At4g14210	83.9	0.0	908	2347	584	567	528
lcl|NC_029258.1_prot_XP_015633101.1_915	At4g14210	84.9	0.0	916	2367	578	567	522
lcl|NC_029258.1_prot_XP_015630517.1_1239	GRMZM2G098667_T02.CDS	85.4	5.04e-309	836	2159	476	476	474
lcl|NC_029258.1_prot_XP_015630517.1_1239	GRMZM2G098667_T01.CDS	85.4	5.04e-309	836	2159	476	476	474
lcl|NC_029258.1_prot_XP_015630517.1_1239	GRMZM2G098667_T03.CDS	86.5	2.75e-122	351	901	476	192	185
lcl|NC_029258.1_prot_XP_015631679.1_1318	At3g17820	82.7	1.65e-235	640	1650	357	355	353
lcl|NC_029258.1_prot_XP_015627912.1_1422	Potri.T059200	83.5	1.70e-314	851	2199	492	497	496
lcl|NC_029258.1_prot_XP_015627912.1_1422	Potri.004G075300	82.8	6.58e-313	847	2189	492	501	500
lcl|NC_029258.1_prot_XP_015627912.1_1422	Potri.004G075200	83.7	3.52e-312	845	2184	492	499	498
lcl|NC_029258.1_prot_XP_015627912.1_1422	Potri.010G100500	81.1	4.78e-302	820	2118	492	504	498
lcl|NC_029258.1_prot_XP_015627912.1_1422	Potri.T059300	90.9	4.48e-29	105	263	492	77	55
lcl|NC_029258.1_prot_XP_015631121.1_1571	GRMZM2G088305_T01.CDS	86.1	1.24e-11	62.4	150	1127	249	36
lcl|NC_029258.1_prot_XP_015631118.1_1572	GRMZM2G088305_T01.CDS	86.1	1.25e-11	62.4	150	1133	249	36
lcl|NC_029258.1_prot_XP_015631120.1_1573	GRMZM2G088305_T01.CDS	86.1	1.25e-11	62.4	150	1133	249	36
lcl|NC_029258.1_prot_XP_015631311.1_1670	GRMZM2G161337_T02.CDS	87.7	0.0	1017	2629	606	605	609
lcl|NC_029258.1_prot_XP_015631311.1_1670	GRMZM2G161337_T01.CDS	96.3	1.32e-223	619	1596	606	328	327
lcl|NC_029258.1_prot_XP_015631311.1_1670	GRMZM2G161337_T03.CDS	96.1	3.91e-98	292	748	606	153	152
lcl|NC_029258.1_prot_XP_015632363.1_1703	At3g54050	82.0	3.40e-219	603	1555	406	418	366
lcl|NC_029258.1_prot_XP_015630202.1_1717	GRMZM2G160452_T01.CDS	89.2	0.0	868	2243	463	465	463
lcl|NC_029258.1_prot_XP_015630202.1_1717	GRMZM2G160452_T03.CDS	89.2	0.0	868	2243	463	465	463
lcl|NC_029258.1_prot_XP_015630202.1_1717	GRMZM2G160452_T02.CDS	88.1	4.37e-147	415	1067	463	228	226
lcl|NC_029258.1_prot_XP_015630203.1_1718	GRMZM2G160452_T01.CDS	89.2	0.0	868	2243	463	465	463
lcl|NC_029258.1_prot_XP_015630203.1_1718	GRMZM2G160452_T03.CDS	89.2	0.0	868	2243	463	465	463
lcl|NC_029258.1_prot_XP_015630203.1_1718	GRMZM2G160452_T02.CDS	88.1	4.37e-147	415	1067	463	228	226
lcl|NC_029258.1_prot_XP_015632712.1_1719	Potri.010G198800	86.7	1.24e-235	640	1652	361	362	361
lcl|NC_029258.1_prot_XP_015632712.1_1719	Potri.008G060100	85.9	6.87e-233	634	1634	361	362	361
lcl|NC_029258.1_prot_XP_015632712.1_1719	Potri.006G090300	83.7	2.23e-222	607	1565	361	362	361
lcl|NC_029258.1_prot_XP_015632713.1_1720	Potri.010G198800	86.7	1.24e-235	640	1652	361	362	361
lcl|NC_029258.1_prot_XP_015632713.1_1720	Potri.008G060100	85.9	6.87e-233	634	1634	361	362	361
lcl|NC_029258.1_prot_XP_015632713.1_1720	Potri.006G090300	83.7	2.23e-222	607	1565	361	362	361
lcl|NC_029258.1_prot_XP_015632111.1_1782	Potri.010G207200	88.3	4.89e-231	628	1619	350	347	341
lcl|NC_029258.1_prot_XP_015632111.1_1782	Potri.008G053100	86.5	2.83e-230	626	1614	350	347	348
lcl|NC_029258.1_prot_XP_015632111.1_1782	Potri.001G237200	86.6	4.99e-224	610	1573	350	347	343
lcl|NC_029258.1_prot_XP_015630773.1_1783	Potri.011G103700	82.9	0.0	1154	2986	679	671	671
lcl|NC_029258.1_prot_XP_015630773.1_1783	Potri.001G383500	83.5	0.0	1151	2977	679	671	671
lcl|NC_029258.1_prot_XP_015630775.1_1784	Potri.011G103700	82.9	0.0	1154	2986	675	671	671
lcl|NC_029258.1_prot_XP_015630775.1_1784	Potri.001G383500	83.5	0.0	1151	2977	675	671	671
lcl|NC_029258.1_prot_XP_015630776.1_1785	Potri.011G103700	82.9	0.0	1154	2986	675	671	671
lcl|NC_029258.1_prot_XP_015630776.1_1785	Potri.001G383500	83.5	0.0	1151	2977	675	671	671
lcl|NC_029258.1_prot_XP_025880251.1_1889	GRMZM2G114354_T05.CDS	82.1	0.0	999	2582	640	590	593
lcl|NC_029258.1_prot_XP_025880251.1_1889	GRMZM2G114354_T03.CDS	80.8	1.22e-302	828	2139	640	511	499
lcl|NC_029258.1_prot_XP_025880251.1_1889	GRMZM2G114354_T01.CDS	83.1	1.49e-302	839	2167	640	786	490
lcl|NC_029258.1_prot_XP_025880251.1_1889	GRMZM2G114354_T04.CDS	80.4	1.24e-279	771	1990	640	533	470
lcl|NC_029258.1_prot_XP_025880252.1_1890	GRMZM2G114354_T05.CDS	82.1	0.0	999	2582	640	590	593
lcl|NC_029258.1_prot_XP_025880252.1_1890	GRMZM2G114354_T03.CDS	80.8	1.22e-302	828	2139	640	511	499
lcl|NC_029258.1_prot_XP_025880252.1_1890	GRMZM2G114354_T01.CDS	83.1	1.49e-302	839	2167	640	786	490
lcl|NC_029258.1_prot_XP_025880252.1_1890	GRMZM2G114354_T04.CDS	80.4	1.24e-279	771	1990	640	533	470
lcl|NC_029258.1_prot_XP_025880253.1_1891	GRMZM2G114354_T05.CDS	82.1	0.0	999	2582	640	590	593
lcl|NC_029258.1_prot_XP_025880253.1_1891	GRMZM2G114354_T03.CDS	80.8	1.22e-302	828	2139	640	511	499
lcl|NC_029258.1_prot_XP_025880253.1_1891	GRMZM2G114354_T01.CDS	83.1	1.49e-302	839	2167	640	786	490
lcl|NC_029258.1_prot_XP_025880253.1_1891	GRMZM2G114354_T04.CDS	80.4	1.24e-279	771	1990	640	533	470
lcl|NC_029258.1_prot_XP_015628700.2_1892	GRMZM2G114354_T05.CDS	82.3	0.0	1004	2595	639	590	592
lcl|NC_029258.1_prot_XP_015628700.2_1892	GRMZM2G114354_T03.CDS	80.9	1.24e-304	833	2152	639	511	498
lcl|NC_029258.1_prot_XP_015628700.2_1892	GRMZM2G114354_T01.CDS	83.1	7.12e-303	840	2169	639	786	490
lcl|NC_029258.1_prot_XP_015628700.2_1892	GRMZM2G114354_T04.CDS	80.6	1.27e-281	776	2003	639	533	469
lcl|NC_029258.1_prot_XP_015628701.1_1893	GRMZM2G114354_T01.CDS	83.5	4.64e-107	321	823	211	786	194
lcl|NC_029258.1_prot_XP_015631876.1_1914	Potri.016G120100	81.0	0.0	1003	2592	605	606	606
lcl|NC_029258.1_prot_XP_015631876.1_1914	Potri.006G102500	83.3	0.0	978	2528	605	606	564
lcl|NC_029258.1_prot_XP_015631876.1_1914	Potri.004G054100	81.6	0.0	966	2497	605	583	571
lcl|NC_029258.1_prot_XP_015631876.1_1914	Potri.011G064000	82.2	0.0	964	2491	605	594	566
lcl|NC_029258.1_prot_XP_015631876.1_1914	Potri.T102400	82.0	0.0	962	2488	605	594	566
lcl|NC_029258.1_prot_XP_015631876.1_1914	Potri.T143400	81.3	8.78e-196	548	1412	605	322	321
lcl|NC_029258.1_prot_XP_015628213.1_1955	At2g30200	82.0	5.15e-189	525	1352	387	394	333
lcl|NC_029258.1_prot_XP_015631441.1_1973	At4g33680	81.6	8.54e-262	715	1846	464	462	419
lcl|NC_029258.1_prot_XP_015629196.1_2024	GRMZM2G387383_T01.CDS	85.3	6.50e-321	893	2308	1022	583	536
lcl|NC_029258.1_prot_XP_015632166.1_2142	At3g56490	82.9	1.00e-80	230	587	129	148	129
lcl|NC_029258.1_prot_XP_025880259.1_2148	At5g13630	82.8	0.0	2296	5949	1387	1382	1390
lcl|NC_029258.1_prot_XP_015630467.1_2264	At2g40490	80.1	5.27e-211	581	1497	390	395	362
lcl|NC_029258.1_prot_XP_015630178.1_2545	GRMZM2G100452_T01.CDS	82.6	9.23e-218	596	1537	376	368	350
lcl|NC_029258.1_prot_XP_015630375.1_2598	At1g22410	87.2	1.19e-301	823	2125	555	528	454
lcl|NC_029258.1_prot_XP_015630375.1_2598	At4g33510	81.9	1.32e-286	784	2024	555	508	454
lcl|NC_029258.1_prot_XP_015628664.1_2750	At5g35790	82.5	1.80e-302	828	2138	577	577	498
lcl|NC_029258.1_prot_XP_015628664.1_2750	GRMZM2G177077_T01.CDS	81.0	2.10e-297	816	2107	577	599	496
lcl|NC_029258.1_prot_XP_015628664.1_2750	At1g24280	80.4	1.60e-292	803	2075	577	600	496
lcl|NC_029258.1_prot_XP_015628665.1_2751	At5g35790	82.7	3.47e-274	751	1938	451	577	450
lcl|NC_029258.1_prot_XP_015628665.1_2751	At5g13110	80.0	1.23e-267	735	1897	451	597	451
lcl|NC_029258.1_prot_XP_025879583.1_2797	GRMZM2G156516_T02.CDS	81.4	6.94e-62	187	475	166	232	118
lcl|NC_029258.1_prot_XP_025879583.1_2797	GRMZM2G156516_T01.CDS	81.4	6.94e-62	187	475	166	232	118
lcl|NC_029258.1_prot_XP_025879583.1_2797	GRMZM2G448446_T04.CDS	83.2	6.05e-60	181	460	166	207	107
lcl|NC_029258.1_prot_XP_015630087.1_2845	Potri.017G092000	84.2	8.19e-304	823	2126	481	482	482
lcl|NC_029258.1_prot_XP_015630087.1_2845	Potri.004G118600	84.2	2.49e-298	809	2090	481	482	482
lcl|NC_029258.1_prot_XP_015630087.1_2845	Potri.008G094300	81.7	2.66e-295	801	2070	481	481	481
lcl|NC_029258.1_prot_XP_015630087.1_2845	Potri.010G159800	80.7	4.89e-291	791	2042	481	481	481
lcl|NC_029258.1_prot_XP_015630429.1_2852	GRMZM2G162968_T01.CDS	90.8	0.0	1615	4183	978	975	984
lcl|NC_029258.1_prot_XP_015630429.1_2852	GRMZM2G130121_T01.CDS	93.4	0.0	1097	2838	978	654	654
lcl|NC_029258.1_prot_XP_025879843.1_2853	GRMZM2G162968_T01.CDS	90.8	0.0	1615	4183	978	975	984
lcl|NC_029258.1_prot_XP_025879843.1_2853	GRMZM2G130121_T01.CDS	93.4	0.0	1097	2838	978	654	654
lcl|NC_029258.1_prot_XP_015627981.1_2981	GRMZM2G419806_T03.CDS	89.7	1.98e-254	693	1788	415	423	419
lcl|NC_029258.1_prot_XP_015627981.1_2981	GRMZM2G419806_T01.CDS	85.4	4.78e-251	685	1768	415	444	438
lcl|NC_029258.1_prot_XP_015627981.1_2981	GRMZM2G419806_T02.CDS	93.4	2.02e-249	682	1759	415	460	378
lcl|NC_029258.1_prot_XP_015627981.1_2981	At5g45930	84.3	5.51e-216	595	1535	415	419	364
lcl|NC_029258.1_prot_XP_015627981.1_2981	At4g18480	83.3	1.31e-213	590	1520	415	425	365
lcl|NC_029258.1_prot_XP_015628123.1_2988	Potri.015G088500	86.9	7.60e-151	423	1087	320	329	245
lcl|NC_029258.1_prot_XP_015629261.1_3193	Potri.017G092000	83.4	1.97e-309	837	2163	482	482	483
lcl|NC_029258.1_prot_XP_015629261.1_3193	Potri.004G118600	82.0	6.37e-299	811	2094	482	482	483
lcl|NC_029258.1_prot_XP_015629261.1_3193	Potri.008G094300	80.7	2.50e-298	809	2090	482	481	482
lcl|NC_029258.1_prot_XP_015627776.1_3363	GRMZM2G016602_T03.CDS	92.7	5.91e-262	712	1837	418	416	399
lcl|NC_029258.1_prot_XP_015627776.1_3363	GRMZM2G016602_T01.CDS	92.7	5.91e-262	712	1837	418	416	399
lcl|NC_029258.1_prot_XP_015627776.1_3363	GRMZM2G016602_T02.CDS	88.5	4.28e-257	700	1807	418	434	417
lcl|NC_029258.1_prot_XP_015627776.1_3363	GRMZM2G016602_T04.CDS	95.5	1.74e-178	494	1273	418	267	265
lcl|NC_029258.1_prot_XP_015631374.1_3406	At2g34590	86.0	3.12e-213	587	1514	400	407	342
lcl|NC_029258.1_prot_XP_015631374.1_3406	At1g30120	88.1	3.62e-212	585	1507	400	407	328
lcl|NC_029258.1_prot_XP_025879628.1_3407	At2g34590	86.0	7.81e-214	587	1512	347	407	342
lcl|NC_029258.1_prot_XP_025879628.1_3407	At1g30120	88.1	4.51e-213	585	1507	347	407	328
lcl|NC_029258.1_prot_XP_015628274.1_3460	GRMZM2G065194_T01.CDS	82.4	8.18e-197	541	1393	343	342	346
lcl|NC_029258.1_prot_XP_015628274.1_3460	At5g04900	80.6	1.91e-164	459	1181	343	349	278
lcl|NC_029258.1_prot_XP_015633256.1_3472	At1g80560	81.6	1.30e-216	596	1537	408	406	370
lcl|NC_029258.1_prot_XP_015632680.1_3501	Potri.001G464400	94.9	1.78e-312	842	2175	446	446	432
lcl|NC_029258.1_prot_XP_015632680.1_3501	Potri.009G067200	93.0	1.85e-312	842	2175	446	447	444
lcl|NC_029258.1_prot_XP_015632680.1_3501	Potri.009G067100	93.4	7.54e-312	840	2171	446	447	438
lcl|NC_029258.1_prot_XP_015632680.1_3501	Potri.003G126800	92.7	9.93e-312	840	2170	446	445	438
lcl|NC_029258.1_prot_XP_015632680.1_3501	Potri.001G246900	94.4	1.20e-311	840	2170	446	450	431
lcl|NC_029258.1_prot_XP_015632680.1_3501	Potri.001G272800	91.2	4.20e-311	838	2166	446	446	445
lcl|NC_029258.1_prot_XP_015632680.1_3501	Potri.003G125400	92.1	6.19e-311	838	2165	446	447	445
lcl|NC_029258.1_prot_XP_015632680.1_3501	Potri.009G040200	94.2	7.20e-311	838	2165	446	451	431
lcl|NC_029258.1_prot_XP_015632680.1_3501	Potri.006G095000	92.9	8.15e-311	838	2164	446	445	436
lcl|NC_029258.1_prot_XP_015632680.1_3501	Potri.015G038800	92.7	8.15e-311	838	2164	446	445	440
lcl|NC_029258.1_prot_XP_015632347.1_3567	GRMZM5G868168_T04.CDS	82.4	6.88e-210	576	1485	353	390	353
lcl|NC_029258.1_prot_XP_015632347.1_3567	GRMZM5G868168_T03.CDS	88.1	2.82e-195	536	1381	353	313	302
lcl|NC_029258.1_prot_XP_015632347.1_3567	GRMZM5G868168_T01.CDS	91.7	9.65e-143	399	1026	353	218	217
lcl|NC_029258.1_prot_XP_015632348.1_3568	GRMZM5G868168_T03.CDS	88.1	2.50e-195	536	1380	341	313	302
lcl|NC_029258.1_prot_XP_015632348.1_3568	GRMZM5G868168_T04.CDS	84.1	3.53e-195	538	1387	341	390	320
lcl|NC_029258.1_prot_XP_015632348.1_3568	GRMZM5G868168_T01.CDS	91.7	6.16e-143	399	1026	341	218	217
lcl|NC_029258.1_prot_XP_015632971.1_3622	At2g29630	83.2	0.0	1088	2814	639	645	618
lcl|NC_029258.1_prot_XP_015632972.1_3623	At2g29630	83.2	0.0	1088	2814	639	645	618
lcl|NC_029258.1_prot_XP_015627887.1_3849	GRMZM5G819320_T02.CDS	84.5	3.40e-129	376	966	586	282	278
lcl|NC_029258.1_prot_XP_015627887.1_3849	GRMZM5G819320_T01.CDS	84.5	3.40e-129	376	966	586	282	278
lcl|NC_029258.1_prot_XP_015632142.1_3895	At1g23190	83.7	0.0	987	2552	582	584	583
lcl|NC_029258.1_prot_XP_015632142.1_3895	At1g70730	84.6	0.0	987	2552	582	663	585
lcl|NC_029258.1_prot_XP_015628694.1_3896	At3g17820	81.5	6.50e-234	636	1641	370	355	352
lcl|NC_029258.1_prot_XP_015632889.1_3902	GRMZM2G155323_T02.CDS	90.3	0.0	986	2548	602	607	555
lcl|NC_029258.1_prot_XP_015632889.1_3902	GRMZM2G569855_T01.CDS	92.3	1.11e-289	790	2041	602	430	427
lcl|NC_029258.1_prot_XP_015632889.1_3902	GRMZM2G569855_T02.CDS	92.8	8.72e-255	700	1807	602	387	377
lcl|NC_029258.1_prot_XP_015632889.1_3902	GRMZM2G155323_T01.CDS	90.0	2.37e-252	697	1798	602	453	400
lcl|NC_029258.1_prot_XP_015630317.1_3926	At1g24909	80.0	2.48e-119	337	864	273	223	195
lcl|NC_029258.1_prot_XP_015631723.1_3946	Potri.T059200	85.3	1.60e-319	864	2232	492	497	497
lcl|NC_029258.1_prot_XP_015631723.1_3946	Potri.004G075200	85.1	1.41e-318	862	2226	492	499	498
lcl|NC_029258.1_prot_XP_015631723.1_3946	Potri.004G075300	83.8	2.40e-315	853	2205	492	501	500
lcl|NC_029258.1_prot_XP_015631723.1_3946	Potri.008G141100	81.1	9.98e-303	822	2123	492	509	508
lcl|NC_029258.1_prot_XP_015631723.1_3946	Potri.T059300	82.3	5.85e-28	102	255	492	77	62
lcl|NC_029258.1_prot_XP_015632018.1_4064	At5g19220	82.5	1.60e-270	742	1915	511	523	441
lcl|NC_029258.1_prot_XP_015631546.1_4135	GRMZM2G149952_T01.CDS	85.9	4.15e-302	819	2115	477	488	488
lcl|NC_029258.1_prot_XP_015631546.1_4135	GRMZM2G051270_T01.CDS	85.1	1.49e-300	815	2105	477	490	490
lcl|NC_029258.1_prot_XP_015632959.1_4164	GRMZM2G460396_T01.CDS	93.2	0.0	1525	3948	1564	991	929
lcl|NC_029258.1_prot_XP_015632960.1_4165	GRMZM2G460396_T01.CDS	93.2	0.0	1525	3948	1549	991	929
lcl|NC_029258.1_prot_XP_015631440.1_4241	Potri.017G092000	89.0	0.0	874	2257	480	482	481
lcl|NC_029258.1_prot_XP_015631440.1_4241	Potri.004G118600	89.2	2.28e-319	862	2228	480	482	481
lcl|NC_029258.1_prot_XP_015631440.1_4241	Potri.008G094300	86.5	3.33e-314	849	2194	480	481	480
lcl|NC_029258.1_prot_XP_015631440.1_4241	Potri.010G159800	86.3	1.58e-312	845	2183	480	481	480
lcl|NC_029258.1_prot_XP_025879721.1_4315	GRMZM2G385622_T01.CDS	99.2	1.11e-262	716	1847	387	499	377
lcl|NC_029258.1_prot_XP_025879721.1_4315	GRMZM5G808402_T01.CDS	99.2	1.11e-262	716	1847	387	499	377
lcl|NC_029258.1_prot_XP_025879721.1_4315	GRMZM2G448389_T01.CDS	98.9	4.52e-262	714	1843	387	499	377
lcl|NC_029258.1_prot_XP_025879721.1_4315	AtCg00480	95.0	1.67e-250	685	1767	387	499	377
lcl|NC_029258.1_prot_XP_025879721.1_4315	GRMZM2G448142_T03.CDS	99.4	7.07e-226	620	1600	387	449	325
lcl|NC_029258.1_prot_XP_025879721.1_4315	GRMZM2G448142_T02.CDS	99.4	7.07e-226	620	1600	387	449	325
lcl|NC_029258.1_prot_XP_025879721.1_4315	GRMZM2G062854_T01.CDS	99.3	8.41e-199	550	1418	387	410	288
lcl|NC_029258.1_prot_XP_015631085.1_4398	Potri.011G162500	97.9	0.0	878	2268	444	446	433
lcl|NC_029258.1_prot_XP_015631085.1_4398	Potri.001G464400	97.7	0.0	875	2262	444	446	431
lcl|NC_029258.1_prot_XP_015631085.1_4398	Potri.006G095000	95.0	0.0	867	2239	444	445	440
lcl|NC_029258.1_prot_XP_015631085.1_4398	Potri.009G067200	94.6	0.0	866	2237	444	447	443
lcl|NC_029258.1_prot_XP_015631085.1_4398	Potri.016G033200	94.6	0.0	865	2234	444	451	442
lcl|NC_029258.1_prot_XP_015631085.1_4398	Potri.006G035400	95.2	0.0	864	2233	444	449	440
lcl|NC_029258.1_prot_XP_015631085.1_4398	Potri.009G067100	94.6	1.69e-320	862	2228	444	447	442
lcl|NC_029258.1_prot_XP_015631085.1_4398	Potri.003G125400	95.2	2.54e-320	862	2226	444	447	440
lcl|NC_029258.1_prot_XP_015631085.1_4398	Potri.009G040200	95.2	3.36e-320	862	2226	444	451	440
lcl|NC_029258.1_prot_XP_015631085.1_4398	Potri.001G106100	94.8	1.78e-319	860	2221	444	448	440
lcl|NC_029258.1_prot_XP_015631084.1_4710	GRMZM2G043453_T02.CDS	89.4	0.0	1159	2998	754	756	756
lcl|NC_029258.1_prot_XP_015631084.1_4710	At1g08520	87.4	0.0	1041	2693	754	761	683
lcl|NC_029258.1_prot_XP_015631084.1_4710	GRMZM2G043453_T01.CDS	88.7	0.0	1039	2687	754	693	688
lcl|NC_029258.1_prot_XP_015628119.1_4836	GRMZM2G003109_T01.CDS	83.4	0.0	967	2501	577	579	578
lcl|NC_029258.1_prot_XP_015628291.1_4860	GRMZM2G156516_T02.CDS	89.3	2.73e-143	396	1017	226	232	225
lcl|NC_029258.1_prot_XP_015628291.1_4860	GRMZM2G156516_T01.CDS	89.3	2.73e-143	396	1017	226	232	225
lcl|NC_029258.1_prot_XP_015628291.1_4860	GRMZM2G448446_T02.CDS	88.4	6.78e-143	395	1014	226	228	225
lcl|NC_029258.1_prot_XP_015628291.1_4860	GRMZM2G448446_T05.CDS	88.4	6.78e-143	395	1014	226	228	225
lcl|NC_029258.1_prot_XP_015628291.1_4860	GRMZM2G448446_T04.CDS	80.0	2.93e-123	344	883	226	207	225
lcl|NC_029258.1_prot_XP_015628292.1_4861	GRMZM2G156516_T02.CDS	89.3	2.73e-143	396	1017	226	232	225
lcl|NC_029258.1_prot_XP_015628292.1_4861	GRMZM2G156516_T01.CDS	89.3	2.73e-143	396	1017	226	232	225
lcl|NC_029258.1_prot_XP_015628292.1_4861	GRMZM2G448446_T02.CDS	88.4	6.78e-143	395	1014	226	228	225
lcl|NC_029258.1_prot_XP_015628292.1_4861	GRMZM2G448446_T05.CDS	88.4	6.78e-143	395	1014	226	228	225
lcl|NC_029258.1_prot_XP_015628292.1_4861	GRMZM2G448446_T04.CDS	80.0	2.93e-123	344	883	226	207	225
lcl|NC_029258.1_prot_XP_015632909.1_4943	Potri.005G139800	82.3	0.0	924	2388	560	560	541
lcl|NC_029258.1_prot_XP_015632909.1_4943	Potri.007G045400	80.8	0.0	916	2368	560	560	541
lcl|NC_029258.1_prot_XP_015633062.1_5069	At5g13280	81.2	1.45e-275	759	1959	565	570	478
lcl|NC_029258.1_prot_XP_015630445.1_5075	A0A7G2DUG9	83.9	2.06e-64	208	529	158	963	124
lcl|NC_029267.1_prot_XP_015619648.1_60	GRMZM2G088847_T03.CDS	92.4	4.16e-66	191	486	106	122	105
lcl|NC_029267.1_prot_XP_015619648.1_60	GRMZM2G088847_T01.CDS	92.4	4.16e-66	191	486	106	122	105
lcl|NC_029267.1_prot_XP_015619648.1_60	GRMZM2G088847_T04.CDS	93.3	4.88e-66	191	485	106	116	104
lcl|NC_029267.1_prot_XP_015619648.1_60	GRMZM2G088847_T05.CDS	93.3	4.88e-66	191	485	106	116	104
lcl|NC_029267.1_prot_XP_015619647.1_61	GRMZM2G088847_T04.CDS	93.0	3.51e-75	214	546	115	116	115
lcl|NC_029267.1_prot_XP_015619647.1_61	GRMZM2G088847_T05.CDS	93.0	3.51e-75	214	546	115	116	115
lcl|NC_029267.1_prot_XP_015619647.1_61	GRMZM2G088847_T03.CDS	93.3	8.55e-66	191	485	115	122	104
lcl|NC_029267.1_prot_XP_015619647.1_61	GRMZM2G088847_T01.CDS	93.3	8.55e-66	191	485	115	122	104
lcl|NC_029267.1_prot_XP_015619646.1_62	GRMZM2G088847_T03.CDS	92.6	5.68e-77	219	559	121	122	121
lcl|NC_029267.1_prot_XP_015619646.1_62	GRMZM2G088847_T01.CDS	92.6	5.68e-77	219	559	121	122	121
lcl|NC_029267.1_prot_XP_015619646.1_62	GRMZM2G088847_T04.CDS	93.3	1.28e-65	191	484	121	116	104
lcl|NC_029267.1_prot_XP_015619646.1_62	GRMZM2G088847_T05.CDS	93.3	1.28e-65	191	484	121	116	104
lcl|NC_029267.1_prot_XP_015619854.1_547	GRMZM2G001904_T01.CDS	87.1	2.91e-103	298	762	350	180	178
lcl|NC_029267.1_prot_XP_015620747.1_552	GRMZM2G118286_T01.CDS	89.7	0.0	1276	3302	698	699	698
lcl|NC_029267.1_prot_XP_015620250.1_555	GRMZM2G443495_T04.CDS	84.2	0.0	1004	2597	603	611	601
lcl|NC_029267.1_prot_XP_015620250.1_555	GRMZM2G053466_T06.CDS	80.9	9.36e-243	671	1732	603	425	414
lcl|NC_029267.1_prot_XP_015620250.1_555	GRMZM2G443495_T01.CDS	87.7	5.40e-224	621	1601	603	354	350
lcl|NC_029267.1_prot_XP_015620250.1_555	GRMZM2G443495_T02.CDS	87.4	2.19e-223	619	1597	603	354	350
lcl|NC_029267.1_prot_XP_015620250.1_555	GRMZM2G443495_T05.CDS	86.0	6.17e-217	603	1554	603	349	350
lcl|NC_029267.1_prot_XP_015618175.1_612	At4g08390	82.4	1.26e-166	464	1194	309	373	267
lcl|NC_029267.1_prot_XP_015618175.1_612	At1g77490	81.5	9.03e-163	456	1174	309	427	275
lcl|NC_029267.1_prot_XP_015619956.1_658	GRMZM2G088689_T04.CDS	82.5	2.06e-291	792	2046	487	489	486
lcl|NC_029267.1_prot_XP_015619956.1_658	GRMZM2G088689_T05.CDS	80.7	5.22e-212	587	1514	487	393	378
lcl|NC_029267.1_prot_XP_015619956.1_658	GRMZM2G088689_T08.CDS	81.0	1.96e-181	508	1308	487	347	327
lcl|NC_029267.1_prot_XP_015619956.1_658	GRMZM2G088689_T06.CDS	89.4	3.43e-171	478	1231	487	255	254
lcl|NC_029267.1_prot_XP_015619957.1_659	GRMZM2G088689_T04.CDS	82.5	2.06e-291	792	2046	487	489	486
lcl|NC_029267.1_prot_XP_015619957.1_659	GRMZM2G088689_T05.CDS	80.7	5.22e-212	587	1514	487	393	378
lcl|NC_029267.1_prot_XP_015619957.1_659	GRMZM2G088689_T08.CDS	81.0	1.96e-181	508	1308	487	347	327
lcl|NC_029267.1_prot_XP_015619957.1_659	GRMZM2G088689_T06.CDS	89.4	3.43e-171	478	1231	487	255	254
lcl|NC_029267.1_prot_XP_015619958.1_660	GRMZM2G088689_T04.CDS	82.3	3.98e-291	791	2044	486	489	485
lcl|NC_029267.1_prot_XP_015619958.1_660	GRMZM2G088689_T05.CDS	80.4	1.01e-211	587	1512	486	393	377
lcl|NC_029267.1_prot_XP_015619958.1_660	GRMZM2G088689_T08.CDS	80.7	3.80e-181	507	1306	486	347	326
lcl|NC_029267.1_prot_XP_015619958.1_660	GRMZM2G088689_T06.CDS	89.4	3.31e-171	478	1231	486	255	254
lcl|NC_029267.1_prot_XP_015619959.1_661	GRMZM2G088689_T04.CDS	82.3	3.98e-291	791	2044	486	489	485
lcl|NC_029267.1_prot_XP_015619959.1_661	GRMZM2G088689_T05.CDS	80.4	1.01e-211	587	1512	486	393	377
lcl|NC_029267.1_prot_XP_015619959.1_661	GRMZM2G088689_T08.CDS	80.7	3.80e-181	507	1306	486	347	326
lcl|NC_029267.1_prot_XP_015619959.1_661	GRMZM2G088689_T06.CDS	89.4	3.31e-171	478	1231	486	255	254
lcl|NC_029267.1_prot_XP_015618799.1_795	GRMZM2G162800_T02.CDS	88.0	3.26e-240	655	1689	395	391	392
lcl|NC_029267.1_prot_XP_015618799.1_795	GRMZM2G162800_T03.CDS	80.9	1.44e-104	304	778	395	210	209
lcl|NC_029267.1_prot_XP_015618800.1_796	GRMZM2G162800_T02.CDS	88.0	3.26e-240	655	1689	395	391	392
lcl|NC_029267.1_prot_XP_015618800.1_796	GRMZM2G162800_T03.CDS	80.9	1.44e-104	304	778	395	210	209
lcl|NC_029267.1_prot_XP_015620084.1_878	GRMZM2G009443_T01.CDS	95.1	0.0	1662	4303	919	922	921
lcl|NC_029267.1_prot_XP_015620084.1_878	GRMZM2G123922_T01.CDS	87.2	0.0	1515	3922	919	922	922
lcl|NC_029267.1_prot_XP_015620084.1_878	GRMZM2G001084_T01.CDS	86.2	0.0	1191	3082	919	897	734
lcl|NC_029267.1_prot_XP_015620085.1_879	GRMZM2G009443_T01.CDS	95.1	0.0	1662	4303	919	922	921
lcl|NC_029267.1_prot_XP_015620085.1_879	GRMZM2G123922_T01.CDS	87.2	0.0	1515	3922	919	922	922
lcl|NC_029267.1_prot_XP_015620085.1_879	GRMZM2G001084_T01.CDS	86.2	0.0	1191	3082	919	897	734
lcl|NC_029267.1_prot_XP_015620624.1_906	At4g24830	81.5	2.16e-258	709	1829	481	495	433
lcl|NC_029267.1_prot_XP_015620200.1_1056	Os12g0271700	100	6.14e-274	742	1915	414	414	414
lcl|NC_029267.1_prot_XP_015620200.1_1056	Os05g0582300	87.9	3.61e-231	633	1633	414	403	380
lcl|NC_029267.1_prot_XP_015620200.1_1056	GRMZM2G112728_T01.CDS	81.2	9.41e-230	630	1626	414	425	425
lcl|NC_029267.1_prot_XP_015620200.1_1056	GRMZM2G112728_T05.CDS	81.2	9.41e-230	630	1626	414	425	425
lcl|NC_029267.1_prot_XP_015620200.1_1056	GRMZM2G112728_T04.CDS	81.1	1.80e-222	612	1577	414	414	413
lcl|NC_029267.1_prot_XP_015620200.1_1056	GRMZM2G163809_T03.CDS	81.8	1.17e-207	574	1479	414	408	380
lcl|NC_029267.1_prot_XP_015620200.1_1056	GRMZM2G112728_T02.CDS	92.2	4.10e-159	444	1143	414	246	245
lcl|NC_029267.1_prot_XP_015620200.1_1056	GRMZM2G112728_T06.CDS	92.2	4.10e-159	444	1143	414	246	245
lcl|NC_029267.1_prot_XP_015620200.1_1056	GRMZM2G163809_T01.CDS	83.4	7.63e-116	333	854	414	207	205
lcl|NC_029267.1_prot_XP_015620200.1_1056	GRMZM2G115077_T01.CDS	83.6	1.34e-100	294	753	414	204	177
lcl|NC_029267.1_prot_XP_015620155.1_1288	Potri.017G092000	89.6	0.0	880	2273	480	482	481
lcl|NC_029267.1_prot_XP_015620155.1_1288	Potri.004G118600	89.4	3.93e-320	864	2233	480	482	481
lcl|NC_029267.1_prot_XP_015620155.1_1288	Potri.008G094300	86.5	1.42e-315	853	2203	480	481	480
lcl|NC_029267.1_prot_XP_015620155.1_1288	Potri.010G159800	86.0	1.92e-313	847	2189	480	481	480
lcl|NC_029267.1_prot_XP_015620482.1_1289	Potri.017G092000	89.0	0.0	874	2257	480	482	481
lcl|NC_029267.1_prot_XP_015620482.1_1289	Potri.004G118600	88.6	2.18e-317	857	2215	480	482	481
lcl|NC_029267.1_prot_XP_015620482.1_1289	Potri.008G094300	86.9	2.45e-316	855	2208	480	481	480
lcl|NC_029267.1_prot_XP_015620482.1_1289	Potri.010G159800	86.7	1.16e-314	850	2197	480	481	480
lcl|NC_029267.1_prot_XP_015620483.1_1290	Potri.017G092000	89.0	0.0	874	2257	480	482	481
lcl|NC_029267.1_prot_XP_015620483.1_1290	Potri.004G118600	88.6	2.18e-317	857	2215	480	482	481
lcl|NC_029267.1_prot_XP_015620483.1_1290	Potri.008G094300	86.9	2.45e-316	855	2208	480	481	480
lcl|NC_029267.1_prot_XP_015620483.1_1290	Potri.010G159800	86.7	1.16e-314	850	2197	480	481	480
lcl|NC_029267.1_prot_XP_015620484.1_1291	Potri.017G092000	89.0	0.0	874	2257	480	482	481
lcl|NC_029267.1_prot_XP_015620484.1_1291	Potri.004G118600	88.6	2.18e-317	857	2215	480	482	481
lcl|NC_029267.1_prot_XP_015620484.1_1291	Potri.008G094300	86.9	2.45e-316	855	2208	480	481	480
lcl|NC_029267.1_prot_XP_015620484.1_1291	Potri.010G159800	86.7	1.16e-314	850	2197	480	481	480
lcl|NC_029267.1_prot_XP_015620486.1_1292	Potri.017G092000	89.0	0.0	874	2257	480	482	481
lcl|NC_029267.1_prot_XP_015620486.1_1292	Potri.004G118600	88.6	2.18e-317	857	2215	480	482	481
lcl|NC_029267.1_prot_XP_015620486.1_1292	Potri.008G094300	86.9	2.45e-316	855	2208	480	481	480
lcl|NC_029267.1_prot_XP_015620486.1_1292	Potri.010G159800	86.7	1.16e-314	850	2197	480	481	480
lcl|NC_029267.1_prot_XP_015618915.1_1501	Os12g0491800	100	0.0	1626	4210	815	815	815
lcl|NC_029267.1_prot_XP_015619365.1_1545	GRMZM2G145578_T02.CDS	92.8	3.59e-194	532	1371	323	319	278
lcl|NC_029267.1_prot_XP_015619365.1_1545	GRMZM2G145578_T01.CDS	93.4	1.28e-158	439	1128	323	227	226
lcl|NC_029267.1_prot_XP_015619366.1_1546	GRMZM2G145578_T02.CDS	92.8	3.59e-194	532	1371	323	319	278
lcl|NC_029267.1_prot_XP_015619366.1_1546	GRMZM2G145578_T01.CDS	93.4	1.28e-158	439	1128	323	227	226
lcl|NC_029267.1_prot_XP_015618263.1_1817	At5g63310	83.2	2.99e-92	266	681	220	232	149
lcl|NC_029267.1_prot_XP_025877982.1_1818	At5g63310	83.2	4.97e-93	266	681	174	232	149
lcl|NC_029267.1_prot_XP_015618874.1_2253	GRMZM2G071987_T02.CDS	85.4	2.17e-159	441	1133	279	274	268
lcl|NC_029267.1_prot_XP_015619522.1_2336	AT3G63410	81.6	3.03e-176	489	1258	348	338	282
lcl|NC_029267.1_prot_XP_015619522.1_2336	At3g63410	81.6	3.15e-176	489	1258	348	339	282
lcl|NC_029267.1_prot_XP_015619521.1_2337	AT3G63410	83.1	1.06e-146	414	1064	351	338	231
lcl|NC_029267.1_prot_XP_015619521.1_2337	At3g63410	83.1	1.10e-146	414	1064	351	339	231
lcl|NC_029267.1_prot_XP_015620613.1_2359	At2g34590	86.2	1.33e-214	590	1522	391	407	341
lcl|NC_029267.1_prot_XP_015620613.1_2359	At1g30120	84.9	2.68e-214	590	1520	391	407	344
lcl|NC_029265.1_prot_XP_015613234.1_4	GRMZM2G120652_T01.CDS	88.8	3.91e-195	538	1386	313	414	320
lcl|NC_029265.1_prot_XP_015613234.1_4	GRMZM5G850015_T01.CDS	87.5	3.84e-193	529	1363	313	318	320
lcl|NC_029265.1_prot_XP_015614365.1_302	GRMZM5G898915_T05.CDS	83.8	1.14e-216	592	1525	362	337	334
lcl|NC_029265.1_prot_XP_015614365.1_302	GRMZM5G898915_T01.CDS	85.4	1.28e-186	513	1322	362	283	280
lcl|NC_029265.1_prot_XP_015614365.1_302	GRMZM5G898915_T03.CDS	85.4	1.28e-186	513	1322	362	283	280
lcl|NC_029265.1_prot_XP_015614365.1_302	GRMZM5G898915_T04.CDS	83.8	1.30e-75	226	576	362	134	130
lcl|NC_029265.1_prot_XP_015614365.1_302	GRMZM5G898915_T02.CDS	82.6	2.94e-75	226	575	362	148	132
lcl|NC_029265.1_prot_XP_015613539.1_351	GRMZM5G850015_T01.CDS	88.6	1.65e-16	69.7	169	117	318	35
lcl|NC_029265.1_prot_XP_015613539.1_351	GRMZM2G120652_T01.CDS	88.6	2.28e-16	69.7	169	117	414	35
lcl|NC_029265.1_prot_XP_025876686.1_380	GRMZM2G120652_T01.CDS	87.6	1.05e-57	184	467	219	414	105
lcl|NC_029265.1_prot_XP_025876686.1_380	GRMZM5G850015_T01.CDS	86.7	2.96e-57	180	457	219	318	105
lcl|NC_029265.1_prot_XP_015614961.1_441	At5g51820	82.3	0.0	964	2491	609	624	575
lcl|NC_029265.1_prot_XP_015614442.1_884	Potri.008G084800	85.1	0.0	975	2520	561	564	562
lcl|NC_029265.1_prot_XP_015614442.1_884	Potri.010G170000	85.1	0.0	974	2519	561	564	562
lcl|NC_029265.1_prot_XP_025876436.1_1313	GRMZM2G399212_T01.CDS	87.9	0.0	1660	4298	1871	1151	954
lcl|NC_029265.1_prot_XP_015612873.1_1381	A0A7G2DUG9	84.0	1.00e-64	209	532	164	963	125
lcl|NC_029265.1_prot_XP_025876782.1_1382	A0A7G2DUG9	84.0	1.00e-64	209	532	164	963	125
lcl|NC_029265.1_prot_XP_025876783.1_1383	A0A7G2DUG9	84.0	1.00e-64	209	532	164	963	125
lcl|NC_029265.1_prot_XP_015614945.1_1491	GRMZM2G036455_T01.CDS	90.0	3.91e-249	678	1749	402	397	400
lcl|NC_029265.1_prot_XP_015614945.1_1491	GRMZM2G073351_T02.CDS	89.5	5.30e-247	672	1735	402	397	400
lcl|NC_029265.1_prot_XP_015614945.1_1491	GRMZM2G073351_T03.CDS	83.9	2.12e-227	622	1603	402	366	398
lcl|NC_029265.1_prot_XP_015614945.1_1491	GRMZM2G073351_T01.CDS	91.9	7.45e-192	528	1361	402	285	284
lcl|NC_029265.1_prot_XP_015614945.1_1491	GRMZM2G073351_T04.CDS	91.9	7.45e-192	528	1361	402	285	284
lcl|NC_029265.1_prot_XP_015614945.1_1491	GRMZM2G084958_T02.CDS	81.8	1.75e-179	499	1285	402	336	297
lcl|NC_029265.1_prot_XP_015614945.1_1491	GRMZM2G084958_T01.CDS	81.8	9.38e-172	478	1229	402	286	285
lcl|NC_029265.1_prot_XP_015613749.1_1699	AtCg00120	86.7	1.35e-298	812	2097	503	508	503
lcl|NC_029265.1_prot_XP_015613806.1_1737	At4g25700	80.6	1.60e-119	342	876	292	311	201
lcl|NC_029265.1_prot_XP_015613806.1_1737	At5g52570	81.1	1.46e-118	339	869	292	304	201
lcl|NC_029265.1_prot_XP_015612795.1_1937	At5g12040	96.3	4.38e-14	63.9	154	137	370	27
lcl|NC_029265.1_prot_XP_015614612.1_2081	GRMZM2G121128_T01.CDS	88.8	1.89e-230	635	1639	458	459	365
lcl|NC_029265.1_prot_XP_015614612.1_2081	GRMZM2G473104_T01.CDS	89.1	5.37e-81	244	624	458	175	138
lcl|NC_029265.1_prot_XP_015614612.1_2081	GRMZM2G144245_T01.CDS	86.3	7.26e-72	220	560	458	143	124
lcl|NC_029261.1_prot_XP_015640980.1_67	Potri.005G112900	83.6	9.88e-206	565	1456	362	364	329
lcl|NC_029261.1_prot_XP_015640980.1_67	Potri.007G057200	83.0	4.67e-204	561	1445	362	364	329
lcl|NC_029261.1_prot_XP_015640980.1_67	At1g20020	84.0	4.76e-203	558	1439	362	370	325
lcl|NC_029261.1_prot_XP_015644133.1_273	Os06g0130400	100	0.0	1020	2637	542	542	542
lcl|NC_029261.1_prot_XP_015643207.1_304	At2g45290	85.4	0.0	1196	3094	743	742	678
lcl|NC_029261.1_prot_XP_015643207.1_304	At3g60750	82.1	0.0	1189	3075	743	742	709
lcl|NC_029261.1_prot_XP_015643046.1_305	At2g45300	81.8	1.10e-266	732	1890	515	521	446
lcl|NC_029261.1_prot_XP_015643046.1_305	At1g48860	81.6	1.08e-264	727	1877	515	522	446
lcl|NC_029261.1_prot_XP_025882057.1_340	Potri.007G013900	81.4	3.77e-210	577	1487	375	369	349
lcl|NC_029261.1_prot_XP_025882057.1_340	Potri.005G116200	80.5	6.23e-209	574	1479	375	369	349
lcl|NC_029261.1_prot_XP_015642900.1_504	GRMZM2G011319_T02.CDS	80.8	1.53e-274	759	1961	643	573	516
lcl|NC_029261.1_prot_XP_015643895.1_633	GRMZM2G127147_T03.CDS	80.4	0.0	1283	3320	841	813	811
lcl|NC_029261.1_prot_XP_015643895.1_633	GRMZM2G127147_T01.CDS	82.4	0.0	1263	3269	841	748	773
lcl|NC_029261.1_prot_XP_015641397.1_651	GRMZM2G167156_T02.CDS	82.5	1.64e-262	718	1853	476	471	468
lcl|NC_029261.1_prot_XP_015641397.1_651	GRMZM2G167156_T01.CDS	82.5	1.64e-262	718	1853	476	471	468
lcl|NC_029261.1_prot_XP_015641398.1_652	GRMZM2G167156_T02.CDS	82.7	2.35e-264	723	1865	475	471	467
lcl|NC_029261.1_prot_XP_015641398.1_652	GRMZM2G167156_T01.CDS	82.7	2.35e-264	723	1865	475	471	467
lcl|NC_029261.1_prot_XP_025882049.1_663	GRMZM2G167156_T02.CDS	91.1	1.78e-249	681	1757	384	471	382
lcl|NC_029261.1_prot_XP_025882049.1_663	GRMZM2G167156_T01.CDS	91.1	1.78e-249	681	1757	384	471	382
lcl|NC_029261.1_prot_XP_015642936.1_725	At4g31870	87.4	1.20e-107	306	784	234	234	167
lcl|NC_029261.1_prot_XP_015642936.1_725	At2g25080	84.8	1.55e-106	303	777	234	237	171
lcl|NC_029261.1_prot_XP_015640876.1_802	At5g46290	82.5	1.01e-267	731	1888	465	490	439
lcl|NC_029261.1_prot_XP_015641201.1_829	Potri.015G089600	82.7	1.09e-112	318	814	220	218	179
lcl|NC_029261.1_prot_XP_015641201.1_829	Potri.015G089400	80.6	1.73e-14	61.6	148	220	32	31
lcl|NC_029261.1_prot_XP_015641202.1_830	Potri.015G089600	82.7	1.09e-112	318	814	220	218	179
lcl|NC_029261.1_prot_XP_015641202.1_830	Potri.015G089400	80.6	1.73e-14	61.6	148	220	32	31
lcl|NC_029261.1_prot_XP_015643748.1_943	GRMZM2G120302_T01.CDS	81.3	0.0	1186	3069	721	716	727
lcl|NC_029261.1_prot_XP_015641788.1_1068	GRMZM2G048836_T01.CDS	81.8	0.0	1071	2769	686	692	699
lcl|NC_029261.1_prot_XP_015641050.1_1086	GRMZM2G072091_T01.CDS	82.6	7.84e-225	616	1588	397	389	397
lcl|NC_029261.1_prot_XP_015641050.1_1086	At1g66430	80.1	5.48e-189	525	1352	397	385	331
lcl|NC_029261.1_prot_XP_015642290.1_1474	GRMZM5G858454_T02.CDS	81.3	0.0	1160	3002	717	906	711
lcl|NC_029261.1_prot_XP_015642290.1_1474	GRMZM2G467338_T01.CDS	81.2	0.0	1155	2987	717	976	711
lcl|NC_029261.1_prot_XP_015642290.1_1474	GRMZM2G467338_T02.CDS	81.2	0.0	1155	2987	717	906	711
lcl|NC_029261.1_prot_XP_025881988.1_1760	GRMZM2G412611_T01.CDS	81.8	5.25e-06	46.2	108	810	1470	22
lcl|NC_029261.1_prot_XP_015643973.1_1809	At5g14780	83.0	8.97e-220	602	1552	376	385	353
lcl|NC_029261.1_prot_XP_015643466.1_1866	GRMZM2G412611_T01.CDS	83.7	0.0	2390	6195	1457	1470	1474
lcl|NC_029261.1_prot_XP_015643467.1_1867	GRMZM2G412611_T01.CDS	82.4	0.0	1908	4942	1203	1470	1209
lcl|NC_029261.1_prot_XP_015643657.1_2440	AT4G33010	81.9	0.0	1670	4325	1031	1038	1028
lcl|NC_029261.1_prot_XP_015643657.1_2440	At4g33010	82.0	0.0	1571	4067	1031	977	973
lcl|NC_029261.1_prot_XP_015644181.1_2467	At2g44530	81.9	2.22e-145	413	1062	361	395	254
lcl|NC_029261.1_prot_XP_015641999.1_2681	Os06g0646900	100	1.02e-292	788	2036	404	404	404
lcl|NC_029261.1_prot_XP_015641029.1_2827	At1g79530	84.1	5.51e-224	616	1588	415	423	372
lcl|NC_029261.1_prot_XP_015641029.1_2827	At1g16300	86.0	7.27e-224	615	1587	415	421	357
lcl|NC_029261.1_prot_XP_015644193.1_2844	At3g12780	82.0	2.24e-236	649	1674	401	482	399
lcl|NC_029261.1_prot_XP_015644193.1_2844	At1g56190	81.2	2.85e-236	649	1673	401	479	399
lcl|NC_029261.1_prot_XP_015643053.1_2853	GRMZM2G087598_T01.CDS	95.6	0.0	1236	3199	676	678	677
lcl|NC_029261.1_prot_XP_015643053.1_2853	GRMZM2G087598_T03.CDS	95.6	0.0	1236	3199	676	678	677
lcl|NC_029261.1_prot_XP_015643053.1_2853	GRMZM2G110408_T02.CDS	95.4	0.0	1236	3198	676	678	677
lcl|NC_029261.1_prot_XP_015643053.1_2853	GRMZM2G110408_T01.CDS	95.4	0.0	1236	3198	676	678	677
lcl|NC_029261.1_prot_XP_015643053.1_2853	GRMZM2G110408_T03.CDS	95.4	0.0	1236	3198	676	678	677
lcl|NC_029261.1_prot_XP_015643053.1_2853	GRMZM2G087598_T02.CDS	85.2	4.93e-09	48.9	115	676	47	27
lcl|NC_029261.1_prot_XP_015641145.1_2877	GRMZM2G164835_T01.CDS	81.0	0.0	1132	2927	723	737	712
lcl|NC_029261.1_prot_XP_015643315.1_2879	Potri.001G464400	98.4	0.0	877	2267	446	446	432
lcl|NC_029261.1_prot_XP_015643315.1_2879	Potri.011G162500	98.1	0.0	875	2260	446	446	432
lcl|NC_029261.1_prot_XP_015643315.1_2879	Potri.006G095000	96.1	8.51e-320	860	2223	446	445	432
lcl|NC_029261.1_prot_XP_015643315.1_2879	Potri.009G067200	96.1	1.27e-319	860	2222	446	447	432
lcl|NC_029261.1_prot_XP_015643315.1_2879	Potri.009G040200	96.3	1.51e-319	860	2222	446	451	432
lcl|NC_029261.1_prot_XP_015643315.1_2879	Potri.003G125400	96.1	5.17e-319	858	2218	446	447	432
lcl|NC_029261.1_prot_XP_015643315.1_2879	Potri.001G106100	95.8	7.61e-319	858	2217	446	448	432
lcl|NC_029261.1_prot_XP_015643315.1_2879	Potri.016G033200	95.6	8.57e-319	858	2217	446	451	432
lcl|NC_029261.1_prot_XP_015643315.1_2879	Potri.001G272800	95.6	1.01e-318	858	2216	446	446	432
lcl|NC_029261.1_prot_XP_015643315.1_2879	Potri.006G035400	95.8	1.13e-318	858	2216	446	449	432
lcl|NC_029261.1_prot_XP_015643567.1_3095	GRMZM2G048672_T01.CDS	86.1	3.12e-69	199	507	115	116	115
lcl|NC_029261.1_prot_XP_015643005.1_3165	At1g69740	83.5	3.39e-218	602	1552	426	431	363
lcl|NC_029261.1_prot_XP_015643007.1_3166	At1g69740	83.5	3.39e-218	602	1552	426	431	363
lcl|NC_029261.1_prot_XP_015643811.1_3382	GRMZM2G126361_T02.CDS	90.3	0.0	1159	2998	686	689	691
lcl|NC_029261.1_prot_XP_015643811.1_3382	GRMZM2G126361_T03.CDS	90.3	0.0	1159	2998	686	689	691
lcl|NC_029261.1_prot_XP_015643811.1_3382	GRMZM2G126361_T01.CDS	82.3	4.11e-181	516	1329	686	379	351
